12500	CG3207	【値下げOK】adidas Y-3 StanSmith Zip CG3207 - メルカリ
14700	KQ5473	adidasスリーストライプ フェイクレザー トラックトップ ブラウン X L - メルカリ
15000	CP9654	美品☆adidas YEEZY BOOST 350 V2 ゼブラ 26.5cm - メルカリ
46000	BB1839	adidas YEEZY Boost 750 Triple Black 27cm - メルカリ
14000	HR3445	希少 ベロアSST アディダス オリジナルス セットアップ 黒×黄 Sサイズ - メルカリ
15000	AC2130	き*こ様 アディダス 希少サイズ OT 限定 ファイヤーバードジャージ トラック - メルカリ
19999	443123	GUCCI✨グッチ✨財布✨マーモント✨イエロー✨ラウンドファスナー✨443123 - メルカリ
15000	327R	REGAL リーガル ストレートチップ 327R 黒 27.5cm EE - メルカリ
15600	CP9652	adidas Yeezy Boost 350 V2 ブラック - メルカリ
16000	KI0981	adidas スーパースターⅡ チャーム付　藤井風 着用モデル 黒 23.5cm - メルカリ
17000	F36640	希少サイズ　アディダスyeezy boost 500 31cm - メルカリ
25600	Q20917	猪*野様 あ*あ様 【極稀少・美品】adidas ジェレミースコット カモベア - メルカリ
30000	GX9445	【激レア】ジェレミースコット × アディダス 4.0 ホワイト 28cm - メルカリ
15000	JM2270	adidas Originals アディダス オリジナルス ビームス ジャケット - メルカリ
16500	E84210	ACミラン ロナウジーニョ 80番 マルディーニ引退記念パッチ付 - メルカリ
13000	GY0393	美品 adidas Mens Yeezy 500 High グレー 26.５cm - メルカリ
13000	BC0915	Y-3 Bashyo II 28.5cm ブラック アディダス×ヨウジヤマモト - メルカリ
14790	JW0109	adidas ワッフル トラック トップ JW0109 美品 XL - メルカリ
17000	JD5267 / JD5263	adidas ベッケンバウアー セットアップ 茶 Lジェンダーニュートラル - メルカリ
13000	IE4195	adidas SUPERSTAR 82 FI CORE 天然皮革 26.5cm - メルカリ
16100	IF9636	【希少】adidas JAPAN VH ロングブーツスニーカー 26.5cm - メルカリ
18000	JQ5838	adidas stansmith “FREIZEIT black - メルカリ
15000	HR3307	アディダス ベッケンバウアー ワッフルトラックジャケット　正規品 - メルカリ
16780	D65213	極稀少☆adidas × Jeremy Scott LETTERS マルチカラー - メルカリ
21000	ATS-19F	【極希少】adidas ヴィンテージ ジャージ デサント製 M ベージュ - メルカリ
13000	ll5763	3XL adidas ベッケンバウアー　トラックジャージll5763 - メルカリ
13500	810R	【美品】リーガル　プレーントゥ　ブラック　810R　25.5cm　REGAL - メルカリ
16800	FU9006	adidas YeezyBoost350 V2 Black - メルカリ
15800	585861	【極美品・希少】00sオールドアディダス トラックジャケット ベージュブラウン - メルカリ
15500	EH2272	Y-3/ワイスリー20SS YOHJIPROヨウジプロ/スニーカー/EH2272 - メルカリ
22000	IE0586	Wales Bonner adidas Samba Pony - メルカリ
16000	H05621	Y-3AJATU COURT HIG - メルカリ
14980	B35246	稀少☆adidas PROMODEL VINTAGE DX 天然皮革 廃盤モデル - メルカリ
17500	KD9377	adidas originals ベロア　トラックトップ　別注 - メルカリ
13000	FW5305	美品☆adidas × リーボック インスタポンプフューリー ブースト シトロン - メルカリ
13800	CQ3033	【美品・本革】アディダス スタンスミス CQ3033 リーコン USED - メルカリ
24000	DMT59	【3/31を目安に出品取り消し予定】アディダス 硬式 内野 グローブ - メルカリ
13400	CP9366	美品☆adidas YEEZY BOOST 350 V2 ホワイト 27.5cm - メルカリ
15000	adizero	adidas adizero Evo SL 28cm アディゼロ エボエスエル - メルカリ
13000	FY3855	adidas AFTERBURN N 8 NW TPU 10 - メルカリ
20000	HG8604	Y-3 Classic Uniform Cuffed Cargo Pants - メルカリ
13500	36640	【美品】YEEZY 500 Utility Blackブラック 【すぐ発送】 - メルカリ
62000	PROMO	ポケモンカード 日本代表のピカチュウ adidas コラボカード - メルカリ
18500	HA3204	アディダス キャディバッグ メンズ ゴルフ HA3204 DI849 9.5型 - メルカリ
42980	G44001	極稀少☆adidas × Jeremy Scott ピンクベア 人気モデル 廃盤 - メルカリ
13100	IS5612	m*n様 【美品/140入手困難】日本代表 Y-3久保建英 上下セット正規品 プ - メルカリ
13999	HR3307	アディカラークラシックスワッフルベッケンバウアートラックジャケット　HR3307 - メルカリ
14000	IX1974	【adidas × POP TRADING COMPANY】トラックジャケット - メルカリ
31000	GP3034	adidas by HYKE MOUNTAIN PONCH COAT - メルカリ
17800	ADS-4F	【超希少】80s デサント製 アディダス トラックジャケット 4号 L相当 紺 - メルカリ
60000	702387UVSAT	GUCCI × adidasミニトップハンドルバック - メルカリ
14800	FU9238	リーボック × アディダス ポンプフューリー ブースト ホワイト 28.5cm - メルカリ
17000	FL4147	adidas originals × FIORUCCI ジージャン 3本線 - メルカリ
15700	902s	I*i様 美品 REGAL Shoe&Co. リーガル シュー カンパニー サド - メルカリ
14000	B75571	美品adidas Yeezy 700 イージー　アディダス　ウェーブランナー - メルカリ
13800	FX7280	adidas Y-3 KAIWA カイワ スニーカー FX7280 25.5cm - メルカリ
13000	HQ9183	adidas Tobacco HQ9183 28.5cm - メルカリ
25000	CG2917	adidas × NEIGHBORHOOD × A BATHING APE - メルカリ
16500	s1585 / 779001	【adidas】スーパースター LX ☆黒☆レザースニーカー☆27.5cm - メルカリ
17000	S89500	ワイスリー ヨウジヤマモト アディダス 総柄 フィッシュテール ロングパーカ M - メルカリ
21500	HP1344	Y-3 M CLASSIC BOMBER / M　クラシック　ボンバー - メルカリ
13600	GT4278	アディダス ステラマッカートニー ウインドブレーカー ウエストポーチ付き 黒 M - メルカリ
14000	HQ9177	adidas TOBACCO for JOURNAL STANDARD - メルカリ
16880	HT6822	⭐️美品⭐️アディダス キャディバック ツアーダイナミック 9.5型 - メルカリ
17800	IY0054	アディダス　トラックジャケット　アーセナル　トレフォイルロゴ　エンジ　XL - メルカリ
14000	GY7164	にき様の専用です - メルカリ
15000	A2E001	Y-3 ワイスリー ナイロンコート パーカ マーブル柄 S ヨウジヤマモト - メルカリ
15800	SATS-44F	【希少】70s アディダス デサント製 トラックジャケット ジャージ 在原みゆ紀 - メルカリ
17200	3045SF	♥美品 SHETLANDFOX パンチドキャップトゥ リッジウェイソール - メルカリ
15500	IN1000	adidas ジャージ　トラックジャケット　ベッケンバウアー　マルーン - メルカリ
29000	IE9023	Adidas RADLANDER EQT GTX ラッドランダー 27.5cm - メルカリ
13000	CP9654	美品 adidas YEEZY BOOST 350 V2 Zabra 28cm - メルカリ
13000	F34243	美品　アディダス デトロイト ランナー ラフ シモンズ ブラック　26.0 - メルカリ
34500	H44806	美品 22SS Y-3 20周年 COACH JACKET コーチジャケット L - メルカリ
18980	EE9145	アディダス スタンスミス ドイツ製 天然皮革　ホワイト - メルカリ
17000	GX6941	adidas TOBACCO GRUEN アディダス タバコ グルーエン - メルカリ
19000	JW7326	アディダス　レディースファイヤーバード オーバーサイズトラックジャケット 2XL - メルカリ
14800	IS3322	adidas トラックジャケット L ベージュ/ブラウン - メルカリ
21500	IZ4032	adidas ファイヤーバード フェイクレザー トラックジャケット グリーンXL - メルカリ
13999	607999	【超美品】ノースフェイス ヌプシ グースダウン ベスト ブラック L - メルカリ
13000	HK7321	アディダス　REKIVE ウーブントラックトップ　緑　S 遠藤さくら - メルカリ
14000	ADIDAS	adidas Originals ハンドボール スペツィアル 23.5cm - メルカリ
14000	ID5960	adidas Originals Superstar 82 - メルカリ
15000	ID8709	【26.5cm】 JJJJound × adidas Samba Tobacco - メルカリ
15600	JS0644	adidas Harden Volume 9 ほぼ未使用 - メルカリ
14000	11239	Adidas 90s Fire Bird IV セットアップ - メルカリ
13200	IU2100	【美品】adidas ベッケンバウアー復刻 ドイツ代表　トラックジャケットM 白 - メルカリ
17000	EE6809	【美品/26㎝】アディダス × ヨウジヤマモト　コラボ　スニーカー　レザー　黒 - メルカリ
15500	IH9987	adidas STAN SMITH LUX 中田慎介 ブラウン 27.0 - メルカリ
13000	DV2031	アディダス TANAAMI HERO HOODIE 田名網敬一 2XL 黒 - メルカリ
13000	DH5789	adidas ベロア トラックジャケット ワインレッド 海外オリジナル - メルカリ
16500	U42612	極稀少☆adidas × Jeremy Scott パンダベア 人気モデル 廃盤 - メルカリ
27000	Q20917	【極稀少・美品】adidas ジェレミースコット カモベア カモフラ 廃盤モデル - メルカリ
15000	1203A270-203	asics GEL-QUANTAM KINETIC - メルカリ
16780	ATS-44F	希少　70s アディダス 西ドイツ製 トラックパンツ 緑 5 デサント - メルカリ
23000	BC0908	【初期モデル】Y-3 KAIWA BC0908 28.5cm 黒 白 箱付 廃番 - メルカリ
16000	GW8206	adidas TOBACCO GRUEN GW8206 27.0cm - メルカリ
25000	KC2216	adidas Thug Club TEAMGEIST SWEAT PANTS - メルカリ
14000	EE7951	adidas × RAF SIMONS スタンスミス EE7951 28cm - メルカリ
28490	IT6869	【完売品】adidas×clubhaus コラボ セットアップ S - メルカリ
13000	adicolor	adidas adicolor heritage M 70s - メルカリ
15000	FU9238	【美品】リーボック × アディダス ポンプフューリー ブースト ホワイト 27㎝ - メルカリ
22000	EA2561	mmemm様　アディダスバイステラマッカートニー　ロング　パデット - メルカリ
21500	M990BD3	Bodega(ボデガ) × New Balance 990V3 27cm - メルカリ
38000	KC2209	adidas Thug Club TEAMGEIST HOODED - メルカリ
18000	IW8925	FEAROFGOD×adidas athleticsパーカー【SizeXL】 - メルカリ
21000	KC2198	adidas × Thug Club TEAMGEIST LONG SLEEVE - メルカリ
13000	AH2203	アディダス イージーブースト350 V2 ベルーガ2.0 27.0cm - メルカリ
価格	型番	商品名
26000	E766-T000894	シチズン プロマスター チタン E766 パーペチュアル - メルカリ
77000	AST87-1002	【希少/生産終了】シチズン アストロデア AST87-1002 全天星座時計 - メルカリ
16800	E610-T018505	シチズン　アテッサ　エコドライブ　クロノグラフ　軽量スーパーチタン　 電波時計 - メルカリ
47610	H111-T019471	【稼動品】シチズン CITIZEN エクシード ユーロスソーラー 電波 腕時計 - メルカリ
20000	H430-T005705	稼働✨シチズン エクシード エコドライブ 電波時計 ゴールド H430 ローマン - メルカリ
17800	H610-T015581	シチズン　エコドライブ　 アテッサ　ジェットセッター クロノグラフ 軽量チタン製 - メルカリ
13800	E610-S104840	シチズン クロノグラフ　エコドライブ　ジャパネットコラボ　電波時計　20気圧防水 - メルカリ
80000	AR5000-68A/8826-T022812	ブランド：CITIZEN 商品名：エコドライブワン - メルカリ
13600	2425TH63	稼働　美品　CITIZEN　エコドライブ　４P石　ローマンインデックス　デイト - メルカリ
18000	VO10-6771F	CITIZEN クロノグラフ エコドライブ オルタナ VO10-6771F - メルカリ
48820	CC2006-61E	[稼働品] シチズン　サテライトウェーブF100 - メルカリ
23400	E660-S119944	付属品付き✨シチズン クロノグラフ ソーラー E660-S119944 - メルカリ
32600	AT6050-54E	【美品】シチズンアテッサ AT6050-54E - メルカリ
14000	1930-191064	【稼動品】シチズン CITIZEN エクシード EXCEED クォーツ 腕時計 - メルカリ
90000	EE1016-66A	【美品】シチズン エクシード 月暈 EE1016-66A 箱保付レディース腕時計 - メルカリ
16000	E820-S083460	シチズンコレクション エコ・ドライブ BL5594-59E ソーラー 動作良好 - メルカリ
25000	4390-432291	レア シチズン クラブラメール コスモサイン メンズ腕時計 星座 希少 動作良好 - メルカリ
27800	CB1120-50E	【美品】シチズンアテッサ CB1120-50E - メルカリ
19000	S075386	稼働 シチズン エコドライブ チタン クロノグラフ 黒文字盤 サファイアガラス - メルカリ
18800	H610-T018050	シチズンアテッサ　ダイレクトフライト　エコドライブ　電波時計　軽量チタン製 - メルカリ
78000	H800-T025871	美品【稼働】シチズン アテッサ 腕時計 電波ソーラー チタン JJ092 - メルカリ
16800	E610-T008739	シチズン　アテッサ　エコドライブ　クロノグラフ　軽量ブラックチタン　 電波時計 - メルカリ
48000	U680-T016685	【稼働】シチズン　プロマスター　スカイシリーズ　電波　アナデジ　腕時計　メンズ - メルカリ
	NJ0200-50M	【美品】CITIZEN シチズン TSUYOSA ツヨサ NJ0200-50M - メルカリ
17000	5439-F61583	シチズン エクシード　ペア ヴィンテージ　箱・取説 CITIZEN　クオーツ - メルカリ
80000	AQ4000-51E	CITIZEN シチズン　ザ・シチズン AQ4000-51E - メルカリ
	G011-S110645	希少 美品 稼働品 シチズン メンズ腕時計 レクタンギュラー ローマン クオーツ - メルカリ
40200	NY0120-52E	CITIZEN Promaster Marine 自動巻 200m フルセット - メルカリ
15400	H100-T018661	CITIZEN エクシード AT6000-61A H100-T018661 - メルカリ
25400	PMP56-3051	【稼働品】CITIZEN プロマスター E610 電波ソーラー クロノ デイト - メルカリ
58000	EC1160-71L	CITIZEN「xC」DEAR Collection 限定モデル - メルカリ
13400	H100-T010430	072稼働 CITIZEN Eco-Drive 腕時計 電波ソーラー - メルカリ
22000	BN0190-82E	【美品】CITIZEN プロマスター BN0190-82E ダイバーズ200m - メルカリ
29980	CB1120-50L	【稼動 付属品有】CITIZEN メンズ腕時計 アテッサ ソーラー電波 QZ - メルカリ
14200	EG7043-09W	稼働美品　CITIZEN　Kii: 　社外ベルト レクタンギュラー　EG7043 - メルカリ
53000	CB3044-55E	2025年9月購入 極美品 CITIZEN ATTESA スーパーチタン 腕時計 - メルカリ
23500	C651-T005543	【稼働/新品電池】シチズン　プロマスター　ナビホーク　アナデジ　腕時計　メンズ - メルカリ
18500	B642-S122147	CITIZEN CA704 96W クロノグラフ - メルカリ
50000	CB3030-76E	CITIZEN ATTESA Act Line CB3030-76E - メルカリ
16720	FT5853-700G	CITIZEN プロマスター エコドライブ E168 WR200 稼働品 - メルカリ
18500	E610-S062977	【良品発見様専用】CITIZEN シチズン　プロマスター　エコドライブ - メルカリ
21000	U600	a*a様 CITIZEN ブルーエンジェルス　エコドライブ腕時計 正規購入品　美 - メルカリ
31000	EC1147-52W	【サントリーニ島 様専用】CITIZEN クロスシー サクラEC1147-52W - メルカリ
34000	PMD56-2951	CITIZEN シチズン プロマスターLAND PMD56-2951エコドライブ - メルカリ
33800	AT8040-57E/H804-T018696	美品 シチズン アテッサ H804-T018696 腕時計 メンズ　ソーラー - メルカリ
24000	BN0190-15E	kick373jp@様専用 - メルカリ
13000	E610-S104840	シチズン クロノグラフ　エコドライブ　ジャパネットコラボ　電波時計　20気圧防水 - メルカリ
16500	BY0040-51F	シチズン アテッサ ダイレクトフライト ソーラー BY0040-51F 稼働 - メルカリ
16000	H504-S113644	希少 CITIZEN エコドライブ 腕時計 クロノグラフ デイデイト - メルカリ
87000	F900-S104611	【稼働/付属品】シチズン　プロマスター　サテライトウェーブ　GPS腕時計　メンズ - メルカリ
19900	ATD53-3001	CITIZEN シチズン ATTESA アテッサ　エコ ドライブ 電波ソーラー - メルカリ
35800	H820-T021701	限定品 シチズン アテッサ　AT9064-53A ダブルダイレクトフライト 美品 - メルカリ
23000	BN0190-15E	CITIZENプロマスターMARINシリーズ Eco-Drive 200m防水 - メルカリ
97000	CTQ57-0932	美品 CTQ57 0932 ザ シチズン 時計 A660 シルバー メンズ - メルカリ
15000	4-039858	稼働 Citizen Eagle Seven 4-039858 HST自動巻き - メルカリ
37000	NB1050-59E	【美品】シチズン　シチズンコレクション　メカニカル　NB1050-59E - メルカリ
21499	CB0134-00E	シチズン　プロマスターSKY CB0134-00E 中古美品 - メルカリ
34500	JV0000-01E	CITIZEN シチズン プロマスター - メルカリ
13000	EG3174-53D	シチズン　エコドライブ　シェル文字盤　スクエア　ダイヤベゼル　腕時計　動作未確認 - メルカリ
34500	BN0162-02X	シチズン　 プロマスターエコ・ドライブ BN0162-02X - メルカリ
35000	AT9025-55E	美品　シチズン　アテッサ　AT9025-55E 電波ソーラー　エコドライブ - メルカリ
32400	AR0080-66D	CITIZEN EXCEED AR0080-66D SomethingBlue - メルカリ
20000	H610-T016782	売り切りセール23820円→20000円CITIZEN ATTESA　電池交換済 - メルカリ
21500	BN0156-05E	本日限り値下げ‼️シチズン プロマスター マリンシリーズ - メルカリ
23600	CB5870-91L	【美品】シチズンコレクション CB5870-91L - メルカリ
24400	BL5590-55L	【極美品】シチズンコレクション BL5590-55L - メルカリ
19800	7828-H09971	美品 希少 シチズン プロマスターレイメイヤー7828 ワンピース チタン 稼働 - メルカリ
22800	H100-T018661	美品 CITIZEN エクシード AT6000-61A H100-T018661 - メルカリ
14800	E610-S104831	シチズン クロノグラフ　エコドライブ　ジャパネットコラボ　電波時計　20気圧防水 - メルカリ
16800	E610-S080584	シチズン クロノグラフ　エコドライブ　電波時計　チタン製ブラック　20気圧防水 - メルカリ
22000	NP3000-54L	CITIZEN シチズン NP3000-54L メカニカル 自動巻 裏スケルトン - メルカリ
22500	CB1120-50L	CITIZEN CB1120-50L アテッサ ネイビー　美品　初期型 - メルカリ
40000	AT8040-57E	【良品】シチズン CITIZEN アテッサ エコドライブ 電波ソーラー - メルカリ
16800	EW5572-56W	【美品】CITIZEN シチズン 時計 XC 【mizu Collection】 - メルカリ
17000	CB1020-54E	【koji様専用】シチズン クロスシー XC CB1020-54E - メルカリ
21380	H145-T018548	【電波ソーラー/新品電池/稼働】シチズン アテッサ エコドライブ 腕時計 チタン - メルカリ
15000	ES9354-69A	美品　シチズン クロスシー ティタニアライン レディース 電波ソーラー - メルカリ
24000	BN0156-05E	CITIZEN ダイバーズウォッチ ブラック　BN0156-05E - メルカリ
16000	E168-S100623	CITIZEN　エコドライブ　ダイバー　ブラック　E168-S100623 - メルカリ
233000	CC4065-61Y	【美品！！✨】CITIZEN アテッサ HAKUTO-R CC4065-61Y - メルカリ
49800	AT8044-57E	S様専用　コマ追加 シチズン AT8044-57E アテッサ 黒チタンコマ追加 - メルカリ
13000	H110-T011331	美品 CITIZEN アテッサ 電波ソーラー メンズ 腕時計 上位ライン チタン - メルカリ
22780	T005713	稼働 CITIZEN PROMASTER ダイバーウォッチ エコドライブ デイト - メルカリ
17000	E610-S104840	稼働 CITIZEN エコドライブ 電波ソーラー メンズ腕時計 - メルカリ
20000	T010601	CITIZEN ATTESA メンズ 腕時計 エコドライブ 夜行 シルバー 83 - メルカリ
26000	AT6074-56A	【美品】シチズンアテッサ AT6074-56A - メルカリ
35000	C12-00341-004	【稼働】シチズン クロスシー 世界限定2800本 サクラピンク ソーラー電波 - メルカリ
18800	H100-S098335	【美品・稼働】シチズン エコドライブ 電波ソーラー チタン H100 デイデイト - メルカリ
17500	H111-T013627	シチズンEXCEED エコドライブ 電波ソーラー 稼働品　メンズ 腕時計 - メルカリ
30000	4-180674-K	美品｜CITIZEN HOMER｜シチズン ホーマー｜エクシード｜ザ・シチズン - メルカリ
60000	CB0177-31E	シチズン CB0177-31E モンベルコラボ プロマスター 美品 バンド２本付 - メルカリ
68000	CC3085-51E	シチズン　アテッサ　アクトライン　ブラックチタンCC3085-51E - メルカリ
20000	H10A-T015123	CITIZEN ATTESA DURATECT titanium DayDate - メルカリ
22000	H106-T013414 / ATD53-2941	値下げ‼️CITIZEN ATTESA ブラックのチタン H106　新品電池 - メルカリ
	E610-S104831	シチズン アテッサ　エコドライブ　ジャパネットコラボ　電波時計　20気圧防水 - メルカリ
16980	E610-S074321	シチズン　アテッサ E610 クロノグラフ 電波ソーラー 新品電池 - メルカリ
22380	7828-H09971	CITIZEN Eco-Drive チタン ブラック　稼働品 - メルカリ
42000	E660-S118379	【稼働】ラグビー日本代表モデル シチズン アテッサ 腕時計 電波ソーラー チタン - メルカリ
13900	C660-S067634	【美品】シチズン プロマスター 電波ソーラー 腕時計 箱・取説・保証書付き 稼働 - メルカリ
19000	H610-T018050	【稼働】シチズン　アテッサ　エコドライブ　ワールドタイム　電波ソーラー　腕時計 - メルカリ
23800	ES9355-58A	【ES9355-58A】CITIZEN ‘シチズン 時計‘ クロスシー☆極美品☆ - メルカリ
22000	NJ0151-88X	CITIZEN TSUYOSA（シチズンコレクション）NJ0151-88M - メルカリ
95000	AT8285-68Z	美品 アテッサ シチズン HAKUTO-RコラボAT8285-68Z - メルカリ
72000	AT8188-64L	シチズン アテッサ AT8188-64L Schwarzwald様専用 - メルカリ
30400	AT3055-57L	【稼働品】CITIZENアテッサ 30周年記念限定品BKチタン AT3055 - メルカリ
53500	AT8041-54L	【限定】シチズン アテッサ 星空デザイン AT8041-54L 電波ソーラー - メルカリ
20000	H504-S079136	【稼働】 シチズン エコドライブ シェル文字盤 シルバー クロノグラフ 箱付き - メルカリ
29000	4MJ732-N06	CITIZEN 鳩時計 カッコーチロリアンR－26 - メルカリ
18320	H111-T011381	美品 シチズン エクシード エコドライブ ソーラー電波 メンズ腕時計 動作良好 - メルカリ
70000	BN0166-01L	【希少・美品】シチズン プロマスター ダイバーズ BN0166-01L - メルカリ
13580	H410	【電波ソーラー/稼働】シチズン シェル文字盤 エクシード 腕時計 チタン メンズ - メルカリ
20200	BL5495-72E	【美品】シチズンコレクション　BL5495-72E - メルカリ
52100	PMP56-2911 / E610-T008313	☆新品二次電池　美品　プロマスター　電波ソーラー　軽量チタン　アラーム　E610 - メルカリ
34000	CB5009-55E	【極美品】シチズン 腕時計　プロマスター パイロットウォッチ　メンズ - メルカリ
価格	型番	商品名
22000	4093	CHANEL シャネル メガネ サングラス ココマーク リムレス メタル - メルカリ
15000	GG1498SK	GUCCI GG 1498SK ウェリントン サングラス ウェブライン - メルカリ
13000	OO9349-2853	OAKLEY オークリー　LATCH ラッチ　Prizm Black 偏光レンズ - メルカリ
51280	Z2004E	【美品】ルイヴィトン サングラス Z2004E モノグラム ブラック - メルカリ
35000	Z1583E	LOUIS VUITTON ワイメア サングラス - メルカリ
13000	2461	CHANELシャネル サングラス ココマーク べっ甲柄 02461 ヴィンテージ - メルカリ
16000	4067	CHANEL　シャネル　ツーポイント・リムレスサングラス　4067 美品 - メルカリ
13000	TF752	TOMFORD トムフォード　サングラスTF752 ブラック - メルカリ
31000	Z1502E	ルイヴィトン　1.1 エビデンス Z1502Eサングラス　ブラック - メルカリ
13100	1450	iooooooooo様専用 シャネル サングラス サイドマトラッセ べっ甲調 - メルカリ
15800	6014	CHANEL シャネル サングラス 6014 C538/13 ブラウンレンズ - メルカリ
13000	ML0107-K	美品 モンクレール サングラス ML0107-K 01A ブラック スクエア - メルカリ
27800	Z1052E	mako様ご専用⭐︎LOUIS VUITTON⚜️サングラス ラウンド型 - メルカリ
49888	MM110	Maison Margiela x GENTLE MONSTER MM110 - メルカリ
14000	OO9250A-0357	OAKLEY オークリー サングラス アクチュエーター　　プリズム タングクテン - メルカリ
36000	BB0096S	【正規品】BALENCIAGA BBロゴ サングラス ケース付き - メルカリ
29900	DUNS01	GENTLE MONSTER ジェントルモンスター DUNS01 サングラス - メルカリ
21100	5022	Ray-Ban WAYFARER B&L 5022 U.S.A サングラス - メルカリ
22000	5113	❤️ シャネル サングラス 5113 カメリア ココマーク 茶 - メルカリ
13500	OO9271-5737	OAKLEY オークリー FLAK 2.0 アジアンフィット 偏光レンズ - メルカリ
22500	04-515	OAKLEY サングラス MINUTE2.0 (04-515）オークリー - メルカリ
19000	SPR / 1AB-3M1	【美品】PRADA サングラス ブラック ※購入時の物が全て揃っています - メルカリ
16000	RB4379D	Ray-Ban クリアフレーム サングラス　RB4379D - メルカリ
18000	spr17w	yamabou様専用ページ - メルカリ
13000	ME-23	銘品晴夫作 ME-23 鯖江眼鏡 (made in Japan) - メルカリ
25000	Z1861E	N*K様 ルイヴィトン サングラス Z1861E ブラック 本体のみ - メルカリ
26100	FT5254	TOM FORDトムフォード 眼鏡 ヴィンテージ 丸メガネ FT5254ブラック - メルカリ
14800	TF	ティファニー Tiffany サングラス TF 4171-F アイウェア - メルカリ
16000	1450	【美品】シャネル サングラス ココマーク マトラッセ 鼈甲 CHANEL 正規品 - メルカリ
15000	W2953	【希少・極美品】B&L ボシュロム製 レイバン W2953 べっ甲 オーバル - メルカリ
34000	Z1319U	激レア/ヴァージル期【極美品】ルイ・ヴィトン 2054 サングラス Z1319U - メルカリ
13500	5278-A	極美品CHANEL シャネル サングラス 5278-A ココマーク - メルカリ
17000	4164-B	シャネル カメリア ストーン 茶 グラデ シールド サングラス 美品 30F - メルカリ
16500	OV1309ST	OLIVER PEOPLE ブルー レンズ サングラス - メルカリ
23000	TF5831-F-B	TOM FORD★トムフォード TF5831-F-B ECO 001★ - メルカリ
15180	1601	ayame Plage 別注 1601 サングラス 眼鏡 プラージュ アヤメ - メルカリ
24800	4117-B	シャネル【美品】CHANEL サングラス 4117-B 62□16　ココマーク - メルカリ
16500	5159	美品✨️　CHANEL　サングラス　フェイクパール　ブラック - メルカリ
20700	TF801	【ロゴ刻印】TOM FORD トムフォード サングラス TF801-K Geno - メルカリ
27000	TSUKIYOMI	黒×グレーグリーン／NOCHINO OPTICAL TSUKIYOMI #2. - メルカリ
22000	CL40233I-4948E	hana 様専用⭐︎ - メルカリ
14900	1452	CHANEL べっ甲柄 サングラス ロゴ付き　ケース付き - メルカリ
14000	GG1403SK	Chotzzy様 専用 GUCCI グッチ サングラス GG1403SK 001 - メルカリ
17999	DANN	【極美品】DANN+ MADNESS AKIRA & SONS - メルカリ
14999	F-30NPM	【極美品】999.9/フォーナインズ　F-30NPM - メルカリ
13500	1450	ポロの和様 CHANEL シャネル サングラス マトラッセ ココマーク ブラック - メルカリ
23000	VICE	お値下げ　OLIVER GOLDSMITH VICE CONSUL-s - メルカリ
14000	OO9250A-0157	OAKLEY アクチュエーター メーカー型番OO9250A-0157 - メルカリ
27000	4002	CHANEL サングラス グラデーションリムレス ココ マーク 4002 - メルカリ
55800	MM210	GENTLE MONSTER サングラス - メルカリ
14500	GG	美品 グッチ サングラス ホースビット 眼鏡 15625 - メルカリ
20000	BOSTON	美品 ayame BOSTON UVカット ボストン アヤメ サングラス 眼鏡 - メルカリ
24980	OP-29D-T	【クレさん様専用】オリバーピープルズ　OP-29D-T S - メルカリ
15500	5248-A	CHANEL カメリア ココマーク　5248-A グラデーション　サングラス - メルカリ
13000	2461	CHANEL ブラック サングラス ケース付き - メルカリ
55000	RW4012	Ray-Ban ブラック Wayfarer GEN2(第2世代) - メルカリ
16500	gg2499/s	archive GUCCI GG2499S スクエア サングラス ブラックY2K - メルカリ
14300	GG2456	GUCCI sunglasses archive y2k 00s clear - メルカリ
13999	ITALY	CHANEL sunglasses brown ケースなし - メルカリ
21000	string	EFFECTOR string SPM サンプラチナ サングラス エフェクター - メルカリ
30900	OO9529-0161	【今週限定値下げ】Oakley Plantaris White - メルカリ
19500	gp-05/n	guepard ギュパール 眼鏡 ブラック 05 サングラス　クリアブルー黒縁 - メルカリ
	Insider	【極美品】DITA/ディータ Insider DRX-2003A-56.5 - メルカリ
32000	TF1040D	サングラス TOM FORD （トムフォード） - メルカリ
15000	W1982	【希少】B&L Ray-Ban オリンピアン VI DX W1982 ゴールド - メルカリ
13000	6014	CHANEL シャネル　サングラス　ココマーク　ブラウン - メルカリ
15800	SL	SAINT LAURENT PARIS サンローラン サングラス ブラック正規品 - メルカリ
38000	DTS518-50-03AF	極美品 DITA ディータ MONTHRA マンスラ 至高のチタン サングラス - メルカリ
17000	GI0296	LOUIS VUITTON ルイ ヴィトン サングラスケース GI0296 中古 - メルカリ
34000	4017	【なご様専用】CHANEL ベージュ ラウンド型 サングラス　ヴィンテージ - メルカリ
16666	5065	CHANEL シャネル サングラス 5065 ココマーク べっ甲 - メルカリ
19900	04-327J	OAKLEY オークリー サングラス 04-327J STRAIGHT ブラック - メルカリ
14500	RB3447	レイバン ラウンドメタル RB3447 9065/I5 エヴォルヴ 調光 ブルー - メルカリ
18800	HEATH	Eyevol HEATH Ⅲ サングラス ブラック/イエロー - メルカリ
21800	3294-B-A	CHANEL サングラス 3294-B-A ココマーク レザー チェーン 黒 - メルカリ
44000	5414	CHANEL サングラス 5414 ココマーク ブラック バイカラー ベージュ - メルカリ
16100	HEP	美品✨OLIVER GOLDSMITH HEP(1963) サングラス　度なし - メルカリ
13500	GG	GUCCI グッチ サングラス インターロッキングハート - メルカリ
20000	2461	本日限定セール⭐️ CHANEL サングラス ココマーク - メルカリ
27000	S-C510N	【極美品】SUNSHIFT by BJ CLASSIC S-C510N - メルカリ
	Z0134E	ルイヴィトン モノグラム フラワー ラインストーン サングラス ラメ入り 403 - メルカリ
17110	KC-09	美品 金子眼鏡 KC 09 木目 セルロイド 職人眼鏡 サングラス 眼鏡 黒 - メルカリ
15000	Z0032E	Louis Vuitton ブラウン サングラス - メルカリ
14500	TF121	TOM FORD トムフォード TF121 Y2K サングラス - メルカリ
18500	OO9096	OAKLEY SI FUEL CELL マルチカム サングラス 希少 ミリタリー - メルカリ
14000	ML0225	MONCLER ML0225 偏光レンズ モンクレール サングラスML0225 - メルカリ
22000	PR19WS	【正規品】PRADA サングラス PR19WS ブラック スクエア 人気モデル - メルカリ
14000	MOD	y2k 90s 00s VERSACE sunglasses archive - メルカリ
13100	GG2419	GUCCI グッチ サングラス オーバル ロゴプレート フルリム y2k 度なし - メルカリ
15000	TF392-F	【良品】TOM FORD サングラス Karlie TF392-F - メルカリ
15000	TF608	TOM FORD ラウンドサングラス Alissa-02 TF608 - メルカリ
19000	4067	美品 CHANEL シャネル サングラス 4067 c124/61 ココマーク - メルカリ
17500	oo9227-0273	ユ*ル様 Oakley Kaast ハイブリッジフィットサングラス - メルカリ
32000	5113	CHANEL シャネル サングラス 5113 カメリア 黒 オーバル - メルカリ
16000	009157-02	超希少　oakley TWENTY XX サングラス - メルカリ
13580	4121	美品✨️　CHANEL　サングラス　アビエーター　パイロット　ティアドロップ - メルカリ
34500	Z0301U	美品 LOUIS VUITTON ルイヴィトン サングラス ダミエ Z0301U - メルカリ
24000	W1344	【希少美品】80s RAY-BAN B&L W1344 48□18 砂打ち - メルカリ
14800	GG0881	GUCCI sunglasses GG Horsebit gold - メルカリ
15000	U-071	美品 YUICHI TOYAMA × Name U 071 Pete サングラス - メルカリ
52000	RB3447	【美品】レイバン ラウンドメタル RB3447 9065/V9 エヴォルヴ 調光 - メルカリ
25500	Stanford	【極美品】Buddy Optical/バディオプティカル Stanford - メルカリ
価格	型番	商品名
22000	887KNM1	JULIUS ドレープニット - メルカリ
15800	376186	レア美品✨グッチ◇日本50周年記念フラップ長財布　フローラスウィングくすみピンク - メルカリ
46000	M30824	さきちゃん様ルイヴィトン タイガ ヤランガ M30824 ショルダーバッグレザー - メルカリ
13999	1116-S127386	値下げ！美品！ポールスミス 腕時計 クローズドアイズ ミリタリー - メルカリ
17000	501XX-501	w36 リーバイス66復刻 66501XX 501 ダブルネーム 赤耳 W36 - メルカリ
28000	737-17933	美品 PORTER HYBRID デイパックリュック 防水 ビジネス ブラック - メルカリ
20780	2200-228481TA	新品電池/極美品/稼働 イヴサンローラン ゴールド文字盤 2200-228481 - メルカリ
68000	M13579	新作 2025年春夏 ギンコイエロー ルイヴィトン リサ アンプラント 財布 - メルカリ
15000	GST-W110-1AJF	稼働 カシオ G-SHOCK G-STEEL 黒 電波ソーラー アナデジ - メルカリ
17000	D121003	Danner Field ダナーフィールド 27.5 D121003 - メルカリ
	M51151	ルイヴィトントートバッグ　カバメゾ - メルカリ
14300	C02691	COLE HAAN キルトタッセルローファー レザー ブラック 27.5cm - メルカリ
16500	9311	極美品✨フェリージ　9311 ショルダーバッグ ナイロン A4収納 - メルカリ
	VI0930	【LOUIS VUITTON】キーポル50 エピ　ボストンバッグ　ブラック - メルカリ
13000	OO9349-2853	OAKLEY オークリー　LATCH ラッチ　Prizm Black 偏光レンズ - メルカリ
17300	A1J3W	G*g様 【美品】ティンバーランド ブーツ オールブラック 26.5cm - メルカリ
14300	594311	メ*ン様 バレンシアガ フラグメントケースカードケースコインケース（ネイビー） - メルカリ
77000	GWG-B1000EC-1AJF	カシオ Gショック GWG-B1000EC-1AJF 電波ソーラー ブラック系 - メルカリ
32300	M61873	ルイヴィトン ジッピーウォレット エピ 長財布 ラウンドファスナー ネイビー - メルカリ
13000	5550 / 505XX	ことは様専用 EDWIN セットアップ 上下 セルビッチ 赤耳 日本製 濃紺 - メルカリ
28000	V172-0AL0	【希少/稼働】SEIKO V172-0AL0 プロスペックス ソーラー 腕時計 - メルカリ
33000	M74268	junrisin様ルイヴィトンM74268 エトール モンテカルロ ストール - メルカリ
145000	AM/2600L	CAROL CHRISTIAN POELL グッドイヤー ダービー シューズ - メルカリ
22000	M62914	カンキチ様専用ルイヴィトン タイガ アルドワーズ コインカードホルダー - メルカリ
24000	5B21-0AA0	【稼働】セイコー ブライツ 腕時計 電波ソーラー チェッカー文字盤 JJ105 - メルカリ
22900	FCRB-232040	希少23-24AW FCRB TECH SWEAT TRAINING PANTS - メルカリ
25000	J14062	60年製　SEIKO　ジャイロマーベル　腕時計　自動巻き　後期モデル　動作確認済 - メルカリ
57000	M45236	✴︎極美品✴︎ルイヴィトン モノグラム アマゾン ショルダーバッグ - メルカリ
35000	M32782	ルイヴィトン タイガ ネオイゴール ビジネスバッグ レザー - メルカリ
46000	BB1839	adidas YEEZY Boost 750 Triple Black 27cm - メルカリ
15000	C0773-10619	A285【美品】COACH／コーチ　ワンショルダー　ハンドバッグ　シグネチャー - メルカリ
18000	PSN224	ポールスミス　シティエンボストートバッグ　ネイビー - メルカリ
15000	DW-6900CB	G-SHOCK クレイジーカラー - メルカリ
19800	N63544	LOUIS VUITTON ダミエ ポルトフォイユ・エミリー ルージュ - メルカリ
71000	N48224	ルイヴィトン ポルトドキュマンジュール PDJ ダミエグラフィット　N48224 - メルカリ
40000	TA0159	ルイヴィトン エクリプス ポシェットヴォワヤージュMM M61692 - メルカリ
27200	544473	ひつじの703様　売約済み品　✅【美品】 メンテ済み グッチ　GUCCI - メルカリ
41000	M69353	ルイヴィトン長財布 ジッピーウォレット ジャイアント リバース モノグラム 箱 - メルカリ
31000	M62581	M.I様 ルイヴィトン モノグラム ジッピーオーガナイザー NM 財布 - メルカリ
17000	H246-T023134	稼働品 CITIZEN xC H246 電波ソーラー 5Pダイヤ レディース - メルカリ
	WH-6903S	WH 干場別注　スエードサイドジップ　ペコスブーツ　美品　サイズUS6.5 - メルカリ
13800	59132	【美品】COACH コーチ サッチェル ダコタ ショルダーバッグ 2way - メルカリ
26800	575738	美品✨GUCCI GGロゴ　インターロッキング　トラックパンツXL確実正規品 - メルカリ
	M60017	セール！ルイヴィトン モノグラム ジッピーウォレット ラウンドファスナー 長財布 - メルカリ
59800	M51130	LOUIS VUITTON(ルイヴィトン)Brandear（ブランディア）バッグ - メルカリ
30000	1MH043	極美品✨プラダ ヴィッテロダイノ 1MH043 三角ロゴ 三つ折り財布 ベージュ - メルカリ
40000	H526Y22X12	【301】LOEWE アナグラム ネオンロゴ Tシャツ ピンク 刺繍 XL - メルカリ
15000	9638R	ブーツ SANDERS サンダース - メルカリ
	YA086318/8600M	稼働　電池交換済み　GUCCI　8600M　Gメトロ クロノグラフ　腕時計 - メルカリ
	H111-T019471	【稼動品】シチズン CITIZEN エクシード ユーロスソーラー 電波 腕時計 - メルカリ
17000	NP61800	THE NORTH FACE MOUNTAIN JACKET NP61800 - メルカリ
25000	NP62236	THE NORTH FACE マウンテンライトジャケット メンズ NP62236 - メルカリ
30000	OCW-P500TDJ-1A1JF	美品/稼働 CASIO オシアナス カシャロ 電波タフソーラー OCW-P500 - メルカリ
13700	181668	良品　GUCCI シェリーライン　ゴールドプレート　長財布　アイボリー - メルカリ
51280	Z2004E	【美品】ルイヴィトン サングラス Z2004E モノグラム ブラック - メルカリ
110000	DM7866-162	Travis Scott × Nike Air Jordan 28 - メルカリ
35000	Z1583E	LOUIS VUITTON ワイメア サングラス - メルカリ
62800	M54032	かな様ルイヴィトン エピ バサーノMM M54032 2way ビジネスバッグ - メルカリ
13900	NP11834	希少 ノースフェイス マウンテンライトジャケット ベージュ　M - メルカリ
40000	256899	グッチ ミニショルダーバッグ GG - メルカリ
	W7100013	​【正規OH済】 CARTIER W7100013 カリブルドゥカルティエ - メルカリ
28000	M60612	☆美品☆ルイヴィトン 折り財布 ポルトフォイユマルコ エピ ノワール ブラック - メルカリ
117700	M54380	ルイヴィトン アルマンド トリヨン ブリーフケース 2way ショルダー MM - メルカリ
	10B573BEL	CELINE 三つ折り財布 スモールトリフォールドウォレット セリーヌ - メルカリ
29000	721923	グッチ 721923 XDB56 GGカフ フレア デニムパンツ 26(S) - メルカリ
25000	bo-24s-p02	barbell object knee pt バーベルオブジェクト - メルカリ
53800	M30182	［極美品］LOUIS VUITTON タイガ バイカル クラッチバッグ ブラック - メルカリ
40000	SUBF263	departure83様　専用 - メルカリ
15900	035 / 9951	極美品　GUCCI グッチ GGキャンバス×レザー Wホック 二つ折り財布 - メルカリ
350000	SV925	カルチェ マスト タンク GM(XL) 2413 - メルカリ
25000	D17-77011-051	【付属品有】ダンヒル ダイバー 200m防水 デイト 青文字盤 レディース 不動 - メルカリ
13000	2461	CHANELシャネル サングラス ココマーク べっ甲柄 02461 ヴィンテージ - メルカリ
75000	TILBURY	928 JOHN LOBB TILBURY プレステージライン 6EE 7000 - メルカリ
	689011	Salvatore Ferragamo ベージュリボンパンプス - メルカリ
	B7665	PRADAプラダ ハラコハンドバッグカヴァリーノ - メルカリ
	N41119	美品★LOUIS VUITTON N41119 ダミエ エベヌ ヴェローナGM - メルカリ
18000	383 / 522915	GUCCI グッチ 二つ折り 財布 アニマリエ ビー 蜂 ブラック 付属品有 - メルカリ
	F10926	COACH SOHO ONESHOULDERBAG BLACK F10926 - メルカリ
29900	GI0296	値下げ　美品 ルイヴィトン VUITTON サングラス ケース　GI0296 - メルカリ
32000	B5000	★CASIO G-SHOCK GMW-B5000メタル 電波ソーラー 稼働品 - メルカリ
138000	SBDC213	SEIKO プロスペックス SBDC213 （国内2,000本限定） - メルカリ
16000	a0616	【美品✨】 マグナーニ プレーントゥ ビジネスシューズ 9762 NEGRO 黒 - メルカリ
340000	VCARP7U600	美品　ヴァンクリーフ&アーペル　フォルサチェーン　70cm K18YG - メルカリ
51900	M93616	Yui様 ルイヴィトン ダミエジェアン エクスプロラトゥール M93616 - メルカリ
28000	162417	専用■グッチ シマレザー GG ボディバッグ ウエストバッグ ナイロン ブラック - メルカリ
30000	km-513	セイコー V147-0CB0 プロスペックス ダイバーズ 稼働品 200本限定 - メルカリ
80000	N41568	ルイ ヴィトン ジェイクメッセンジャー PM ダミエ LOUIS VUITTON - メルカリ
14800	53741	COACH コーチ ドリーマー ティーローズ ハンドバッグ デニム レザー - メルカリ
170000	M44388	極美品 ルイヴィトン モノグラム シャドウ ディスカバリー バムバッグ レザー - メルカリ
49999	B5000D	美品 G-SHOCK GMW-B5000D-1CJF フルメタル 電波ソーラー - メルカリ
	POHT551D204	BALMAIN バイカーデニム 蛇腹 ブラックウォッシュ デニムパンツ 黒 - メルカリ
44100	LB193-JK02	ポ*ド様 LITTLEBIG 19AW セットアップ リトルビッグ - メルカリ
19000	374 / 523153	グッチGUCCI オフィディア 長財布 スプリーム シェリーライン PVC シマ - メルカリ
105100	L1	ア*ロ様 ロンジン　コンクエスト　ヘリテージ - メルカリ
100000	J01195	美品 エルメス クリック12 コンパクト ウォレット エプソン エトゥープ - メルカリ
	M67728	極美品 レア ルイヴィトン エピ × モノグラム エクリプス 新型 ブラザ NM - メルカリ
	M45254	★美品★ルイヴィトン モノグラム クロスボディ ショルダーバッグリポーターPM - メルカリ
	0205-BRIN722	151,800円　HEVO イタリアBRINDISI ダブルブレスト　ベルテッド - メルカリ
15500	N63084	【美品】ルイヴィトン ロン モデュラブル ダミエ グラフィット カードケース - メルカリ
15200	MT4103-0605	T*8様 maatee＆sons linen shirt 3yellow - メルカリ
60000	M81071	✨超極美品 現行モデル✨ルイヴィトン ポルトフォイユ メティス コンパクト - メルカリ
26500	43513X	Danner コンバットハイカー 43513X - メルカリ
16000	4067	CHANEL　シャネル　ツーポイント・リムレスサングラス　4067 美品 - メルカリ
18000	L49159000	【最終値下げ❗️】サロモン SPEEDCROSS 6 GTX 20Y - メルカリ
23300	N63209	良品 ルイヴィトン ダミエ エベヌ ポルトフォイユ サラ 財布 16カード 新型 - メルカリ
16000	98977	jalan sriwijaya 98977 EDWARD サイドゴアブーツ - メルカリ
21470	1ML506	プラダ 1ML506 サフィアーノ ラウンドジップウォレット 長財布 PRADA - メルカリ
価格	型番	商品名
14700	KQ5473	adidasスリーストライプ フェイクレザー トラックトップ ブラウン X L - メルカリ
15000	CP9654	美品☆adidas YEEZY BOOST 350 V2 ゼブラ 26.5cm - メルカリ
46000	BB1839 / adidas YEEZY Boost 750 Triple Black  27cm	adidas YEEZY Boost 750 Triple Black 27cm - メルカリ
24000	541624 W09OL 3801	BALENCIAGA TripleS Neon Green - メルカリ
14000	HR3445	希少 ベロアSST アディダス オリジナルス セットアップ 黒×黄 Sサイズ - メルカリ
15000	AC2130	き*こ様 アディダス 希少サイズ OT 限定 ファイヤーバードジャージ トラック - メルカリ
39800	G95769	【稀少】adidas Jeremy Scott WINGS PIXEL ドット柄 - メルカリ
16000	ETZ04	【希少】adidas ロケットボールズ LS 軟式バット 87cm 長尺モデル - メルカリ
18700	10-0272	adidas Originals 60's 10-0272 LEDウォッチ - メルカリ
15600	CP9652	adidas Yeezy Boost 350 V2 ブラック - メルカリ
	KI0981	adidas スーパースターⅡ チャーム付　藤井風 着用モデル 黒 23.5cm - メルカリ
17000	F36640	希少サイズ　アディダスyeezy boost 500 31cm - メルカリ
25600	Q20917	猪*野様 あ*あ様 【極稀少・美品】adidas ジェレミースコット カモベア - メルカリ
30000	GX9445	【激レア】ジェレミースコット × アディダス 4.0 ホワイト 28cm - メルカリ
	JM2270	adidas Originals アディダス オリジナルス ビームス ジャケット - メルカリ
13000	GY0393	美品 adidas Mens Yeezy 500 High グレー 26.５cm - メルカリ
14790	JW0109	adidas ワッフル トラック トップ JW0109 美品 XL - メルカリ
17000	JD5267 / JD5263	adidas ベッケンバウアー セットアップ 茶 Lジェンダーニュートラル - メルカリ
13000	IE4195	adidas SUPERSTAR 82 FI CORE 天然皮革 26.5cm - メルカリ
16100	IF9636	【希少】adidas JAPAN VH ロングブーツスニーカー 26.5cm - メルカリ
	JQ5838	adidas stansmith “FREIZEIT black - メルカリ
15000	HR3307	アディダス ベッケンバウアー ワッフルトラックジャケット　正規品 - メルカリ
16780	D65213	極稀少☆adidas × Jeremy Scott LETTERS マルチカラー - メルカリ
21000	ATS-19F	【極希少】adidas ヴィンテージ ジャージ デサント製 M ベージュ - メルカリ
13000	ll5763	3XL adidas ベッケンバウアー　トラックジャージll5763 - メルカリ
14980	B35246	稀少☆adidas PROMODEL VINTAGE DX 天然皮革 廃盤モデル - メルカリ
17500	KD9377	adidas originals ベロア　トラックトップ　別注 - メルカリ
18000	E300 / NA500 / SYNCHRO TURN 35 / TOUR BURNER / ALL STAR / SCUO PUTTER	adidas ゴルフクラブセット 13本 キャディバッグ付き - メルカリ
	CQ3033	【美品・本革】アディダス スタンスミス CQ3033 リーコン USED - メルカリ
22000	1540WG	adidas カントリー 日本製 ヴィンテージ - メルカリ
24000	DMT59	【3/31を目安に出品取り消し予定】アディダス 硬式 内野 グローブ - メルカリ
	BB7986	adidas × RAF SIMONS OZWEEGO3 27.5cm 靴下付き - メルカリ
13400	CP9366	美品☆adidas YEEZY BOOST 350 V2 ホワイト 27.5cm - メルカリ
15000	adizero Evo SL	adidas adizero Evo SL 28cm アディゼロ エボエスエル - メルカリ
	G61069	【稀少・美品】adidas SUPERSTAR 80s レザー スエード 金ベロ - メルカリ
13000	FY3855	adidas AFTERBURN N 8 NW TPU 10 - メルカリ
	36640 / 27.5cm	【美品】YEEZY 500 Utility Blackブラック 【すぐ発送】 - メルカリ
	C75569	【稀少】adidas MICROPACER レザー 30周年記念モデル 14年製 - メルカリ
18500	HA3204	アディダス キャディバッグ メンズ ゴルフ HA3204 DI849 9.5型 - メルカリ
42980	G44001	極稀少☆adidas × Jeremy Scott ピンクベア 人気モデル 廃盤 - メルカリ
13100	IS5612	m*n様 【美品/140入手困難】日本代表 Y-3久保建英 上下セット正規品 プ - メルカリ
13999	HR3307	アディカラークラシックスワッフルベッケンバウアートラックジャケット　HR3307 - メルカリ
14000	IX1974	【adidas × POP TRADING COMPANY】トラックジャケット - メルカリ
31000	GP3034	adidas by HYKE MOUNTAIN PONCH COAT - メルカリ
	ADS-4F	【超希少】80s デサント製 アディダス トラックジャケット 4号 L相当 紺 - メルカリ
60000	702387UVSAT	GUCCI × adidasミニトップハンドルバック - メルカリ
19800	AS5500	2002年FIFA　日韓ワールドカップ　公式試合球　5号ボール　アディダス - メルカリ
17000	FL4147	adidas originals × FIORUCCI ジージャン 3本線 - メルカリ
14000	B75571	美品adidas Yeezy 700 イージー　アディダス　ウェーブランナー - メルカリ
13000	HQ9183	adidas Tobacco HQ9183 28.5cm - メルカリ
13000	ASR-8152P	【レア】90'S アディダス トリコロール デサント製 上下セット - メルカリ
25000	CG2917	adidas × NEIGHBORHOOD × A BATHING APE - メルカリ
16500	s1585 / 779001	【adidas】スーパースター LX ☆黒☆レザースニーカー☆27.5cm - メルカリ
	F34265	【稀少】RAF SIMONS × adidas OZWEEGO 厚底 人気モデル - メルカリ
	7218962	Balenciaga × adidas コインケース - メルカリ
13600	GT4278	アディダス ステラマッカートニー ウインドブレーカー ウエストポーチ付き 黒 M - メルカリ
14000	HQ9177	adidas TOBACCO for JOURNAL STANDARD - メルカリ
17800	IY0054	アディダス　トラックジャケット　アーセナル　トレフォイルロゴ　エンジ　XL - メルカリ
14000	GY7164	にき様の専用です - メルカリ
15800	SATS-44F / C-OS-3011	【希少】70s アディダス デサント製 トラックジャケット ジャージ 在原みゆ紀 - メルカリ
15500	IN1000	adidas ジャージ　トラックジャケット　ベッケンバウアー　マルーン - メルカリ
29000	IE9023	Adidas RADLANDER EQT GTX ラッドランダー 27.5cm - メルカリ
38000	AA-7115	adidas ストライプレザージャケット - メルカリ
	awv004	adidas トレフォイル ブラウン トラックジャケット - メルカリ
18980	EE9145	アディダス スタンスミス ドイツ製 天然皮革　ホワイト - メルカリ
17000	GX6941	adidas TOBACCO GRUEN アディダス タバコ グルーエン - メルカリ
19000	JW7326	アディダス　レディースファイヤーバード オーバーサイズトラックジャケット 2XL - メルカリ
14800	IS3322	adidas トラックジャケット L ベージュ/ブラウン - メルカリ
21500	IZ4032	adidas ファイヤーバード フェイクレザー トラックジャケット グリーンXL - メルカリ
13000	HK7321	アディダス　REKIVE ウーブントラックトップ　緑　S 遠藤さくら - メルカリ
25000	G12490	✨激レア✨VANQUISH HARDLAND adidas スニーカー y2k - メルカリ
16000	ETZ06	【希少】adidas ロケットボールズ 軟式バット 87cm 長尺モデル - メルカリ
	ID5960	adidas Originals Superstar 82 - メルカリ
15800	adidas by Stella McCartney STAN SMITH	【美品】アディダス スタンスミス 26cm ステラマッカートニーコラボ - メルカリ
15000	ID8709	【26.5cm】 JJJJound × adidas Samba Tobacco - メルカリ
15600	JS0644	adidas Harden Volume 9 ほぼ未使用 - メルカリ
13500	593631	【希少配色】adidasトラックジャケット　オレンジ×ネイビー系　Lサイズ - メルカリ
13200	IU2100	【美品】adidas ベッケンバウアー復刻 ドイツ代表　トラックジャケットM 白 - メルカリ
15000	YG8981	【ヴィンテージ】adidas　アディダス　グローブ　江川　YG8981 - メルカリ
15500	IH9987	adidas STAN SMITH LUX 中田慎介 ブラウン 27.0 - メルカリ
13000	DV2031	アディダス TANAAMI HERO HOODIE 田名網敬一 2XL 黒 - メルカリ
13000	DH5789	adidas ベロア トラックジャケット ワインレッド 海外オリジナル - メルカリ
16500	U42612	極稀少☆adidas × Jeremy Scott パンダベア 人気モデル 廃盤 - メルカリ
27000	Q20917	【極稀少・美品】adidas ジェレミースコット カモベア カモフラ 廃盤モデル - メルカリ
16780	ATS-44F	希少　70s アディダス 西ドイツ製 トラックパンツ 緑 5 デサント - メルカリ
16000	GW8206	adidas TOBACCO GRUEN GW8206 27.0cm - メルカリ
25000	KC2216	adidas Thug Club TEAMGEIST SWEAT PANTS - メルカリ
	EE7951	adidas × RAF SIMONS スタンスミス EE7951 28cm - メルカリ
22000	40000	mmemm様　アディダスバイステラマッカートニー　ロング　パデット - メルカリ
38000	KC2209	adidas Thug Club TEAMGEIST HOODED - メルカリ
21000	KC2198	adidas × Thug Club TEAMGEIST LONG SLEEVE - メルカリ
24700	G95769	m*e様 稀少☆adidas Jeremy Scott WINGS PIXEL - メルカリ
13000	AH2203	アディダス イージーブースト350 V2 ベルーガ2.0 27.0cm - メルカリ
16800	FX6851	【美品】adidas PRO MODEL 80S "424" 27.5インチ - メルカリ
17000	f34256	Raf Simons x adidas Stan Smith ラブシモンズ - メルカリ
14000	546472 / ATA001	希少 アディダス ベロアキルティングトラックトップ メンズL ブラック 万国旗 - メルカリ
13800	JR2743	新品 26cm adidas タバコ ジャーナルスタンダード 別注 ネイビー - メルカリ
13000	GW8206	adidasTOBACCO GRUEN MESAWILD BROWN26.0cm - メルカリ
	ADS-4F	adidasデサントトラックジャケット80s 6号　ADS-4F XL 70s - メルカリ
18000	KD9388 / 25070610004430	【ジャーナル別注】adidas originals 上下セット売り - メルカリ
19500	JW3644	即日発送★ Lサイズ　りなてぃ　重盛さと美着用　アディダス　ニットカーディガン - メルカリ
13180	G40410	adidas メトロ アティチュード ビッグタン 人気モデル - メルカリ
70000	721827	最終値下げ！希少！バレンシアガ アディダス コラボ 2WAYトートバッグ 黒 - メルカリ
50800	KC2209 / 766860	adidas × THUG CLUB パーカー - メルカリ
21000	BB7986	【希少】adidas × RAF SIMONS OZWEEGO3 28cm 廃盤 - メルカリ
	JC8220	adidas 25SS SST TRACK TOP 2XL - メルカリ
17500	EE9145	【本革ドイツ製】adidasスタンスミス Made in Germany - メルカリ
22444	dtm16	adidas DTM16 硬式　内野手用 - メルカリ
15600	EG7597	ADIDAS YEEZY BOOST 700 INERTIA 27㎝ 【廃盤】 - メルカリ
13000	JX9211 / adidas Adilenium Season 3 Zip Washed Denim Pants	アディダス ダークグレー ワイドデニムパンツ - メルカリ
21980	U42612	極稀少☆adidas × Jeremy Scott パンダベア 人気モデル 廃盤 - メルカリ
13000	GE9995	★良品★adidas GE9995 ブラック XL ダウンコート ベンチコート - メルカリ
45000	B75571	yeezy boost 700 26.5 - メルカリ
22900	os-3011	60~70's★ヴィンテージ★adidas 西ドイツ製 古着 トラックジャケット - メルカリ
	4/19	
価格	型番	商品名
14700	KQ5473	adidasスリーストライプ フェイクレザー トラックトップ ブラウン X L - メルカリ
15000	CP9654	美品☆adidas YEEZY BOOST 350 V2 ゼブラ 26.5cm - メルカリ
	HR3445	希少 ベロアSST アディダス オリジナルス セットアップ 黒×黄 Sサイズ - メルカリ
15000	AC2130	き*こ様 アディダス 希少サイズ OT 限定 ファイヤーバードジャージ トラック - メルカリ
39800	G95769	【稀少】adidas Jeremy Scott WINGS PIXEL ドット柄 - メルカリ
	ETZ04	【希少】adidas ロケットボールズ LS 軟式バット 87cm 長尺モデル - メルカリ
18700	10-0272	adidas Originals 60's 10-0272 LEDウォッチ - メルカリ
15600	CP9652	adidas Yeezy Boost 350 V2 ブラック - メルカリ
16000	KI0981	adidas スーパースターⅡ チャーム付　藤井風 着用モデル 黒 23.5cm - メルカリ
17000	F36640	希少サイズ　アディダスyeezy boost 500 31cm - メルカリ
25600	Q20917	猪*野様 あ*あ様 【極稀少・美品】adidas ジェレミースコット カモベア - メルカリ
30000	GX9445	【激レア】ジェレミースコット × アディダス 4.0 ホワイト 28cm - メルカリ
	JM2270	adidas Originals アディダス オリジナルス ビームス ジャケット - メルカリ
25000	AF2861	し*う様 デッドストック adidas アディダス スタンスミス フランス製 7 - メルカリ
	GY0393	美品 adidas Mens Yeezy 500 High グレー 26.５cm - メルカリ
14790	JW0109	adidas ワッフル トラック トップ JW0109 美品 XL - メルカリ
17000	JD5267 / JD5263	adidas ベッケンバウアー セットアップ 茶 Lジェンダーニュートラル - メルカリ
13000	IE4195	adidas SUPERSTAR 82 FI CORE 天然皮革 26.5cm - メルカリ
16100	IF9636	【希少】adidas JAPAN VH ロングブーツスニーカー 26.5cm - メルカリ
18000	JQ5838	adidas stansmith “FREIZEIT black - メルカリ
15000	HR3307	アディダス ベッケンバウアー ワッフルトラックジャケット　正規品 - メルカリ
	D65213	極稀少☆adidas × Jeremy Scott LETTERS マルチカラー - メルカリ
	ATS-19F	【極希少】adidas ヴィンテージ ジャージ デサント製 M ベージュ - メルカリ
	ll5763	3XL adidas ベッケンバウアー　トラックジャージll5763 - メルカリ
15800	585861 / 938005	【極美品・希少】00sオールドアディダス トラックジャケット ベージュブラウン - メルカリ
14980	B35246	稀少☆adidas PROMODEL VINTAGE DX 天然皮革 廃盤モデル - メルカリ
17500	KD9377	adidas originals ベロア　トラックトップ　別注 - メルカリ
18000	E300 / NA500 / SYNCHRO TURN 35 / TOUR BURNER / ALL STAR / SCUO PUTTER	adidas ゴルフクラブセット 13本 キャディバッグ付き - メルカリ
13800	CQ3033	【美品・本革】アディダス スタンスミス CQ3033 リーコン USED - メルカリ
22000	1540WG	adidas カントリー 日本製 ヴィンテージ - メルカリ
	DMT59	【3/31を目安に出品取り消し予定】アディダス 硬式 内野 グローブ - メルカリ
35000	BB7986	adidas × RAF SIMONS OZWEEGO3 27.5cm 靴下付き - メルカリ
13400	CP9366	美品☆adidas YEEZY BOOST 350 V2 ホワイト 27.5cm - メルカリ
15000	adizero Evo SL	adidas adizero Evo SL 28cm アディゼロ エボエスエル - メルカリ
13580	G61069	【稀少・美品】adidas SUPERSTAR 80s レザー スエード 金ベロ - メルカリ
13000	FY3855	adidas AFTERBURN N 8 NW TPU 10 - メルカリ
13500	36640 / 27.5cm	【美品】YEEZY 500 Utility Blackブラック 【すぐ発送】 - メルカリ
16980	C75569	【稀少】adidas MICROPACER レザー 30周年記念モデル 14年製 - メルカリ
	HA3204	アディダス キャディバッグ メンズ ゴルフ HA3204 DI849 9.5型 - メルカリ
	G44001	極稀少☆adidas × Jeremy Scott ピンクベア 人気モデル 廃盤 - メルカリ
13100	IS5612	m*n様 【美品/140入手困難】日本代表 Y-3久保建英 上下セット正規品 プ - メルカリ
13999	HR3307	アディカラークラシックスワッフルベッケンバウアートラックジャケット　HR3307 - メルカリ
	IX1974	【adidas × POP TRADING COMPANY】トラックジャケット - メルカリ
	GP3034	adidas by HYKE MOUNTAIN PONCH COAT - メルカリ
17800	ADS-4F	【超希少】80s デサント製 アディダス トラックジャケット 4号 L相当 紺 - メルカリ
60000	702387UVSAT	GUCCI × adidasミニトップハンドルバック - メルカリ
19800	AS5500	2002年FIFA　日韓ワールドカップ　公式試合球　5号ボール　アディダス - メルカリ
	FL4147	adidas originals × FIORUCCI ジージャン 3本線 - メルカリ
	B75571	美品adidas Yeezy 700 イージー　アディダス　ウェーブランナー - メルカリ
13000	HQ9183	adidas Tobacco HQ9183 28.5cm - メルカリ
13000	ASR-8152P	【レア】90'S アディダス トリコロール デサント製 上下セット - メルカリ
25000	CG2917	adidas × NEIGHBORHOOD × A BATHING APE - メルカリ
16500	s1585 / 779001	【adidas】スーパースター LX ☆黒☆レザースニーカー☆27.5cm - メルカリ
23680	F34265	【稀少】RAF SIMONS × adidas OZWEEGO 厚底 人気モデル - メルカリ
	7218962	Balenciaga × adidas コインケース - メルカリ
	GT4278	アディダス ステラマッカートニー ウインドブレーカー ウエストポーチ付き 黒 M - メルカリ
14000	HQ9177	adidas TOBACCO for JOURNAL STANDARD - メルカリ
17800	IY0054	アディダス　トラックジャケット　アーセナル　トレフォイルロゴ　エンジ　XL - メルカリ
14000	GY7164	にき様の専用です - メルカリ
15800	SATS-44F / C-OS-3011	【希少】70s アディダス デサント製 トラックジャケット ジャージ 在原みゆ紀 - メルカリ
15500	IN1000	adidas ジャージ　トラックジャケット　ベッケンバウアー　マルーン - メルカリ
29000	IE9023	Adidas RADLANDER EQT GTX ラッドランダー 27.5cm - メルカリ
38000	AA-7115	adidas ストライプレザージャケット - メルカリ
18000	awv004	adidas トレフォイル ブラウン トラックジャケット - メルカリ
	EE9145	アディダス スタンスミス ドイツ製 天然皮革　ホワイト - メルカリ
	GX6941	adidas TOBACCO GRUEN アディダス タバコ グルーエン - メルカリ
19000	JW7326	アディダス　レディースファイヤーバード オーバーサイズトラックジャケット 2XL - メルカリ
14800	IS3322	adidas トラックジャケット L ベージュ/ブラウン - メルカリ
21500	IZ4032	adidas ファイヤーバード フェイクレザー トラックジャケット グリーンXL - メルカリ
	HK7321	アディダス　REKIVE ウーブントラックトップ　緑　S 遠藤さくら - メルカリ
	G12490	✨激レア✨VANQUISH HARDLAND adidas スニーカー y2k - メルカリ
16000	ETZ06	【希少】adidas ロケットボールズ 軟式バット 87cm 長尺モデル - メルカリ
14000	ID5960	adidas Originals Superstar 82 - メルカリ
15800	adidas by Stella McCartney STAN SMITH	【美品】アディダス スタンスミス 26cm ステラマッカートニーコラボ - メルカリ
15000	ID8709	【26.5cm】 JJJJound × adidas Samba Tobacco - メルカリ
15600	JS0644	adidas Harden Volume 9 ほぼ未使用 - メルカリ
	11239	Adidas 90s Fire Bird IV セットアップ - メルカリ
13500	593631	【希少配色】adidasトラックジャケット　オレンジ×ネイビー系　Lサイズ - メルカリ
13200	IU2100	【美品】adidas ベッケンバウアー復刻 ドイツ代表　トラックジャケットM 白 - メルカリ
15000	YG8981	【ヴィンテージ】adidas　アディダス　グローブ　江川　YG8981 - メルカリ
15500	IH9987	adidas STAN SMITH LUX 中田慎介 ブラウン 27.0 - メルカリ
13000	DV2031	アディダス TANAAMI HERO HOODIE 田名網敬一 2XL 黒 - メルカリ
13000	DH5789	adidas ベロア トラックジャケット ワインレッド 海外オリジナル - メルカリ
16500	U42612	極稀少☆adidas × Jeremy Scott パンダベア 人気モデル 廃盤 - メルカリ
27000	Q20917	【極稀少・美品】adidas ジェレミースコット カモベア カモフラ 廃盤モデル - メルカリ
16780	ATS-44F	希少　70s アディダス 西ドイツ製 トラックパンツ 緑 5 デサント - メルカリ
	GW8206	adidas TOBACCO GRUEN GW8206 27.0cm - メルカリ
25000	KC2216	adidas Thug Club TEAMGEIST SWEAT PANTS - メルカリ
	EE7951	adidas × RAF SIMONS スタンスミス EE7951 28cm - メルカリ
	40000	mmemm様　アディダスバイステラマッカートニー　ロング　パデット - メルカリ
38000	KC2209	adidas Thug Club TEAMGEIST HOODED - メルカリ
21000	KC2198	adidas × Thug Club TEAMGEIST LONG SLEEVE - メルカリ
24700	G95769	m*e様 稀少☆adidas Jeremy Scott WINGS PIXEL - メルカリ
13000	AH2203	アディダス イージーブースト350 V2 ベルーガ2.0 27.0cm - メルカリ
16800	FX6851	【美品】adidas PRO MODEL 80S "424" 27.5インチ - メルカリ
	f34256	Raf Simons x adidas Stan Smith ラブシモンズ - メルカリ
14000	546472 / ATA001	希少 アディダス ベロアキルティングトラックトップ メンズL ブラック 万国旗 - メルカリ
13800	JR2743	新品 26cm adidas タバコ ジャーナルスタンダード 別注 ネイビー - メルカリ
13000	GW8206	adidasTOBACCO GRUEN MESAWILD BROWN26.0cm - メルカリ
23500	ADS-4F	adidasデサントトラックジャケット80s 6号　ADS-4F XL 70s - メルカリ
18000	KD9388 / 25070610004430	【ジャーナル別注】adidas originals 上下セット売り - メルカリ
	JW3644	即日発送★ Lサイズ　りなてぃ　重盛さと美着用　アディダス　ニットカーディガン - メルカリ
13180	G40410	adidas メトロ アティチュード ビッグタン 人気モデル - メルカリ
70000	721827	最終値下げ！希少！バレンシアガ アディダス コラボ 2WAYトートバッグ 黒 - メルカリ
	KC2209 / 766860	adidas × THUG CLUB パーカー - メルカリ
21000	BB7986	【希少】adidas × RAF SIMONS OZWEEGO3 28cm 廃盤 - メルカリ
	JC8220	adidas 25SS SST TRACK TOP 2XL - メルカリ
17500	EE9145	【本革ドイツ製】adidasスタンスミス Made in Germany - メルカリ
22444	dtm16	adidas DTM16 硬式　内野手用 - メルカリ
15600	EG7597	ADIDAS YEEZY BOOST 700 INERTIA 27㎝ 【廃盤】 - メルカリ
13000	JX9211 / adidas Adilenium Season 3 Zip Washed Denim Pants	アディダス ダークグレー ワイドデニムパンツ - メルカリ
21980	U42612	極稀少☆adidas × Jeremy Scott パンダベア 人気モデル 廃盤 - メルカリ
13000	GE9995	★良品★adidas GE9995 ブラック XL ダウンコート ベンチコート - メルカリ
価格	型番	商品名
	B75571	yeezy boost 700 26.5 - メルカリ
22900	os-3011	60~70's★ヴィンテージ★adidas 西ドイツ製 古着 トラックジャケット - メルカリ
13000	EE9614	アディダス イージー700 モーブ - メルカリ
17000	GX8658	ADIDAS MUNCHEN ミュンヘン 27.5 - メルカリ
15100	MD1177	70s アディダス ボストンバッグ レザー ブラウン ヴィンテージ - メルカリ
20000	AQ0868	アディダス スタンスミスリーコン STAN SMITH RECON 27cm - メルカリ
24000	IF6680	Fear of God ATHLETICS adidas スニーカー 29cm - メルカリ
20000	K-3	のき様専用　Y-3 GR.1P ホワイト スニーカー - メルカリ
	G40410	稀少　adidas メトロ アティチュード ビッグタン 人気モデル 2011年製 - メルカリ
14800	IG4988	adidas GAZELLE 常田ガゼル 28.5cm - メルカリ
18000	V24536	S*5様 極稀少☆adidas by Jeremy Scott レオパード テイ - メルカリ
16000	FU9006	adidas YEEZY Boost 350 V2 "Black" FU9006 - メルカリ
14800	GE9995	adidas GE9995 ブラック Oサイズ ダウンコート ベンチコート - メルカリ
15000	GX6941	adidas tabako guruen "dark brown" - メルカリ
	EG6462	r*o様 超美品‼️ YEEZY DESERT BOOT ROCK 27.5 - メルカリ
17400	SFWSCS3	美品✨ adidas NMD XR1 MASTERMIND 黒×白 29.0cm - メルカリ
13200	DV2031	アディダスTANAAMI HERO HOODIE 田名網敬一 メンズXL 黒 - メルカリ
22000	IT9403	adidas originals トラックジャケット　ベロア　チャコール　グレー - メルカリ
14300	JS4997	★24.5★ 新品 adidas グランドコートミュール　ボア　ベージュ - メルカリ
37200	IE0579	【稀少・美品】Wales Bonner x adidas Samba Nylon - メルカリ
60000	BB1839	【鑑定済】adidas YEEZY BOOST 750 黒 - メルカリ
	IE0580	adidas wales bonner WB PONY TONAL SAMBA - メルカリ
34800	HO6346	【良品】adidas 常田大希　atmos superstar 26.5 - メルカリ
22000	AA-7115	レアadidas(アディダス) スリーストライプスレザージャケットサイズM - メルカリ
14400	G61070	【アディダス　 スーパースター】G61070　ホワイト/ブラック スニーカー - メルカリ
	IE0579	Adidas Wales Bonner Samba NYLON 29cm - メルカリ
16800	HG6544	adidas x IVY PARK Oversized Denim Jacket - メルカリ
14999	FV2832	【ヴィンテージ加工】adidas superstar FV2832 コルクソール - メルカリ
33000	JW7326	アディダス　プレザー ファイヤーバード オーバーサイズ トラックトップ　ブラック - メルカリ
15000	GE9995	adidas GE9995 ブラック Oサイズ ダウンコート ベンチコート - メルカリ
21000	G50726	に*こ様 【極稀少】adidas × Jeremy Scott Wings CA - メルカリ
37000	ZX8000 MITA	adidas ZX8000 MITA mita sneakers - メルカリ
15000	IF3800	K*z様 Bern GORE-TEX/ローカットスニーカー - メルカリ
	B26023 / 26023	adidas Originals × JEREMY SCOTT - メルカリ
16000	CP9652	adidas yeezy boost 350 V2 ブラック レッド - メルカリ
19000	IE9023	adidas RADLANDER EQT GTX ラッドランダー 黒US9 - メルカリ
21900	JP9852	adidas アディダス × MITA ミタスニーカーズ RADLANDER - メルカリ
13000	IT3878	ASローマ LIFESTYLER BRINGBACK 93 ジャケット - メルカリ
14000	AP9974	ケ*ン様 【美品】adidas × BAPE Dame 4 Green Camo - メルカリ
	jp2522	adidas トラックジャケット クラシック ベッケンバウアー - メルカリ
52000	AQ4831	adidas YEEZY BOOT 950 ブーツ イージー 27.5 9.5 - メルカリ
44700	BA9761	【稀少・美品】Rick Owens adidas MASTODON プロモデル - メルカリ
	F99710	adidas YEEZY Boost350 V2 - メルカリ
14500	BK4562	【値下中】adidas　トラックジャケット　Mサイズ　刺繍ロゴ　ベロア　BY別注 - メルカリ
14000	JC6717	adidas DENIM FIREBIRD TRACKTOP jc6717 - メルカリ
14000	GX6931	adidas OHIO BUCKEYE stateシリーズ　海外限定モデル - メルカリ
14700	AC1540WG	アディダス スタンスミス 27cmフランス製とカントリー 27cm日本製のセット - メルカリ
13000	GZ7793	adidas Stan Smith ブラック　27.5cm - メルカリ
15000	X41201 / AGC002 / A0045 / 41201	⁺*⁺様 アディダスオリジナルス ファイヤーバード トラックジャケット　黒　P4 - メルカリ
16000	GW8206	【adidas】人気✨ TOBACCO GRUEN 25.5cm スニーカー - メルカリ
13400	FV2832	【美品】アディダス　スーパースター 80s 復刻　FV2832 28.5cm - メルカリ
	GX8660	adidas MUNCHEN ミュンヘン 27cm COMOLI gx8660 - メルカリ
17000	HK7321	adidas アディダス ナイロントラックジャケット 緑 常田大希 遠藤さくら - メルカリ
19000	BID43	【希少】型付済 adidas 硬式内野手用グラブ BID43 右投げ - メルカリ
15100	IF3800	ハ*ン様 adidas Originals Bern GORE-TEX - メルカリ
15000	GW8206	adidas tobacco gruen us 8.5 アディダス　タバコ - メルカリ
13600	H18822	adidas ベロアSET クロップド　トラックスーツ　ジョガーパンツ XS 黒 - メルカリ
22000	G50748	【希少・美品】adidas Originals × Jeremy Scott - メルカリ
25800	EE9145	ゲリラ値下adidas STANSMITH スタンスミス ドイツ製 EE9145 - メルカリ
27800	F34294	極美品✨adidas×ヨウジヤマモト ZIPPER STAR スニーカー - メルカリ
13000	IK9148 / A2B001	adidas ジェンダーニュートラル ベッケンバウアー　トラックジャケット 3L - メルカリ
15000	JC6717	adidas DENIM FIREBIRD TRACKTOP jc6717 - メルカリ
13000	GY7396	タバコ / Tobacco GY7396 - メルカリ
15000	54999	【美品】【コラボ】アディダス × ジェレミースコット forum dipped - メルカリ
	CP9366	Tky 様専用 - メルカリ
13500	JH6206	Adidas ADIZERO Evo SL M 28.5cm - メルカリ
24000	G46029	d*3様 極稀少☆adidas FORUM MID DIESEL LEA レザー - メルカリ
17480	GW8206	【adidas】人気✨ TOBACCO GRUEN 25cm スニーカー - メルカリ
16500	G40410	稀少☆adidas メトロ アティチュード ビッグタン 人気モデル 2011年製 - メルカリ
	GY6612	【レア】ウェールズボナー アディダス サンバ レッド28.5cm - メルカリ
13000	Q46252	アディダス　スタンスミス　ゴルフシューズ J275 ホワイト/グリーン - メルカリ
32500	693537	GUCCI　 グッチ　アディダス　コラボ　ワンピース　693537　レディース - メルカリ
18700	EG6462 / size  26cm	アディダス イージーデザート ブーツ ロック - メルカリ
72000	G61087	adidas by JeremyScott instinct hi Black - メルカリ
13000	GY7396	【希少品】アディダス オリジナルス タバコ 26.5cm - メルカリ
13900	H03665	箱タグ付 YEEZY 450 Utility Black 25.5cm - メルカリ
	JR1094	ADIZERO ADIOS PRO 4 M - メルカリ
22000	EE9145	adidas STAN SMITH MIG スタンスミス ドイツ製 EE9145 - メルカリ
16980	913165	【稀少】adidas SUPERSTAR 80s レザー 刻印 2011年製 - メルカリ
17900	JC6717	adidas DENIM FIREBIRD TRACKTOP - メルカリ
18000	AS5500	日韓ワールドカップJFA公式サッカーボール フィーバーノヴァ（AS5500） - メルカリ
20480	383356	【稀少】adidas TOBACCO LX レザー クレープソール 2002年製 - メルカリ
14500	IH3364	adidas アディダス × atmos アトモス SAMBA "Tuxedo" - メルカリ
	JH6208	adidas アディゼロ EVO SL W - メルカリ
13800	IE7002	adidas アディダス GAZELLE INDOOR ガゼル インドア - メルカリ
14000	BY9612	アディダス イージーブースト350 V2 コアブラック レッド - メルカリ
	BB0041	アディダス ホーウィン社製スタンスミス80s STAN SMITH 80s - メルカリ
13980	HQ3425	美品 adidas Harden Vol.7 HQ3425 28cm バッシュ - メルカリ
	JI3515	adidas プレデター メガライド メタリックブルー 26.5cm - メルカリ
16000	F36640	adidas Yeezy500 Utility Black 25.5cm - メルカリ
15500	GX2209	【adidas】gazelle pantone gx2209 ガゼル 26.5 - メルカリ
22000	IE9023	adidas RADLANDER 27cm ブラック黒アディダス ラッドランダー - メルカリ
	ID0217	Y*O様 【稀少・美品】adidas WALES BONNER SAMBA NU - メルカリ
13980	IG8661	【adidas】美品✨STAN SMITH 25.5cm GORE-TEX - メルカリ
14980	JH6114	adidas EQT AGRAVIC アディダス アグラビック US10.5 - メルカリ
17900	IG4988	27.5cm 常田　大希　着用　ガゼル　ネイビー - メルカリ
14500	G61070	✨完売品✨adidas スーパースター　26.5cm 美品　金ベロ　アディダス - メルカリ
	JP7725	adidas Spezial スニーカー 26.5cm ブラウン JP7725 - メルカリ
18000	912305	adidas Stan Smith 80s 初期復刻版 - メルカリ
15500	GW1229	ADIDAS YEEZY イージー ブースト350 V2 ベルーガリフレクティブ - メルカリ
28200	D65206	ニ*と様 【極稀少】adidas JeremyScott A$AP ROCKY - メルカリ
13780	GW8206	【美品】adidas TOBACCO GRUEN ブラウンデザート 人気モデル - メルカリ
37000	702248	GUCCI　adidas 702248　ホースビット　ショルダーウォレット - メルカリ
15480	HA3209	美品　adidas アディダス　キャディバッグ　ブラック　黒　ロゴ　9型　軽量 - メルカリ
65500	10-0275	【希少】アディダスadidas original vintage60’s腕時計 - メルカリ
13999	BA7378	adidas Stan Smith ホワイト レザー ラフシモンズ コラボ - メルカリ
17900	GY7396	adidas TOBACCO スニーカー 26.0cm - メルカリ
13000	DP0227 DP0228	adidas originalsセットアップナイロンスウェットbeams別注 - メルカリ
14800	GW8206	【adidas】美品 TOBACCO GRUEN 26.5cm - メルカリ
13000	G40410	稀少　アディダス メトロアティチュード ビッグタン ハイカット　y2k 27cm - メルカリ
価格	型番	商品名
18000	FU9006	てんてん様専用　adidas Yeezy Boost 350 V2 ブラック - メルカリ
14980	BB6741	【稀少】adidas RAF SIMONS OZWEEGO Ⅲ 限定モデル 廃盤 - メルカリ
14880	CQ3033	adidas　スタンスミス　RECON　27 - メルカリ
14500	GX8660	adidas MUNCHEN 26.5cm ミュンヘン COMOLI - メルカリ
15000	CP9652	Yeezy Boost 350 V2 SPLY イージー ブースト スプレイ - メルカリ
17999	IH9988	最終値下げ Adidas Stansmith LUX ダークブラウン 26cm - メルカリ
40000	696485	希少 アディダス グッチ トレフォイルロゴ総柄 コットン ベースボールキャップ - メルカリ
	AOFH22511	【美品 稼働】アディダス メンズ 腕時計 豹柄 防水 レザーAOFH22511 - メルカリ
26000	IH5187	adidas (アディダス) × オルウェイズ サンバ OG - メルカリ
13000	FY2903	アディダス　イージーブースト 350 V2 シンダー　28.5 黒　スニーカー - メルカリ
28000	BY9790	adidas MUNCHEN ミュンヘン COMOLI BY9790 27.5 - メルカリ
15000	GD0467 / 0703188	アディダス 伊勢丹 AEROREADY シアサッカーセットアップ 黒 上M 下S - メルカリ
23000	CP9652	adidas YEEZY BOOST 350 V2 BRED イージーブースト - メルカリ
20000	702766	グッチ アディダス コラボ エングレービングリング インターロッキング 10 - メルカリ
14000	DV1917	常田大希着用 adidas サテンコーチジャケット XOサイズ ブラック - メルカリ
13700	Q23667	アディダス × ジェレミースコット タータンチェック ハイカット 26.5cm - メルカリ
13000	GY7164	27cm アディダス YEEZY BOOST 350 GY7164 - メルカリ
17000	GD0468 / 0703234	adidas 伊勢丹 AEROREADY シアサッカー セットアップ 紺 M - メルカリ
48000	IE0586	MH344 adidas x ウェールズ ボナー サンバ ポニー - メルカリ
13880	F79940	✨希少✨美品✨adidas トレフォイル トラックジャケット 紺 2XO - メルカリ
18555	IF2385	【限定・箱あり】adidas Superstar 80s BAPE／26.5cm - メルカリ
	D65985	s*様 【極稀少】adidas by Jeremy Scott instinct - メルカリ
13500	FW6875 / size  24.5cm	adidas by STELLA McCARTNEY 24.5cm - メルカリ
15200	GX8847	新品☆adidas stansmith マリメッコ 金ロゴ ウニッコ 人気モデル - メルカリ
15000	G95772	【極稀少】adidas by JS LICENSE PLATE MIAMI - メルカリ
25000	CP9366	アディダス イージーブースト350 V2 クリーム トリプルホワイト - メルカリ
19000	CP9654	アディダス イージーブースト350 V2 ゼブラ - メルカリ
26900	BQ1569 / 0705056	美品 adidas 伊勢丹 URBAN SUIT 袖3本ライン ブラック M - メルカリ
	HQ7045	adidas YEEZY Boost 350V2 カーボンベルーガ 28cm - メルカリ
21300	HK7321	adidas Rekive ジャージ　ナイロントラックジャケット　XLサイズ - メルカリ
15200	GX6941	adidas TOBACCO GRUEN GX6941 26.5cm - メルカリ
14999	G48910	アディダス　スーパースター80s RUNDMC 1986 限定　24.5 - メルカリ
20000	HZ2321	adidas Ivy Park アディダス アイビーパーク ダウン ジャケット - メルカリ
17000	IV9337	ADIDAS アディダス ADILENIUM オーバーサイズ トラックトップ - メルカリ
15000	G63198	【成田凌着用】希少adidas Gazelle Indoor - メルカリ
18000	IF1942	専用adidas Originals Radlander GORE-TEX - メルカリ
15000	678653	adidas ULTRA STAR JMJ RUN DMC ウルトラスター 11 - メルカリ
19950	GW1229	ADIDAS YEEZY イージー ブースト350 V2 ベルーガリフレクティブ - メルカリ
30500	IV9318	【5XL/国内未発売】アディダスADILENIUM オーバーサイズトラックパンツ - メルカリ
13000	913165	adidas SS 80s アディダス スーパースター 27㎝　2009年製 - メルカリ
13000	IG1320	アディダス スタンスミス 《27.5》 サンバ コラボ スニーカー 靴 - メルカリ
17780	IZ4038	美品 即完 フェイクレザー スリーストライプス ファイヤーバード トラックパンツ - メルカリ
20000	EE7942	【adidas】RAFSIMONS DETROIT HIGH 26cm - メルカリ
14900	IH5746	adidas アディゼロ ジャパン 9 Adizero Japan 9 - メルカリ
19300	IC5588	【美品】アディダス ALWAYS ORIGINAL トレンチコートあのちゃん着用 - メルカリ
	II0001	スタックト デニム(II0001) - メルカリ
20000	HQ5962	【adidas Stella McCartney】ソーラーグライド ランニング - メルカリ
25500	G61087	【極稀少】adidas ジェレミースコット インスティンクトハイ ビッグロゴ - メルカリ
65800	593 593994	BALENCIAGA×adidas Triple S トリプルS スニーカー - メルカリ
14000	GY7396	adidas タバコ / Tobacco 27.5 - メルカリ
14000	AS5270AR	adidas GAMARADA サッカーボール 赤白 - メルカリ
16020	JR7973	ADIDAS×BOB MARLEY SL72 SHOE 26.5cm - メルカリ
22000	ASS40	adidas スピードセル Speedcell サッカーボール 5号球 - メルカリ
22480	S77798	【美品】adidas by JeremyScott WINGS METAL 廃盤 - メルカリ
16800	GW1229	美品✨️YEEZY Boost 350 V2 Beluga Reflective - メルカリ
14500	IG4988	【最終値下げ】adidas GAZELLE 常田ガゼル 28.5cm - メルカリ
	IE2529	【新品】HIGHSNOBIETY X STAN SMITH - メルカリ
15980	IE7002	極美品✨️23.5cm adidas GAZELLE INDOOR IE7002 - メルカリ
14180	G61070	【美品】adidas SUPERSTAR 80s 天然皮革 金ベロ 廃盤モデル - メルカリ
21800	HK7321	正規品 adidas REKIVE ナイロントラックジャケット L 常田大希 - メルカリ
18000	HP6695	adidas HANDBALL SPEZIAL SHUKYU E-WAX - メルカリ
15656	GY7396	【極美品】adidas TOBACCO GRUEN Pantone 人気モデル - メルカリ
19800	IE3698	【新品未使用】adidas Originals Handball Spezial - メルカリ
13000	CP9654	adidas YEEZY Boost 350 V2 "Zebra" - メルカリ
29680	G61087	極稀少☆adidas by ジェレミースコット インスティンクトハイ ビッグロゴ - メルカリ
13000	ADA-06-6	adidas 80sトラックジャケット S 緑 - メルカリ
16500	HP6695	ADIDAS HANDBALL SPEZIAL SYUKYスペツィアル　28cm - メルカリ
13000	IE3709	アディダス handball spezialダークブラウン　23.5 - メルカリ
14991	GY7396	【美品】adidas TOBACCO GRUEN 人気モデル スエード ベージュ - メルカリ
14000	FU9006	アディダス YEEZY BOOST350 V2 ブラック【27cm】FU9006 - メルカリ
価格	型番	商品名
17980	KB6415	Adidasデニム ジップ オフトラックパンツKB6415 - メルカリ
15000	HQ9183	人気サイズ【美品】BEAUTY&YOUTH別注adidas タバコ 26cm - メルカリ
17600	IX6434	G*G様 アディダス ベッケンバウアー 定価24,200円 上下ジャージ セット - メルカリ
15000	HF1851	​【希少/長袖】スペイン代表 #6 マルコス・ジョレンテ カタールW杯 - メルカリ
15000	JQ6939	adidas Originals STAN SMITH LO BALLET W - メルカリ
13700	JQ6939	アディダス スタンスミス ロー バレエ バレエシューズスニーカー レザー - メルカリ
15500	BY1604	美品 adidas yeezy boost 350 v2 oreo オレオ - メルカリ
13000	G61069	adidas SUPERSTAR 80s 金ベロ G61069 27cm - メルカリ
13000	G61070	adidas SUPER STAR 80s 金ベロ ホワイト/ブラック 28cm - メルカリ
21600	JP9853	モ*チ様 【希少・極美品】adidas RADLANDER MITA アディダス - メルカリ
15999	ADS-4F	【美品】 adidas デサント製 80s トラックジャケット ジャージ 4号 - メルカリ
13100	KJ3816	k*m様 【27.5㎝】Adizero Aruku Yagi ブラック KJ38 - メルカリ
18800	JH8639	28.0 adidas Song for the Mute Country OG - メルカリ
14000	h41387	adidas アディカラー ロックアップ セットアップ　トラックトップ　ジャージ - メルカリ
13000	G61070	2016年製 アディダス スーパースター80s - メルカリ
19999	JS0781	【極美品】adidas コパ アイコン2 ELITE HG/AG ジャパン KM - メルカリ
	GX1400	【コラボモデル】アディダス×ネイバーフッド スーパースター80s - メルカリ
17000	IB3442	adidas IB3442 70s モントリオール ブラウン L 美品 稀少 - メルカリ
28600	HP3134	【世界1946足限定】スタンスミス×ポールスミス×マンU 27.5cm - メルカリ
19000	V13927	正規品 チェルシー 11-12 ホームユニフォーム ドログバ #11 - メルカリ
14400	JS1059	プレデター ELITE フォールディングタン - メルカリ
22500	DB0001	限定 Korn × adidas アディダス キャンパス スニーカー US9.5 - メルカリ
15700	FR8231	アディダス×ディセンダント トラック トップ DCDT ナイロンジャケット M - メルカリ
15000	gx7842	※お値下げ※ADIDAS ZX 8000 ATMOS 21SS-S - メルカリ
14500	KE0114	nunu様専用 - メルカリ
14200	JM9254	Adilenium シーズン 2 オーバーサイズパンツ JM9254 - メルカリ
13500	jw0109	adidas waffle track jacket - メルカリ
18000	JM2269	極美品 アディダス ベロア ベッケンバウアー トラックトップ XS ネイビー - メルカリ
14990	984035	8548 adidas トラックジャケット ATP復刻 ブラウン XL - メルカリ
25000	IV9318	専用 美品 adidas Adilenium オーバーサイズ トラックパンツ M - メルカリ
13800	BK4562	別注 adidas アディダス ベロア トラックジャケット ジャージ Ｍ - メルカリ
14000	IT7449	激レア✨ アディダス トラックジャケット 刺繍ロゴ サンプル品 オールブラック - メルカリ
16300	CQ3033	アディダス スタンスミス リーコン RECON CQ3033 廃盤品 - メルカリ
15000	JR5896	プレデターFTエリート　26.5cm HG/AG JAPAN - メルカリ
13000	AC1870	a591/adidas アディダス スーパーバスケット日本製 カンガルー - メルカリ
13700	in4683	極美品 adidas ファイヤーバード トラックトップ メンズXL マルーン - メルカリ
28000	BY2456	S*Y様 ADIDAS YEEZY BOOST 750 LIGHT BROWN - メルカリ
17500	FTJ27	【値下げ可】AEROHAMMER エアロハンマー 軟式バット 87cm - メルカリ
19800	G61070	【人気デザイン】アディダス スーパースター80s 金ベロ G61070 - メルカリ
30000	HM2342	アディダス ブルーバージョン ファイヤーバードトラックトップジャケット XL 黒 - メルカリ
13800	FV4440	⭐︎美品⭐︎ adidas 27cm YEEZY Boost 700 MNVN - メルカリ
	jq3254	adidas SUPERSTAR VINTAGE 28.5cm 美中古 - メルカリ
18000	V20692	中古 adidas × JEREMY SCOTT WINGS - メルカリ
13990	75838	8429_1 adidas トラックトップ ドイツ ベッケンバウアー ブルー M - メルカリ
21200	FV2312	希少 adidas STAN SMITH RECON EDIFICE 26.5 - メルカリ
13900	HP9709	特Sale★中古★ADIZERO PRIME X 2 STRUNG★27.5 - メルカリ
15900	JR6364	特Sale★超美品Adizero Adios Pro 4 M★27cm - メルカリ
21000	20828	【当時物】adidas プレデターマニック2 TRX HG サイズ26.5cm - メルカリ
36000	FX7517	adidas アディダス WALES BONNER SAMBA 27.0cm - メルカリ
13500	HP6695	レア　SHUKYU E-WAX adidas HANDBALL SPEZIAL - メルカリ
13000	ik9148	adidas トラックジャケット ベッケンバウアー ジェンダーニュートラル L - メルカリ
15500	IT7450	極美品 adidas オーバーサイズファイヤーバード トラックトップ 3XL - メルカリ
15999	IY0054	アーセナル adidas トラックジャケット Lサイズ - メルカリ
15600	KJ6590	adidas SAMBA LT KJ6590 レオパード 22cm サンバ - メルカリ
16000	IN1000	adidas ベッケンバウアートラックジャケットマルーンM - メルカリ
15200	Z63141	天皇杯サッカーボール サイズ5 JFA認定 - メルカリ
13000	HZ2085	アディダス正規品 アーセナル 23/24 ØDEGAARD 長袖ユニフォーム - メルカリ
20000	ATS-33FT	70s80s アディダス デサント 西ドイツ トラックジャケット ビンテージ古着 - メルカリ
16800	JR5896	【本日限定価格】プレデターエリートFT HG/AG JAPAN27.0付属品完備 - メルカリ
15000	KC2198	アディダス×サグクラブ チームガイスト ロングスリーブ Tシャツ L - メルカリ
22000	HG6544 / IVP DENIM JKT	✨希少✨adidas IVY PARK デニムジャケット HG6544 ビヨンセ - メルカリ
15000	IG4989	adidasOriginals Gazelle Earth Straighter - メルカリ
16800	B75571	Yeezy boost 700 - メルカリ
35000	B25941	adidas STAN SMITH MIG2 ドイツ製 B25941 27.5 - メルカリ
14980	JY6292	b1636✨美品✨【adidas】アディレニウムシーズン3　デニム　32　完売品 - メルカリ
15000	HQ4540	adidas YEEZY Boost 350V2 "Onyx"オニキス 27cm - メルカリ
15000	IFD86	アディダス 70sハーフジップ M モノグラム ウインドブレーカー - メルカリ
20000	JP9073	adidas Women's Forum Cubism 28.0cm - メルカリ
46980	AM0166	USA製アディダス ヴィンテージ ATP トラックジャケット ジャージ 黒色 - メルカリ
14500	JR6373	adidas アディオスプロ4 JR6373 27.0㎝ - メルカリ
	JC6233	adidas デニム ファイヤーバード トラックトップ BLUE - メルカリ
18000	s74935	adidas スーパースター80s vintage dx 27cm S74935 - メルカリ
24000	JI1212	adidas Adizero Prime SP4（プライム SP4） - メルカリ
18800	KT3455	adidas originals×Oasis FIREBIRD トラックトップ - メルカリ
18900	FV3299	【美品】adidas スーパースター FV3299 26cm エナメル 金ロゴ - メルカリ
35000	702283	【GUCCI×adidas】ホースビットローファー ブラック 7.5 メンズ - メルカリ
16000	ADS-4F	adidas アディダス　デサント製トラックジャケット　ジャージ　ライムグリーン - メルカリ
17000	IK9148	アディダス　トラックジャケット　2XL ジェンダーニュートラル　常田大希着用 - メルカリ
13000	JQ9231	新品未使用　アディダス　バレリーナ　bad bunny - メルカリ
45000	IE0578	（K25939）★美品★ウェールズ・ボナー × アディダス サンバ 23.5㎝ - メルカリ
13000	JI2082	PREDATOR ELITE AG 27.5 - メルカリ
15800	HQ6834	【日本未入荷•高級本革】StanSmith CREPE /スタンスミス クレープ - メルカリ
	594147	☆8972_2 adidas トラックトップ ベロア バーガンディ 松村北斗 L - メルカリ
14100	KE3301	アディダス Loose Denim Distressed Pants 2730 - メルカリ
13000	H41391	adidas originals LOCK UP セットアップ ジャージ上下 - メルカリ
25000	FU1155	アディダスバイステラマッカートニー ロングパデッドジャケット XS 黒 - メルカリ
15980	KJ3972	黒×レザー【超人気モデル♕✨】adidas Originals OZVENUZ - メルカリ
13000	JP7149	adidas adizero EVO SL JP7149 28.0 - メルカリ
15000	IT2492	adidas ウーブン ファイヤーバード ナイロンジャケットパンツ 大きめサイズ - メルカリ
15500	HA3208	adidas軽量スリーバースタンドキャディーバック - メルカリ
15800	ID5960	スーパースター82　黒ｘ白　ID5960　SUPERSTARブラックオリジナルズ - メルカリ
15800	JW0109	極美品 アディダス ワッフル ベッケンバウアー トラックジャケット L オフ×黒 - メルカリ
13000	JR0035	美品 adidas アディダス SAMBA OG W JR0035 22.5cm - メルカリ
14100	GV9800	■2回着美品★STAN SMITH SHARPIE PACK GRAFFITI - メルカリ
14220	JD5267	極美品 アディダス トラックジャケット ベッケンバウアー L 希少色ブラウン - メルカリ
15000	HR3446 A2B001	adidas　アディダス　トラックジャケット　ベロア　3本ライン　刺繍ロゴ - メルカリ
13000	JQ3254	adidas Superstar Vintage - メルカリ
17700	IX6434	ち*ん様 アディダス ベッケンバウアー ジャージ セットアップ EDIFICE別 - メルカリ
16000	IH2450	adidas STAN SMITH LUX ブラック 26.５cm - メルカリ
71000	Yu250617	adidas × BALENCIAGA TRIPLE S 41 - メルカリ
14000	IE0232	VELOSAMBA サイクリングシューズ28.0 - メルカリ
	GX8660	adidas munchenアディダスミュンヘン　GX8660 26.5 - メルカリ
15000	JH8659	モエツキ様専用adidas アディゼロ タクミセン11 24.5cm - メルカリ
25089	JR9246	SAMBA BAPE adidas A BATHING APE - メルカリ
17000	JP2522	adidas トラックジャケット クリーム/ブラウン - メルカリ
13500	KD9377	adidas × ジャーナルスタンダード ベロア トラックトップ - メルカリ
16900	HP6694	Handball Spezial 23cm - メルカリ
16000	HM2342	アディダス ブルーバージョン ファイヤーバードトラックトップジャケット XS 黒 - メルカリ
17000	AJ7732	ちゃも様専用激レア！ - メルカリ
13800	HQ6787	adidas originals STAN SMITH LUX 28cm - メルカリ
13200	IX6438	XS 極美品BEAUTY & YOUTH別注 adidas トラックジャケット - メルカリ
14800	HS2081	【限定品・2XL】　アディダス　ベッケンバウアー　トラックジャケット　ワッフル - メルカリ
23000	HQ7045	[最終値下]Yeezy Boost 350 v2 - メルカリ
13599	H34654	アディダスオリジナルス　セットアップ　パーカー　スウェットパンツ　グレー - メルカリ
17399	JL8399	アディダスオリジナルス　セットアップ　ジャージ　ベージュ／ブラウン／ゴールド系 - メルカリ
20000	IV9318	IV9318 adidas Adilenium オーバーサイズ トラックパンツ - メルカリ
価格	型番	商品名
20000	IV9318	IV9318 adidas Adilenium オーバーサイズ トラックパンツ - メルカリ
18000	KK9137	Oasis × adidas スウェット 海外M(J:XL相当) グレー - メルカリ
14000	FX0371	Adidas IRAK ZX 8000 GTX US11.5 - メルカリ
14000	CP9652	Yeezy Boost 350 V2 コアブラック CP9652 27.5cm - メルカリ
19800	H64626 / H64655	スリーストライプス テーラードジャケット＆アンクルパンツ セットアップ - メルカリ
23500	G61076	美品　アディダスadidas ジェレミー・スコット　ハイカット スニーカー クマ - メルカリ
17000	BY1604	美品 adidas Yeezy Boost 350 V2 Oreo 希少29cm - メルカリ
13900	IN1001	美品　常田大希着用 アディダスオリジナルトラックジャケット ベッケンバウアーM - メルカリ
15000	IT7449	adidas オーバーサイズファイヤーバード トラックトップ メンズL ブラック - メルカリ
23000	C75569	30周年記念モデル MICROPACER OG C75569 26.5cm - メルカリ
25000	IE9023	27.5cm adidas RADLANDER EQT GORE-TEX - メルカリ
39000	ADR-9106	正規品 極美品 希少 アイルランド代表 90–92 ホーム ユニフォーム - メルカリ
19299	JP285	adidas BOXING ドイツ製 赤三本線 タッセル付き 2004 - メルカリ
15990	AK9001	0310 adidas トラックトップ FIFA ワールドカップ ドイツ XL - メルカリ
16000	AY9222 A2B001	adidas　アディダス　トラックジャケット　ベロア　3本ライン　刺繍ロゴ - メルカリ
16990	HK7321	8201 adidas REKIVE トラックジャケット ミネラルグリーン XL - メルカリ
13000	HK7425	マ*ネ様 @8995 adidas ハーフジップ ポロスウェット ブラック XL - メルカリ
66000	IE0586	【即日発送】Wales Bonner × adidas samba 美品 - メルカリ
17500	JR9503	海外限定カラー　don Issue 7 "Preloved Violet" 28 - メルカリ
13000	JQ4663	adidas adizero evo sl ランニングシューズ - メルカリ
13000	DV2031	アディダス TANAAMI HERO HOODIE 田名網敬一 2XL 黒 - メルカリ
14500	JC6717	adidas Originals デニム ファイヤーバード トラックトップ - メルカリ
20000	IV9339	ADILENIUM オーバーサイズ トラックトップ　ブラック - メルカリ
16500	D67204	【美品】adidas アディゼロ F50 ジャパン TRX HG - メルカリ
17000	JS0781	Kana☆☆専用コパ アイコン2 ELITE HG/AG ジャパン KAMO限定 - メルカリ
17980	HP6695	美品 SHUKYU E-WAX adidas HANDBALL SPEZIAL - メルカリ
26000	D65985	【激レア】美品　adidas by Jeremy Scott instinct - メルカリ
25000	Q23499	《激レア》アディダス ジェレミー・スコット ハイカット プードル ピンクpink - メルカリ
15980	C75569	adidas Originals MICROPACER OG C75569 - メルカリ
15500	HK7321	adidas REKIVE ナイロントラックジャケッ トL 遠藤さくら常田大希 - メルカリ
13800	1070325000106	28cm　adidas 別注 TOBACCO for FREAK’S STORE - メルカリ
19800	EE2336	adidas サテン コーチジャケット ナイロンジャケット 常田大希 - メルカリ
16750	383356	激レア　02年製 adidas TOBACCO LX 25.5cm ビンテージ - メルカリ
25000	JD3392	adilenium オーバーサイズトラックジャケット - メルカリ
15000	BY9612	YEEZY BOOST 350 V2 Core Black/Red - メルカリ
20000	IV9318	adilenium オーバーサイズトラックパンツ - メルカリ
13800	IK9149	極美品 アディダス トラックジャケット ベッケンバウアー メンズM ネイビー - メルカリ
16200	IB3421	アディダス ベロア モノグラム ファンネルネックトラックトップ 4XL ブラウン - メルカリ
26000	JI3372	ふ*み様 アディダス プレデター エリート FT FG TAA 25.0 - メルカリ
16500	KD9376	w様専用adidas × Snidel ベロアトラックトップ ピンク 松本ももな - メルカリ
14500	HQ9183	【BEAUTY&YOUTH別注】アディダス adidas タバコ スニーカー - メルカリ
13500	JM2269	極美品 アディダス ベッケンバウアー ベロア トラックトップ M ネイビー - メルカリ
15000	HK7425	アディダス ハーフジップスウェット センタートレフォイルロゴ刺繍 3XL 黒 - メルカリ
88900	O34738	コ*ー様 adidas レザージャケット レッド - メルカリ
16899	JP2522	アディダス トラックジャケット ベージュ モカブラウン 希少 2XL - メルカリ
14300	FY3947	町*樹様 27.0cm adidas HYKE AH-003 XTA SANDA - メルカリ
14000	CP9366	Adidas YEEZY BOOST 350V2 Cream White - メルカリ
13488	JJ0999	【美品】adidas×ステラマッカートニー 3WAYボディバッグ 黒 正規品 - メルカリ
15500	JR3416	adizero EvoSL M 26.5 ランニングシューズ ブラック/ホワイト - メルカリ
13800	JI1098	adidas Predator エリート　スパイク　25.5㎝　早い者勝ち　値下 - メルカリ
14500	254292	【極美品】00s adidasベロアジャージ トラックトップ カーキ XO - メルカリ
18000	KD9388 / 25070610004430	【ジャーナル別注】adidas originals 上下セット売り - メルカリ
23000	IE0580	adidas、スニーカー、SAMBA、IE0580ブラック、28.5cm - メルカリ
	HP6771	NEIGHBORHOOD × ADIDAS ADIMATIC 28.5cm中古品 - メルカリ
50000	741107	BALENCIAGA×adidas TRACKトラックスニーカー - メルカリ
28900	EE5725	【廃盤品】adidas Originals city series Malmo - メルカリ
22000	HG6263	名作 adidas WALES BONNER トラックジャケット ジャージ XS - メルカリ
14900	JP2522	ス*ル様 @1166 adidas クラシック トラックトップ ワンダーホワイト - メルカリ
14999	JS0781	【美品】adidas コパ アイコン 2 ELITE HG/AG ジャパン KM - メルカリ
15000	B1716	アディダス硬式オールラウンド - メルカリ
14700	IH0386	adidas IH0386 x FREAKS STORE CAMPUS 80S - メルカリ
60999	IE0586	【美品】Wales Bonner adidas Samba Pony Tonal - メルカリ
15500	KD9373	極美品 アディダス ベロアファイヤーバードトラックトップ メンズM ブラウン - メルカリ
40000	G04645	B*u様 adidas JEREMY SCOTT JS LOGO ブラック 26 - メルカリ
19900	B26093	adidas×CLOTクロットSUPER STAR 80sスーパースター27㎝美 - メルカリ
13000	C75895	adidas アディダス SAMBA スノーボードブーツ 26cm 程度良好 - メルカリ
14990	DV1617	8004 adidas サテンコーチジャケット ブラック L 常田大希 - メルカリ
14100	H06184	【美品】アディダス stansmith RECON 高級牛革 厚底 28cm - メルカリ
21000	G04644	adidas × JEREMY SCOTT JS レイカーズカラー 27cm - メルカリ
16200	IP6982	adidas トラックジャケット　モノグラム総柄　トレフォイルロゴ 3XL - メルカリ
25300	II6103	完売品　adidas Originals アディダス　フェイクレザージャケット - メルカリ
24800	S74544	adidas×RAF SIMONS Response Trail Robot 銀 - メルカリ
14500	GX8847	adidas スタンスミス ベージュ 230 - メルカリ
17800	JQ3255	アディダス Originals Superstar Vintage 27.0cm - メルカリ
	AC1540	1998年製 アディダス カントリー 日本製 28.0cm カンガルーレザー - メルカリ
21190	M22303	アディダスadidas×アトモスATMOSスーパースターSUPERSTAR27㎝ - メルカリ
23000	IV9318	adidas originals ADILENIUMオーバーサイズトラックパンツ - メルカリ
17000	EG6462	アディダス イージー デザートブーツ ロック adidas Yeezy 美品 - メルカリ
18000	JM2269	極美品 アディダス ベロア ベッケンバウアー トラックトップ M ネイビー - メルカリ
15800	IG4989	アディダス オリジナルスニーカー Gazelle ガゼル - メルカリ
26500	EOS-1535R	レア90s 　adidas 柏レイソル　ユニフォーム　95/96カップ戦 - メルカリ
13700	MT124	adidas アディダス CHILE62 ジャージ 上下 セットアップ 赤 黒 - メルカリ
15800	HK7321	adidas アディダス REKIVE ナイロンジャケット 常田大樹 遠藤さくら - メルカリ
15000	IE2400	adidas エックス クレイジーファスト + SG 27cm - メルカリ
13000	B37571	アディダス イージーブースト350V2 "ブルーティント" - メルカリ
25000	AC1910	adidas 1997年日本製カントリー 28cmカーフレザー - メルカリ
16000	IF9735	アディダス ガゼル インドア バッドバニー 27.5cm Benito コラボ - メルカリ
15000	S0025 / IF1792	アディダス TERREX フリーハイカー GORE-TEX ブーツ 24.5cm - メルカリ
13000	JD5267	極美品 アディダス トラックジャケット ベッケンバウアー XL ブラウン - メルカリ
16200	DV1521 AV1008	【人気】adidas　アディダス　トラックジャケット　ベッケンバウアー　刺繍ロゴ - メルカリ
20000	JM2269	極美品 アディダス ベッケンバウアー ベロア トラックトップ L ネイビー - メルカリ
15900	KD9373	完売品　adidas Originalsファイヤーバード ベロア トラックトップ - メルカリ
15000	KD9373	極美品 アディダス ベロアファイヤーバードトラックトップ メンズ3XL ブラウン - メルカリ
14800	HK7321	adidas アディダス REKIVE ナイロンジャケット 常田大樹 遠藤さくら - メルカリ
15000	JN0810	【美品】adidas Adilenium メガブレイクジャケット 2XL - メルカリ
16800	JH8842	adidas HANDBALL SPEZIAL×ジャーナルスタンダード別注　25 - メルカリ
30000	ID7299	美品 adidas KITH Clarks サンバ 27.5cm SHAGRN - メルカリ
19700	IK0440	adidasジャケット ブレザー ブラックIK0440 40サイズ - メルカリ
18700	IF1942	adidas RADLANDER MOC GTX ラッドランダー モック - メルカリ
16666	JQ6647	adidas CLIMACOOL LACED グレー JQ6647 - メルカリ
28999	IV9339	adilenium オーバーサイズトラックジャケット - メルカリ
15580	GV9094	【超人気♕完売モデル✨】adidas Adizero Takumi Sen 9 - メルカリ
19500	V20692	希少！アディダス ジェレミースコット ウィングス ハイカット 24.5cm - メルカリ
17512	G44000	コラボ✨アディダス×ジェレミー・スコット✨テディベア スニーカー 23cm - メルカリ
15000	HQ5962	アディダス　ステラマッカートニー ソーラーグライド ランニング - メルカリ
25000	JX9226	ADILENIUMシーズン3 フェイクレザーパンツ JX9226 - メルカリ
17999	G44291	【美品】adidas F50 アディゼロ TRX FG - メルカリ
20000	EE5725	【廃盤品】adidas アディダス MALMO イエロー/ブルー 靴 スニーカー - メルカリ
18900	JS4601	adidas atmos ZX8000 Frozen Blue 27.5 - メルカリ
14900	HS2081	【限定品・XL】　アディダス　ベッケンバウアー　トラックジャケット　ワッフル - メルカリ
16500	FTJ27	土日早いもの勝ち　AEROHAMMER 軟式バット 87cm - メルカリ
16000	HQ9183	【値下げ】adidas Originals タバコ スニーカー　別注 - メルカリ
14000	B35248	アディダスadidas2015年プロモデルPRO MODEL白赤レザー29㎝中古 - メルカリ
13000	IG4989	adidas Gazelle Earth Straighter Brown - メルカリ
23800	ID7297	期間限定価格 美中古 Ronnie Fieg × Clarks × adidas - メルカリ
18000	JUU25	adidas originals ベロア トラックジャケット ベッケンバウアー - メルカリ
16000	FTJ27	AEROHAMMER エアロハンマー 軟式バット 87cm - メルカリ
価格	型番	商品名
13600	ADS-300T	70s-80s adidas 中綿入りジャケット ヴィンテージ デサント社製造 - メルカリ
24580	ef7563	極上美品【極稀品♕完売モデル✨】OAMC×アディダスオリジナルス タイプO-3 - メルカリ
15400	KD9376	極美品 アディダスxSNIDEL ファイヤーバード トラックトップ XS ピンク - メルカリ
18900	FTJ27	エアロハンマー87センチ　680g トップバランス　一般軟式バット - メルカリ
14500	HQ9178	24.5 adidas 別注 TOBACCO FREAKS STORE - メルカリ
42800	AWV005	希少品　アディダス　ジェレミースコット迷彩 N-2B フライトジャケット - メルカリ
28300	B31097	レアル・マドリード 2017-18 クロース オーセンティック 正規品 - メルカリ
30100	CF7301	J*M様 リアムギャラガー adidas spezial オリジナルジャケットo - メルカリ
15000	B35988	アディダスadidasスーパースターSUPER STAR 80s紺/白27㎝美品 - メルカリ
16800	JR3329	【お値下げ】adidas スタンスミスゴアテックス スニーカー - メルカリ
16700	B25963	常田大希着用 adidas SUPERSTAR 80s 金ベロ - メルカリ
13500	H03848	adidas FACE STUDIO ATMOS H03848 SAMBA - メルカリ
17500	GY6973	アディダスフォーラム84ハイ - メルカリ
18000	JH8659	adidas アディダス アディゼロ タクミ セン 11 ADIZERO 27 - メルカリ
21000	JY8879	【美品✨】 アディダス アディレニウム シーズン3 セットアップ グレー - メルカリ
18800	JX9210	34 adidas ADILENIUM ジップ ウォッシュド デニム パンツ - メルカリ
33000	723749410B21077	adidas×BALENCIAGA ベースボールキャップ　サイズL - メルカリ
17900	S42803	レア品⭐︎ADIDAS STATEMENT TRIPLE PLATFORUM HI - メルカリ
15555	JS4488	adidas ADIZERO EVO SL 27cm - メルカリ
25555	IH5777	adidas wales bonner ボナー シルバー 27cm 箱あり！ - メルカリ
16666	IH5777	adidas Originals by Wales Bonner SAMBA - メルカリ
15000	G61070	アディダスadidasスーパースターSUPER STAR 80s白/黒27.5㎝ - メルカリ
16500	JS0604	【美品・限定】アディダスオリジナルス サンバ LT ビリーズ別注 - メルカリ
16400	KD9377	adidas トラックトップ ベロア ジャーナルスタンダード - メルカリ
16800	V24918	アディダス【ADIDAS】マイクロペーサー　　　　※2011年製Y.Yコラボ別注 - メルカリ
18000	JM2269	極美品 アディダス ベッケンバウアー ベロア トラックトップ L ネイビー - メルカリ
13800	IX6434	美品　別注カラー　アディダスオリジナルトラックジャケット ベッケンバウアーXL - メルカリ
13000	IK9149	adidas IK9149 ベッケンバウアー トラックジャケット - メルカリ
14500	GN3516	adidas originals SSTトラックジャケット Lあのちゃん同モデル - メルカリ
13500	AA6885	美品　アディダス　ベンチコート　ダウン　3xo　ブラック　adidas　サッカー - メルカリ
23800	HQ6787	★初期ロット★スタンスミス★ラックス★STAN SMITH LUX★新品未使用★ - メルカリ
14000	IK9149	極美品 アディダス トラックジャケット ベッケンバウアー メンズXL ネイビー - メルカリ
14900	JS0603	【完売品BILLY'S × adidas Originals Samba LT - メルカリ
29000	BB1840	値下 adidas Yeezy Boost 750 ブラウン 28.5 - メルカリ
14000	983613	【希少】adidas トラックジャケット ブラウン ヴィンテージ M ジャージ - メルカリ
20000	G43713	アディダス adidas ジェレミー・スコット ハイカット スニーカー フレイム - メルカリ
14899	JX9204	完売サイズ adidas アディレニウム シーズン3 ジップトラックトップ　M - メルカリ
14000	JS4506	アディゼロ EVO SL 27.0㎝ - メルカリ
22000	JP9283	adidas SAMBA × CAROLINE HU 27.5cm 限定モデル - メルカリ
14980	JH9594	シャーロットFC × ブラックシープスケートショップ × アディダス　サンバ - メルカリ
19000	JR1267	アディゼロ アディオスプロ4 27.0cm ADIOS PRO 4 - メルカリ
14000	IX6434	アディダス ベッケンバウアー トラックトップ 灰 ジェンダーニュートラル 別注 - メルカリ
14500	B44229	【美品】adidas パティーク 11pro ジャパン HG - メルカリ
13280	IZ2424	adidas ウーブン ナイロンジャケット ファイヤーバード ブラウン L - メルカリ
18000	B75571	【美品】adidas YEEZY BOOST 700 イージーブースト 28cm - メルカリ
29300	DMT57	最終価格 アディダス 硬式 キャッチャーミット 限定品 野球 グローブ 超激レア - メルカリ
20000	GX8660	adidas munchenアディダスミュンヘン　GX8660 27.5 - メルカリ
29700	JH9010	adidas COUNTRY OG SFTM song for the mute - メルカリ
16340	IG4691	A*d様 【美品】adidasスーパースター82/27.5cmブラック(IG46 - メルカリ
15000	IG9270	美品 アディダス スーパー スター82 グレー /ブラック27cm - メルカリ
26500	IX6842	adidas originalsラージボーリングバッグ - メルカリ
15000	HQ6787	アディダス オリジナルス スタンスミス LUX ブラック 27cm HQ6787 - メルカリ
18900	EE7950	【希少•廃版•美品】RS MICRO STAN/ スタンスミス 27② - メルカリ
16000	BK4562	【美品】adidas ベロア トラックジャケット ブラウン ゴールド　xs - メルカリ
18000	JM2269	極美品 アディダス ベッケンバウアー ベロア トラックトップ M ネイビー - メルカリ
16500	G61069	アディダス スーパースター　80S SUPERSTAR 80 黒　金 - メルカリ
16000	JP7149	アディダス アディゼロ EVO SL　27.5cm - メルカリ
16000	JM9255	ADILENIUM シーズン 2オーバーサイズジップオフトラックパンツ - メルカリ
14500	IF6490	adidas HANDBALL SPEZIAL W 24.5㎝ - メルカリ
16000	AOST23573	アディダスStreet City Tech Two GRFX AOST23573 - メルカリ
16480	FZ5000	adidas YEEZY Boost 350V2 "Carbon" - メルカリ
14500	ADS-4F	80s. adidas DESCENTE トラックジャケット ADS-4F 5号 - メルカリ
14790	JW0109	8495 adidas ワッフル クラシック トラックトップ 2025 ホワイト - メルカリ
29800	HG6263	adidas Wales Bonner トラックジャケット　M 人気色 - メルカリ
88000	702897486623	グッチ×アディダス　コラボ　ボストンバッグ　ＧＧクリスタル - メルカリ
14000	IK9148	アディダス　ベッケンバウアー　トラックジャケット　ジェンダーニュートラル　黒白M - メルカリ
13500	JD5267	極美品 アディダス トラックジャケット ベッケンバウアー L ブラウン ジャージ - メルカリ
16000	JH8842	adidas HANDBALL SPEZIAL×ジャーナルスタンダード別注　25 - メルカリ
16990	BK4562	1968_2 adidas ユナイテッドアローズ ベロアトラックトップ ブラウン - メルカリ
13000	JD5267	adidas ベッケンバウアートラックジャケット ダークブラウン M - メルカリ
13900	IG8703	アディダス　コードカオス25 BOA 26.5cm - メルカリ
13000	EE5790	※Yoshi da様　【特別版】スタンスミス RICON カスタム - メルカリ
14000	BK4562	☆6066 adidas ユナイテッドアローズ ベロアトラックトップ ブラウン - メルカリ
14500	JX9204	adidas アディレニウム シーズン3 ジップトラックトップ　Sサイズ - メルカリ
17000	M18992	希少 レア ADIDAS JEREMY SCOTT MAD BALLS LOGO - メルカリ
13100	IY0054	え*こ様 @2207 adidas アーセナル オリジナルス トラックトップ マ - メルカリ
15999	G40341	【美品】adidas F50 アディゼロ X-TRX FG - メルカリ
31700	Q21657	27.0cm adidas Tabacco MITA 元箱付 超希少 - メルカリ
13000	IU2100	☆4558 adidas トラックトップ ドイツ ベッケンバウアー ホワイト M - メルカリ
13900	JI0326	24.5cm adidas Originals GAZELLE BOLD W - メルカリ
16900	EE7950	美品　アディダス　×　ラフシモンズ　RS MICRO STAN/ スタンスミス - メルカリ
17500	IG6443	極上美品【人気♕完売モデル✨】アディゼロ アディオス プロ 3 M28cm - メルカリ
13480	IK9151 A2B001	【人気】adidas　トラックジャケット　3本ライン　刺繍ロゴ　ベッケンバウアー - メルカリ
15880	HQ7045	adidas YEEZY Boost 350 Carbon Beluga 27 - メルカリ
14500	IG3489	ADIDAS アディダス　43_ADIZEROELECTRIC+27.0cm - メルカリ
16500	JI2707	【adidas】 アディダス (26cm) samba lt w - メルカリ
14000	JM9255	XS Adilenium シーズン 2 オーバーサイズパンツ - メルカリ
13900	JP9651	美品！adidas TOBACCO 27cm ブラウンBrown Desert - メルカリ
19000	AJ7732	超希少 adidas インディゴ デニム トラックパンツ XO XL スウェット - メルカリ
14910	IF2865	END adidas Velosamba Social Cycling - メルカリ
28000	ID0217 / zx 8000 6000 4000 500	adidas Wales Bonner SAMBA 27.0cm - メルカリ
15000	JI2082	adidas Predator サッカーシューズ 27.0cm - メルカリ
16300	DH4653	【極美品】アディダス トラックトップ ベロアジャケット ジャージ XL グリーン - メルカリ
19990	HK7321	3415 adidas REKIVE トラックジャケット ミネラルグリーン L - メルカリ
14280	GX8847	【希少⭐︎美品】adidasマリメッコ　スタンスミス　スニーカー　24.0cm - メルカリ
21500	AI7182	チェルシー 16-17 アザール ユニフォーム【正規品】美品 Lサイズ - メルカリ
17000	IE1206	adidas F50 サッカーシューズ ホワイト/レッド/イエロー - メルカリ
70000	727791	アディダス×グッチ　ショルダーバッグ　正規品❗️最終値下げ！ - メルカリ
13900	BK4562	adidas ベロア トラックジャケット ブラウン ゴールド - メルカリ
17500	KA9274	【香港限定】adidas ✖︎ offgod TATE2025 ショルダーバッグ - メルカリ
15000	HP7870	Yeezy Boost 350 V2 “Slate” 27.5 - メルカリ
13300	HP9915	アディダス ヒューマンメイド アディマティック HM スニーカー HP9915 - メルカリ
14800	ID5960	■ADIDAS SUPER STAR 82★スーパースター 82■ - メルカリ
15000	562904	adidas SUPERSTAR 2 G5 adicolor 迷彩 アディダス - メルカリ
17800	AA-3387	【希少】80s adidasスウェット デサント社製 ネイビー/ L アディダス - メルカリ
13500	U42623	【極美品】adidas パティーク X TOP - メルカリ
13500	FV2832	adidas スニーカー 黒/白 - メルカリ
16990	JW0109	6986 adidas ワッフルべッケンバウアー ホワイト 2025モデル L - メルカリ
	HQ7045	adidas YEEZY Boost 350 Carbon Beluga 28 - メルカリ
価格	型番	商品名
19000	H06187	【希少・美品】アディダス スタンスミス リコン 26.5白 H06187 厚底 - メルカリ
18780	B75571	【良品】adidas イージーブースト 700 wave runner - メルカリ
14400	GY7396	アディダス タバコ パントーン GY7396【24.5cm】 - メルカリ
14790	FV4254	7021 adidas HYKE AOH-001 PYTHON SHOES - メルカリ
14999	CP9652	アディダス イージーブースト350 V2 ブラック レッド 26.5cm - メルカリ
13500	IS6525	マンチェスター・ユナイテッド　アンセムジャケット　トラックジャケット - メルカリ
40000	IZ4033	☆0434 adidas フェイクレザー ルーズ FB トラックジャケット - メルカリ
13980	HQ3425	美品 adidas Harden Vol.7 HQ3425 28cm バッシュ - メルカリ
15000	JQ3254	値下げ不可 26.5cm adidas Superstar Vintage - メルカリ
16500	IN3622	【専用】ADIDAS BY STELLA MCCARTNEY ロングパーカー - メルカリ
13590	IX5155	☆4797 adidas ニューカッスルユナイテッドFC トラックトップ M - メルカリ
28999	EE5725	【超希少】adidas Originals city series Malmo - メルカリ
28500	G97747	k*3様 27.5cm adidas ZX 8000 MITA SNEAKERS - メルカリ
25555	IV9345	adidas Adilenium デニムカーゴパンツ ブラック 26 - メルカリ
13000	JD5267	adidasOriginal ベッケンバウアートラックジャケット　ダークブラウン - メルカリ
17500	JD0082	adidas アディブレイク デニム 2-IN-1 パンツ　24 - メルカリ
17500	IK9148	adidas ブラックベッケンバウアー　 セットアップ　Mサイズ - メルカリ
17000	ym002197	横浜F・マリノスTIRO 25 C トレーニングトップ　XL - メルカリ
16000	BY1604	希少サイズ　YEEZY BOOST 350 V2 Oreo BY1604 - メルカリ
18000	JH8659	s*8様 アディゼロ タクミセン 11 27.0cm - メルカリ
17700	FV2832	希少 adidas SUPERSTAR FV2832 27.5cm ブラック - メルカリ
19200	IE9023	adidas RADLANDER EQT GTX【25cm】 - メルカリ
13999	BB9186	【極美品】adidas コパ 19.1 FG/AG - メルカリ
14880	B25961	稀少☆adidas SUPERSTAR 80s DLX Suede 金ベロ 本革 - メルカリ
25000	GY3069 / LG2 LG Liam Gallagher	27.5cm adidas BARROWLAND SPZL 元箱付 最安値 - メルカリ
24000	AS5600	希少adidas Euro 2004 サッカーボール - メルカリ
13200	GY2649	美品 ADIDAS YEEZY BOOST 380 "Yecoraite" RF - メルカリ
14600	GY7396	アディダス タバコ パントーン GY7396【24cm】 - メルカリ
17500	IG6195	＜adidas Originals＞BALI/スニーカー - メルカリ
17500	FV2832	USED★28.5cm★adidas SUPERSTAR FV2832 復刻 - メルカリ
16500	JM9254	adidas Adilenium シーズン2 オーバーサイズトラックパンツ L - メルカリ
14000	GX2210	adidas gazzele pantone ガゼル　パントーン　25.5 - メルカリ
18000	JR8045 / M253Y146 / 3467431400029	song for the mute コラボ　Adistar trainers - メルカリ
14100	JR6385	j*n様 アディダス アディゼロ アデオス プロ4M 27.0cm - メルカリ
19000	IG4988	adidas GAZELLE 28.0cm 常田大希着用モデル - メルカリ
24000	JR9632	Adidas XLG Runner Deluxe ベージュ　28cm - メルカリ
28000	G00906	【黒澤ひかる様専用】【希少】adidas ジェレミー スコット 28cm - メルカリ
22000	GW1934	adidas YEEZY Slide "Pure" - メルカリ
13800	FU9164	アディダス【ADIDAS】ウルトラブースト　　　　　　※2019年製レアカラー - メルカリ
13000	INT82	アディダス　軟式用グローブ　オールラウンド用　投手用　限定 - メルカリ
13700	IK9149	adidas ベッケンバウアー トラックジャケット ネイビー - メルカリ
20000	IV9339	ADIDAS ADILENIUMオーバーサイズトップス　XLサイズ　シーズン1 - メルカリ
14900	IK9152	M672 3XLサイズ　黒トラックパンツ　ベッケンバウアー　アディダス - メルカリ
14000	IH8157	【新品】アディダス サンバ インテル・マイアミCF 24cm Samba - メルカリ
21700	DM7625	adidas アディダス　SEERSUCKER SUMMER SUIT JKT - メルカリ
13000	IH9987	【即発送】完売品！アディダスオリジナルス　STAN SMITH LUX タッセル - メルカリ
16500	JR2660	adidas SAMBA クリームホワイト 23.5㎝ JR2660アディダス - メルカリ
13500	GW8206	adidas originals TOBACCO GRUEN タバコ グルーエン - メルカリ
23000	IH7795	adidas XLG RUNNER DELUXE ホワイト スニーカー - メルカリ
14500	CP9652	adidas YEEZY BOOST 350 V2 Core Black/Red - メルカリ
16500	GY7396	アディダス タバコ グルーエン パントーン GY7396【26.5cm】 - メルカリ
24800	IH5777	Wales Bonner × adidas Originals MN Samba - メルカリ
16500	ID2081	adidas originals STATE SERIES OR オレゴン - メルカリ
18500	JR8043	アディダス ソングフォーザミュート スーパースター82 スニーカー JR8043 - メルカリ
15000	FV5304	YEEZY BOOST 700 ユーティリティーブラック27.5cm - メルカリ
18880	IG4988	【常田大希着用モデル】adidas Originals Gazelle 26 - メルカリ
27199	JS1302	adidas A.E.1 Low USA代表カラー 26.5cm - メルカリ
15800	JQ6169	美品　adidasオリジナルス　IENA別注　サンバ　LT　24センチ - メルカリ
19800	IG1986	adidas Samba MINERAL GREEN/CRYSTAL SAND - メルカリ
18000	JQ3255	《最安値》adidas SUPERSTAR VINTAG - メルカリ
15000	EE9145	スタンスミスドイツ シャインフェルド工場製(アスリートシューズ製造部署) - メルカリ
17400	EF2905	YEEZY BOOST 350 V2 - メルカリ
13700	JR6357	本日中交渉価格 アディオスプロ4 W 28.0cm ランニングシューズ - メルカリ
15500	GD0468	【ざわ様専用】adidas 伊勢丹 AEROREADY シアサッカー セット - メルカリ
30000	IH8150	adidas JJJJound Superstar - メルカリ
17600	GY7396	アディダス タバコ パントーン GY7396【27cm】 - メルカリ
13500	IH8336	スポーティ アンド リッチ × アディダス オリジナルス アディスタークッション - メルカリ
20800	IT7450	極美品 adidas オーバーサイズファイヤーバード トラックトップ 4XL - メルカリ
13300	IF7270	adidas stan smith 80s 復刻 26.5cm - メルカリ
14000	ID5103	完売品 アディダス イージースライド サンダル グレー 28,5cm 新古品 - メルカリ
23000	IG8181	adidas Wales Bonner シルバー スニーカー - メルカリ
19800	V22819	超希少⭐️ アディダス ジェレミースコットadiMEGA FLEX サンダル - メルカリ
13800	115945	adidas PRO MODEL 1970 115945 27.5cm - メルカリ
14000	IH9987	adidas 中田慎介 スタンスミスLuxスウェード ダークブラウン - メルカリ
16000	IG4989	adidas 25.5cm ガゼル GAZELLE 箱付 IG4989 ブラウン - メルカリ
18000	IF1942	adidas RADLANDER MOC GTX - メルカリ
32000	EF3658	プレデター マニア FG PREDATOR MANIA 27.5 - メルカリ
15999	GY7396	アディダス オリジナルス タバコ 28cm - メルカリ
13000	GV7903	adidas FOAM RUNNER ミネラルブルー28.5cm 試し履きのみ！ - メルカリ
15880	EOZ88	【新品未使用】アディダス シューズ ガゼル オリジナルス 27cm ブラック - メルカリ
13700	D67361	希少！adidas originals STAN SMITH D67361 26 - メルカリ
13000	IF8798	adidas Lawsuit IF8798 ロースーツ　28センチ - メルカリ
13000	IH3518	【美品】クレイジーラクーン×アトモス×アディダス サンバ IH3518 26.5 - メルカリ
13500	EI9894	20/21 ユベントス #7 クリスティアーノ・ロナウド ユニフォーム ホーム - メルカリ
16900	jy6292	adidas ストライプ デニムパンツ ライトブルー - メルカリ
19800	IF1942	adidas RADLANDER MOC GORE-TEX【26.5cm】 - メルカリ
14200	JR6372	アディオスプロ4 M 27.0cm ランニングシューズ - メルカリ
15000	FY0951 / 2829-00081-00	adidas 専用商品 2829 - メルカリ
49000	692113 XJEKX	gucci adidasコラボ　トラックパンツ　ジャージパンツM - メルカリ
15100	IG4988	田*充様 [希少]常田大希着用 adidas GAZELLE 26.5cm - メルカリ
13000	IG6669	ちょろ甘なソラ様リクエスト品】adidas アンソニー・エドワーズ 1 mid - メルカリ
13000	HQ6448	adidas イージースライド “Onyx” 26.5cm - メルカリ
15000	IG4989	GAZELLE ブラウン　アディダス　ガゼル - メルカリ
15500	AQ4791	adidas NMD R1 PK NICE KICKS 26.5 - メルカリ
15980	IS6508 / IS6512	adidas バイエルン・ミュンヘン ナイロンジャケット・パンツセット - メルカリ
14000	JI2082	【アディダス】プレデター エリート AG 29.0cm - メルカリ
13700	FZ5466	adidas アディダス StanSmith スタンスミス ヒョウ柄 レオパード - メルカリ
13400	B35246	adidas pro model vintage dlx 27.0 プロモデル - メルカリ
14500	IG4988	adidas Gazelle 常田大希着用モデル 27.0 - メルカリ
15400	B35246	adidas pro model vintage dlx 27.5 プロモデル - メルカリ
15000	GW8204	アディダス GW8204 TOBACCO GRUEN スニーカー 28cm - メルカリ
24800	G16183 / zx 8000 6000 4000 500	超希少！元箱付 adidas GAZELLE OG 27.5cm - メルカリ
17000	JR7831	superstar ✖︎ felipe - メルカリ
18000	JY6292	Adidas アディレニウムシーズン3 デニムパンツ - メルカリ
16800	IE9023	adidas RADLANDER EQT GORE-TEXスニーカー 514P▲ - メルカリ
14800	G61069	adidas スーパースター 80s ブラック 26.5cm 金ベロ レザー - メルカリ
14900	HR3307	☆7704 adidas トラックトップ ワッフルべッケンバウアー ホワイト L - メルカリ
14000	HR3446	☆1439 adidas トラックトップ ベロア ATPモデル ネイビー XL - メルカリ
15110	IA5139	レアルマドリー 23 24 ホーム　オーセンティック　ユニフォーム CL - メルカリ
17000	IV9337	ADIDAS アディダス ADILENIUM オーバーサイズ トラックトップ - メルカリ
17000	HK7425	adidas ハーフジップ　スウェット　刺繍ロゴ　常田大希　黒　 XXLサイズ - メルカリ
36000	GV9056 / zx 8000 6000 4000 500	元箱付 adidas 4DFWD PARLEY M 26.5cm - メルカリ
19000	D65206	中古美品 adidas JS WINGS 2.0 A$AP ROCKY - メルカリ
価格	型番	商品名
17000	JI3185	adidas Samba OG 23.5cm JI3185 - メルカリ
32000	JI2082	【アディダス】プレデター エリート AG 27.5cm - メルカリ
14000	AQ4809	超希少！adidas Juun.J ZX 8000 Low 27.0cm - メルカリ
16000	B26279	絶滅種 adidas SUPER STAR 80v A.D. B26279 - メルカリ
15600	IG8705	アディダス　コードカオス25 BOA 27.0cm - メルカリ
13000	FY6958	adidas OAMC Type-08 FY6958 - メルカリ
19000	ID3648	ADIDAS SKATEBOARDING SHELL ADV x HEITOR - メルカリ
14000	GD2273 IYA47	M210 XSサイズ　PRIME BLUE ワイドパンツ - メルカリ
16500	ADS-4F	Anne様専用80s vintage adidasトラックジャケット - メルカリ
16900	JQ0958	Song for the Mute Superstar 82 - メルカリ
24800	IN1000	アディダスオリジナルス　 トラックジャケット ベッケンバウアーXL 磯村　在原 - メルカリ
20000	HQ5962	【adidas Stella McCartney】ソーラーグライド ランニング - メルカリ
25900	IX6434	アディダス ベッケンバウアー 上下 セットアップ M EDIFICE別注 - メルカリ
14000	IN1001	adidas ダークグリーン トラックジャケット ベッケンバウアー - メルカリ
15000	JS3662	新品　adidas クライマクール　チャーム色合わせれます!! - メルカリ
13200	IG6439	adidas ADIZERO ADIOS PRO3 25.5cm - メルカリ
15800	JP9651	adidas TOBACCO アディダス タバコ　24.5㎝ - メルカリ
13440	Azb001 06230	【希少サイズ】リバプール Liverpool 2009-10 6XO ジェラード - メルカリ
18000	IN1000	☆5156 adidas トラックトップ ジェンダーニュートラル マルーン L - メルカリ
13000	ID3546	adidas COUNTRY OG SFTM ブラック 27.0 - メルカリ
15700	CP9654	26.0cm アディダスイージーブースト 350 V2 スニーカー Zebra - メルカリ
18000	254292	☆2101 adidas トラックトップ ATPモデル ベロア ブラウン M〜 - メルカリ
13000	CP9652	アディダス イージーブースト350 V2 Black/Red 25.5cm - メルカリ
51000	IE0586	Wales Bonner × adidas samba ウェールズボナー サンバ - メルカリ
16800	JR0035	【新品】adidas originals Samba OG 24cm - メルカリ
17000	JUD17	adidas Adlinium オーバーサイズトラックパンツ - メルカリ
19000	32853	希少 ヴィンテージ adidas STAN SMITH スニーカー 26.5cm - メルカリ
15800	FV5925	美中古　adidas Originals PRO MODEL ADV - メルカリ
14000	DH5830	☆7979 adidas トラックトップ べッケンバウアー マルーン L - メルカリ
16000	FY5350	希少品❗adidas x Angel Chen 80s Super star - メルカリ
20000	JX9211	adidas ADILENIUM ZIP WASHED デニムパンツ 30 - メルカリ
18000	JH6206	adizero EVO SL M 27.5 - メルカリ
14250	JH5633 JI3185	adidas アディダス SAMBA OG ナチュラル　24.5cm - メルカリ
14100	IE1377	adidas originals SAMBA XLG サンバ【24cm】 - メルカリ
14000	DH5830	☆6735 adidas トラックトップ べッケンバウアー マルーン XL - メルカリ
14000	JQ6169	EDIFICE/IENA 別注 SAMBA LT Exclusiveモデル - メルカリ
価格	型番	商品名
16300	02461 91235	美品 シャネル サングラス ココマークべっ甲柄 02461 ケース付き 完売品 - メルカリ
13580	4121	美品✨️　CHANEL　サングラス　アビエーター　パイロット　ティアドロップ - メルカリ
34500	Z0301U	美品 LOUIS VUITTON ルイヴィトン サングラス ダミエ Z0301U - メルカリ
24000	W1344	【希少美品】80s RAY-BAN B&L W1344 48□18 砂打ち - メルカリ
14800	GG0881	GUCCI sunglasses GG Horsebit gold - メルカリ
15000	U-071	美品 YUICHI TOYAMA × Name U 071 Pete サングラス - メルカリ
52000	RB3447	【美品】レイバン ラウンドメタル RB3447 9065/V9 エヴォルヴ 調光 - メルカリ
25500	Stanford	【極美品】Buddy Optical/バディオプティカル Stanford - メルカリ
24000	GLH-1024	GLITCH × KAMIYA 23AW GLH 1024 グリッチ サングラス - メルカリ
45000	MM107	maison margiela × gentle monster mm107 - メルカリ
28000	MOLD-BK-OGPL	Eyevol BRIEFING サングラス 偏光 限定コラボ - メルカリ
30000	gp-05	guepard gp-05 whiskey ギュパール ウイスキー - メルカリ
13980	0OO9451	極美品　オークリー　アパリシオン　偏光サングラス　0OO9451 プリズムレンズ - メルカリ
24900	02461 94305	シャネル 02461 ココマーク 黒 ゴールド サングラス - メルカリ
15700	9613	CHANEL サングラス - メルカリ
15000	Z0008E	LOUIS VUITTON Z0008E LV Logo Sunglasses - メルカリ
15000	01452 94305	CHANEL シャネル　サングラス 01452 94305 ケース付き - メルカリ
19800	TF4177	【希少】ティファニー サングラス ハードウェア 黒×ブルー TF4223D - メルカリ
16000	02462  94305	CHANEL ブラック サングラス ロゴ付き - メルカリ
18240	OO9161-12	Oakley オークリー PITBULLピットブル　絶版　USA製サングラス - メルカリ
15500	CH5353	CHANEL ブラック サングラス ケース付き - メルカリ
19000	FE40144F	FENDI フェンディ サングラス スクエアフレーム ブラック ケース 付き - メルカリ
32000	4092-B c.125/13	【希少】CHANEL（シャネル）のリムレスサングラス（型番：4092-B） - メルカリ
55777	Z1165E	ルイヴィトン サングラス ミリオネア 1.1 平野紫耀モデル - メルカリ
13000	SLW937	美品 LOEWE サングラス SLW937 オーバル 茶 アナグラム ケース付 - メルカリ
29800	4017-D	美品！CHANELヴィンテージサングラス - メルカリ
13380	SL 276 MICA 001	SAINT LAURENTサンローラン サングラス SL276 MICA 001 - メルカリ
22000	AVOCET-TWO 21009-B-BLK-GLD-58	極美品 完品 DITA AVOCET TWO 21009 サングラス ディータ - メルカリ
15000	BAZ03	A.D.S.R . サングラスBAZ03シルバー　ヘキサゴンシェイプ　　1930 - メルカリ
15000	W1974	Ray-Ban オリンピアン 4DX W1974 YRAW B&L サングラス - メルカリ
14500	SL 557 BLACK 001	SAINT LAURENT サンローラン サングラス SL557 ブラック - メルカリ
198000	XG022769	OAKLEY XX 24K W/24K Gold Iridium - メルカリ
188000	I10192	OAKLEY ROMEO W/Black Iridium - メルカリ
90000	J093503	OAKLEY JULIET W/Black Iridium - メルカリ
34800	B3U 10A0 / TF23018694 / 2603009	美品✨ケース付き✨Dior ディオール サングラス キャッツアイ スター装飾 - メルカリ
25860	TF237	美品　TOM FORD ウェリントン型　Snowdon TF237-F 01B - メルカリ
23500	5171-A c.501/3C	❤️ CHANEL シャネル サングラス ココマーク 5171A　付属品完備 - メルカリ
17999	CLARK	お値下げ　YELLOWS PLUS CLARK - メルカリ
23700	5184-A	シャネル ココマーク マトラッセ調 サングラス ブラック系 アイボリー 329 - メルカリ
23520	TF5468F 052	TOM FORDウェリントンメガネ TF5468F 052 5518 145 - メルカリ
23600	TF5542-B	【美品/定価7.2万】TOM FORD トムフォード TF5542-Bサングラス - メルカリ
47000	SL M119/F BLAZE	SAINT LAURENT Sunglasses - メルカリ
41600	Z1093E	✨美品⚜️LOUIS VUITTON⚜️サングラス LV - メルカリ
22700	71158 L2747 3N	希少✨CHANEL　マスクシェイプ　マトラッセ　フレームレス　サングラス　CC - メルカリ
13700	TF482-D	TOM FORD ブラック サングラス ケース付き - メルカリ
15555	RB4940	登坂広臣着用Ray-Ban A$AP Rocky ブラック 限定 - メルカリ
17999	OV5413SU 14923R Cary Grant Sun	お値下げ　OLIVER PEOPLES Cary Grant Sun - メルカリ
15500	GG2456	GUCCI sunglasses archive y2k 00s clear - メルカリ
29000	F-2005	ヒデオ様専用 - メルカリ
17500	TF237	美品　TOMFORD サングラス　Snowdon TF237 ECO 01D - メルカリ
23000	21012-D-NVY-GLD	✨極美品✨DITA FREEBIRD サングラス 21012-D-NVY-GLD - メルカリ
13990	SPR 17T	PRADA プラダ SPR17T ゴールドブリッジサングラス（ブラウン系） - メルカリ
13500	OO9245-43	【偏光レンズ】オークリー フロッグスキン アジアンフィット 釣り・ドライブ - メルカリ
13064	SPR20L 1AB-3M1	【人気】PRADA　プラダ　サングラス　大きめレンズ　ブランドロゴ　SPR20L - メルカリ
18999	LILIT	GENTLE MONSTER LILIT メガネ ブラック オレンジ - メルカリ
15400	GG2413	GUCCI sunglasses archive y2k GG2413 90s - メルカリ
16000	F-1846	ZEQUE (ゼクー)Juno サングラス F-1846 クリアオリーブ - メルカリ
19200	5113	CHANEL sunglasses coco camellia BLK case - メルカリ
37000	4017-D	いちご大好きさま専用【美品】CHANEL サングラス - メルカリ
17200	94305	CHANEL sunglasses BLACK archive y2k 00s - メルカリ
15000	009403-0236	✨美品✨オークリー 009403 Sphaera スフィエラ 940302 - メルカリ
13420	OV5413F	美品 オリバーピープルズ Cary Grant OV5413F サングラス 眼鏡 - メルカリ
29000	FDR	やまめん様JULIUS TART OPTICAL FDR 46/24 BLACK - メルカリ
13000	OO9406A-1737	Oakley スートロ　プリズムジェイド - メルカリ
16000	OO9463A-0339	オークリー OO9463A-0339 SUTRO LITE スートロ　ライト - メルカリ
29000	OSCAR MAGNUSON LUCIEN	お値下げ　OSCAR MAGNUSON LUCIEN - メルカリ
14000	OO9250A-0157 57 16 146 3N	美品　アメリカ製　オークリー アクチュエータ　サングラス　ブラック　スポーツ - メルカリ
20000	4093-B c.125/8Z	❤️ CHANEL 4093-B リムレス サングラス ココマーク　シャネル - メルカリ
15400	oo9270-04	美品✨OAKLEY JAWBREAKER オークリー ジョウブレイカー プリズム - メルカリ
16600	6008-B c.730/73	シャネル 6008-B サングラス ココマーク ラインストーン - メルカリ
17800	CL4002UN 54D POLARIZED	CELINE セリーヌ サングラス CL4002UN べっ甲柄 偏光レンズ 美品 - メルカリ
13000	SATCHMO 07	ADSR べっ甲 ラウンド サングラス ゴールド SATCHMO 07 ケース - メルカリ
13000	OO9208-7238 / 009208	美品　オークリー　RADAR EV PATH　ホワイト／オレンジ　プリズムレンズ - メルカリ
16999	OO9290-4031	超人気カラー　オークリー ジョウブレーカー サングラス 青 ブルー - メルカリ
30000	MM208	Maison Margiela × Gentle Monster MM208 - メルカリ
15800	gp-02	最終値下げ　guepard gp-02 whiskey Light brown - メルカリ
15000	TF1097	TOM FORD メガネ　サングラス　TF1097 - メルカリ
18500	VPR13ZD	PRADA プラダ メガネ VPR13ZD ブラック 度なし ケース箱付き 美品 - メルカリ
18600	4066-B c.101/8G  5098219	CHANEL シャネル サングラス レジン 4066-B ラインストーン 美品 - メルカリ
13000	SPR27L	専用✨PRADA SPR27L Triangle Logo Sunglasses - メルカリ
39500	TF1149	トムフォード　サングラス　限定品ロンハーマンコラボモデル　TF1149-D 眼鏡 - メルカリ
13000	5247-A	CHANEL　サングラス　サイドココ　ココマーク　ブラウン - メルカリ
19500	6016 c.872/13	シャネル サングラス ブラウン 66サイズ ココマーク ラインストーン 302 - メルカリ
17100	OW40004U 01A	Off-White オフホワイト アーサー スクエア サングラス 黒 保存袋付き - メルカリ
13500	TF4111	美品！Tiffany & Co. ティファニーブルー　サングラス レディース - メルカリ
20500	TF 5523-F-B 001	美品　TOMFORD サングラス　TF5523-F-B 001 - メルカリ
16880	4048	希少カラー✨️　美品　CHANEL　リムレス　サングラス　ブルー　レッド - メルカリ
16700	RB2140	レイバン サングラス コラボ キムタク ウェイファーラー 別注 マットブラック - メルカリ
30200	dada 01	おかめ様専用 - メルカリ
13800	OO9206-06	希少 OAKLEY sunglasses 長渕剛 RADARLOCK BLACK - メルカリ
13000	OO9244-2556	オークリー　サングラス - メルカリ
15000	91235	CHANEL Coco Mark Matelasse Sunglasses - メルカリ
14900	02461 94305	【極一点物】 CHANEL キャットアイ サングラス ブラック 眼鏡 レンズ度入 - メルカリ
19100	5102	CHANEL Coco Mark Matelasse Sunglasses - メルカリ
15000	TF542	限定廃盤！TOM FORD トムフォードTF542 サングラス - メルカリ
15800	SL505F 001	美品SAINT LAURENT サンローランSL505/F サングラス ケース付 - メルカリ
24000	RB 4335	3House着用 ray ban RB4335 - メルカリ
14800	GG0598S	美品　GUCCI グッチ　シェリーライン　GG　インターロッキングG　サングラス - メルカリ
14500	F-01NP	H*O様 999.9 フォーナインズ/feelsun サングラス ブルー - メルカリ
70000	RW4012	Ray-Ban Wayfarer 限定版 調光サングラス - メルカリ
14500	DIOR GLOSSY 1584LF	Dior ディオール/サングラス ブラックグラ デーションレンズ - メルカリ
17000	02461 c.94305 / 94305	シャネル　❤️ サングラス 02461 94305　ココマーク 黒 ゴールド - メルカリ
19000	OO9440-0156	オークリー クリフデン サングラス OAKLEY スポーツ 登山 スキー 釣り - メルカリ
価格	型番	商品名
17000	02461 c.94305 / 94305	シャネル　❤️ サングラス 02461 94305　ココマーク 黒 ゴールド - メルカリ
19000	OO9440-0156	オークリー クリフデン サングラス OAKLEY スポーツ 登山 スキー 釣り - メルカリ
20000	BM010	BLANC.. BM010 47□22-145 サングラス - メルカリ
14000	B0019	BLANC.. ブラン B0019 R GOL 54□14-145 チタン 鼈甲 - メルカリ
13000	OV5393U 177952	オリバーピープルズ　サングラス - メルカリ
28700	05976 91235 / 91235	✨美品✨CHANEL ココマーク サングラス ブラウン 05976 91235 - メルカリ
25000	TF539	TOM FORD ブラック グラデーションサングラス - メルカリ
27300	4093-B c.125/8Z	❤️CHANEL サングラス 4093-B Rimless ブラウン ココマーク - メルカリ
15000	310774421 / RB3447 col.002/4B	【美品】木村拓哉 レイバン ラウンドメタル サングラス サイズ50-21 ピンク - メルカリ
33500	FDR	JULIUSTART OPTICALジュリアスタートオプティカルFDR46-24 - メルカリ
34000	TB-101-B-T-GLD-49	マ*コ様 THOM BROWNE トムブラウンTB101-B-T-GLD49 小 - メルカリ
17000	MOD 372  COL852	GIANNI VERSACEヴィンテージ サングラスMOD372レディーガガ着 - メルカリ
42800	Z1667E / RG4274	現行品　ルイヴィトン Z1667E LVライズ スクエア サングラス - メルカリ
15500	OO9444F-0257	【希少】OAKLEY オークリー Frogskins 35th ブラック - メルカリ
16700	5124	CHANEL シャネル サングラス 5124 ココマーク マトラッセ ホワイト - メルカリ
15100	OERI016	た*し様 オフホワイト　OFF-WHITE Arthur OERI016 サング - メルカリ
15500	GG 3115/F/S	【本物保証】GUCCI ホースビット サングラス アジアンフィット 黒 ケース付 - メルカリ
18890	GG0371SK 004	GUCCIグッチGG0371インターロッキングサングラス (クリアグリーン系) - メルカリ
35000	FDR	007様専用JULIUS TART OPTICAL FDR 44/22 - メルカリ
18300	A28203 S6608	極美品　CHANEL シャネル　ココマーク　マトラッセ　クリア　サングラス - メルカリ
25000	7285 338	Eyevan アイバン 7285 338（45） 100 - Black - メルカリ
13780	K0236	KILLER LOOP サングラス 長渕剛 REVOLT 度無し ブラック - メルカリ
18280	ROMEO 03	ADSR 赤西仁 ROMEO 03 サングラス ロメオ エーディーエスアール - メルカリ
52000	Z3040E	ルイヴィトン サングラス Z3040E LVオーラパント ピンク 美品 - メルカリ
16800	OV5211	OLIVERPEOPLES Adams OV5211 サングラス度なしクラシック - メルカリ
15000	Mod.9031	極美品✨️　CAZAL サングラス　チタン　チタニウム　ゴールド - メルカリ
24000	fuzz-s	お値下げ　EFFECTOR/エフェクター　fuzz-s　伊達メガネ - メルカリ
13800	W2952	【上杉柊平着用モデル】B&L レイバン サングラス　Rituals ボシュロム製 - メルカリ
16000	Verney A03093	【極美品】alain mikli/アランミクリ Verney A03093 - メルカリ
36800	4104-B	CHANEL シャネル サングラス 4104 ココマーク ラインストーン 黒 - メルカリ
23000	F-1582	Zeque by ZEAL OPTICS Walz Alt ブラック/ゴールド - メルカリ
16500	TF5458	TOM FORD TF545サングラスサーモント　ブロー トムフォード 度なし - メルカリ
13200	TF5147	TOM FORD TF5147 度なし　サングラス　メガネ トムフォード - メルカリ
40000	ZK100-413	現行・極美品 プラダ トライアングルロゴ サングラス 付属品完備 メンズ 黒 - メルカリ
21000	OP-43T	オリバーピープルズ 彫金メタルフレーム 着脱式クリップオン サングラス メガネ - メルカリ
28200	58-5201	ジャンポールゴルチエ 58-5201 ゴーグルサングラス 日本製 - メルカリ
16000	Z0031E	姫ステラ❤︎''様専用 美品LOUIS VUITTON サングラスモノグラム - メルカリ
13990	rb2184f-90158-57	レイバン　サングラス　RB2184F 偏光レンズ - メルカリ
13800	CL40194U	CELINE セリーヌ トリオンフ サングラス アイウェア CL40194U - メルカリ
14800	OO9245-44	良品 オークリー サングラス Frogskins 白 ホワイト 9245-44 - メルカリ
20000	Z0145E	LouisVuitton サングラス ウルスラストラス Z0145Eルイヴィトン - メルカリ
26000	50-19140	vintage Jean Paul Gaultier サングラス - メルカリ
16500	SPR 17T	PRADAプラダ SPR17T ゴールドブリッジサングラス（ブラウン系） - メルカリ
14800	TF336	TOM FORD TF336 Leo サングラス 52□21 度なし - メルカリ
13000	GV 7020/F/S	GIVENCHY GV7020 サングラス ブラック 51□22 度なし - メルカリ
18960	5205 c.888/3F	CHANELシャネル5205c.888リボンココマーク サングラス(ブラック系) - メルカリ
31440	Z1090E 9JN	【美品】2G423 ルイヴィトン Z1090E クリップオン サングラス 眼鏡 - メルカリ
13800	RB3565	Ray-Ban ゴールド 調光サングラス　Transitions® レイバン - メルカリ
13000	6525 C3	OLIVER PEOPLES 度なし　ライトグレー　サングラス　メガネ - メルカリ
14000	TF5432-F 001	TOM FORD TF5432-F ライトグレー サングラス　度なし - メルカリ
25000	DIOR 0049/S	エディ期DIOR HOMME 05SS Aviator Sunglasses - メルカリ
29290	NPM-106	極美品 999.9 フォーナインズ NPM-106 ブラック×ゴールドサングラス - メルカリ
15000	MOD. 952     COL. 332	希少　CAZAL カザール サングラス　ハーフリム　ブルー グラデーション - メルカリ
17100	4037	CHANEL シャネル サングラス スモークレンズ　　クリアーグレー - メルカリ
18800	5684	Alain Mikli 5684 COL1026 フランス製 ローサングラス - メルカリ
15000	OJ9001-0631	★値下げ★オークリーレーダーEVXSパスユースフィットサングラスプリズムジュニア - メルカリ
17800	04152 94305 / 94305	一点物　美品 シャネル キャットアイ サングラス ブラック ココマーク - メルカリ
31500	M-165	専用です。999.9 フォーナインズ M-165 9902 クリアブラック - メルカリ
13800	oo9430-0457	【値下げ】オークリー　ACTUATOR SQ - メルカリ
26666	5976	CHANEL ココ マーク サングラス ビンテージ 0597［専用ケースなし］ - メルカリ
13500	2028	VERSACE ヴェルサーチ　サングラス - メルカリ
21000	4002	【希少】CHANEL シャネル サングラス 4002 リムレス ココマーク - メルカリ
30000	Sheldrake-J	OLIVER PEOPLES Sheldrake 日本直営店限定カラー - メルカリ
15900	MOD.923 921	極美品✨CAZAL リムレス MOD.923 度なし ブラウン サングラス - メルカリ
15000	L5022	【BL刻印】80's RayBan WAYFARER （B&L5022 USA） - メルカリ
17900	4084	シャネル CHANEL 4084 カメリア　サングラス　リムレス緑 - メルカリ
22900	TF5484 001	【TOM FORD】TF5484 サングラス　眼鏡 - メルカリ
15500	BA13011	A BATHING APE エイプ 伊達メガネ サングラス　ブラウン ロゴ入り - メルカリ
14000	OO9313-1738	Oakley オークリー EVZero Path プリズム ポリッシュドホワイト - メルカリ
25000	gp-12	guepard gp-12 ecaille jaune lens:Blue - メルカリ
15000	4251-J	PA 様専用CHANEL パント シェイプ サングラス イタリア製 レディース - メルカリ
24000	MOD623	【名作】CAZAL カザール MOD.623 レジェンズ ドイツ製 - メルカリ
13000	OO9403	【美品】オークリー　OO9403 スフィエラ 940302 - メルカリ
14900	OO9406	OAKLEY SUTRO - メルカリ
13800	RB4392	レイバン RB4392D 645087 66サイズ クリアグレー - メルカリ
22000	47630	極美品✨オークリー oo9495D-05レーダープレート サングラスEVPath - メルカリ
13000	01452 94305	美品 ケース付 CHANEL サングラス レディース シャネル ココマーク - メルカリ
24999	E-0508 BAMB	【極美品】EYEVAN/アイヴァン E-0508 BAMB 調光レンズ - メルカリ
42999	TB-011A-46	【極美品】THOM BROWNE/トムブラウン TB-011 ゴールド - メルカリ
19000	KT019624057901	【極美品】シャネル サングラス 02461 ビッグココマーク 黒×ゴールド - メルカリ
19999	CONSUL 50	【美品】OLIVER GOLDSMITH CONSUL 50 BLACK - メルカリ
36500	5422B	CHANEL ラインストーン　スクエア　サングラス - メルカリ
13800	RB 2140-F 901/58	【極美品】Ray-Ban ウェイファーラー RB2140-F 901/58 偏光 - メルカリ
14500	AF-301 C-6BK	Airfly エアフライ　調光サングラス　AF-301 C-6BK - メルカリ
15000	RB 2140-F	Ray-Ban Wayfarer 木村拓哉コラボサングラス - メルカリ
20000	OV5547U	OLIVER PEOPLES OV5547U(N.05) サングラス - メルカリ
19000	TF237	TOM FORD/トム・フォード SNOWDON TF237-F - メルカリ
	Z0319U	ルイヴィトン モーションエアー サングラス ブラック スポーツ メンズ - メルカリ
36500	gp-05	guepard ギュパール gp-05 Whisky ウィスキー - メルカリ
19000	SPR 19W-F	PRADA サングラス SPR 19W-F 1AB-5S0 - メルカリ
35000	dada 01	Gentle Monster sunglasses dada - 01 - メルカリ
15800	Shaldrake Sun	OLIVER PEOPLES / Sheldrake Sun GGM LTD - メルカリ
	TF5178F	【美品】 TOM FORD TF5178F サングラス 黒縁 ブラウン レンズ - メルカリ
25800	4265Q  c.101/S4	シャネルCHANEL カーフスキン×メタル サングラス 4265Q 付属品あり - メルカリ
13000	227AB	JINS BE BOLD レイバン エフェクター 眼鏡 サングラス キムタク - メルカリ
17000	5146-A	希少★美品★CHANELココマークレースグラデーションサングラス - メルカリ
23000	TF 1233-D 01A	TOM FORD TF 1233-D 01A サングラス - メルカリ
22800	SH4002 0004/6R 3N	美品スタルクアイズ サングラス SH4002 0004/6R 3N アランミクリ - メルカリ
19700	TF9 01D	TOM FORD TF9 Whitney 偏光 サングラス 黒 hyde 美品 - メルカリ
17000	5113-A	【良品】CHANEL サングラス ココマーク カメリア 5113-A シリアル有 - メルカリ
30000	56-9174	ジャンポール ゴルチエ 56 9174 . サングラス ビンテージ スプリング - メルカリ
21000	Z0771E	ルイ ヴィトン サングラス ダミエグラフィット アリアンス - メルカリ
25300	Z0165U	LOUIS VUITTON モノグラムレンズ　サングラス　ケース付き - メルカリ
13400	02461 94305	CHANEL ブラック サングラス ココマーク　イタリア製　94305 - メルカリ
22999	GMS-198T	MASUNAGA/増永眼鏡 GMS-198T メガネ・サングラス - メルカリ
14500	OO9406A-3237 / 009406	美品　オークリー　Sutro　アジアンフィット　バーブコレクション　ケース・袋付 - メルカリ
価格	型番	商品名
25489	TF1040-D/S 01A	トムフォード／TF1040-D - メルカリ
25489	TF1040-D/S	トムフォード／TF1040-D ブルー - メルカリ
18500	OO9206-6638	オークリー レーダーロック OO9206-6638 勝刻印 日本限定 紫 - メルカリ
14000	M0848	【希少】【ヴィンテージ】CUTLER AND GROSS M0848 べっ甲 - メルカリ
15990	oo9438-0158	OAKLEYオークリー EYEJACKETREDUX アイジャケット レダックス - メルカリ
17000	8802	ROAV GALAXY ローブギャラクシー 8802OP CHEMISTRY - メルカリ
20999	PREM-114WRN S N	【極美品】BJ CLASSIC PREM-114WRN S NT 浜辺美波さん - メルカリ
25000	NP-16	定価 : 42.900円 999.9フォーナインズ NP-16 - メルカリ
	TF9310 55J	TOM FORD トムフォード TF9310 サングラス (べっ甲調ブラウン系) - メルカリ
16000	SMU05E 0AD-4N1	miu miu SMU05E 0AD-4N1 サングラス マーブル スクエア - メルカリ
19800	4017-D c.124/89	【美品】CHANEL ヴィンテージ サングラス 4017-D ラインストーン - メルカリ
25000	W1933XXAC	週末値下げ激レアVINTAGEレイバンボシュロム製シャイアンラウンド付属品あり - メルカリ
21400	91235	CHANEL sunglasses archive 00 90 gold - メルカリ
13000	OPR 16WSF	O*E様 販売！ PRADA サングラス ブラック - メルカリ
19800	5027 c.501  1631210	CHANEL サングラス 5027 1631210美品 - メルカリ
14000	Z0556E	ルイヴィトン　サングラス　プティ　スプソンキャットアイ - メルカリ
16000	RB2140F 138731	RayBan RB2140F 138731 サングラス レイバン 調光　キムタク - メルカリ
69000	EYEVAN7285	最終値下げ 美品 EYEVAN7285 319 c.121 - メルカリ
49200	Z1963U	✨美品⚜️LOUIS VUITTON⚜️サングラス - メルカリ
25555	GG1195SK	【GUCCI】 ピンク サングラス メガネケース付き - メルカリ
19800	6004-B　c.501/19	CHANEL ココマーク ラインストーン CC サングラス 6004-B - メルカリ
14700	TF751	か*げ様 TOM FORD トムフォード サングラス ウェリントン 鼈甲 TF7 - メルカリ
24000	NPM-95	【極美品】999.9 feelsun＊/フォーナインズ　NPM-95 サングラス - メルカリ
19000	5113-A	美品 CHANEL サングラス カメリア ココ ピンク×ブラック 未使用に近い - メルカリ
15000	oo9290-4831	オークリー ジョウブレイカー oo9290-4831 ハイブリッジフィット - メルカリ
22000	RB4264 601S5J 58	Ray-Ban 偏光サングラス RB4264 - メルカリ
70000	56-6104	ジャンポール ゴルチェ サングラス 2PAC avalanche - メルカリ
13580	Z0003E	美品✨️　LOUISVUITTON　サングラス　モノグラム　ゴールド金具 - メルカリ
49080	AO 1/10 12KGF	アメリカンオプティカル 12KGF 1950-1960 ビンテージ サングラス - メルカリ
18500	OO9336-04	【美品】Oakley Straightlink Prizm Daily - メルカリ
34900	DB23S2FRT_10B8	DiorB23 サングラス レクタンギュラー ブラック アセテートフレーム - メルカリ
39600	5422-B-A	CHANEL キャットアイ サングラス ブラック ココマーク ロゴ - メルカリ
50000	RW4006 Meta Wayfarer / RW4006 601/7150	Ray-ban meta スマートグラス　Wayfarer RW4006 - メルカリ
22000	FE40144F	FENDI フェンディ サングラス スクエアフレーム ブラック ケース クロス付 - メルカリ
40100	61034-459-01	V*a様 100% S3 ゴールドミラーサングラス　タティスJr. - メルカリ
20000	V852	XIT eyewear（旧EYE’DC）V852　成田悠輔氏着用タイプ - メルカリ
13480	OO9275-2335	オークリー　OAKLEY サングラスRadar EV Path【アジアフィット】 - メルカリ
16000	Z0392E	ルイヴィトン　フロール カレ サングラス ライトベージュ スモーク Z0392E - メルカリ
40100	Inferno CS1	そ*】様 GENTLE MONSTER ジェントルモンスター 鉄拳8 サングラス - メルカリ
17900	oo9463a-2139	オークリー　スートロ ライト　ローブリッジフィット - メルカリ
18500	KM-44 BRGR	【極美品】金子眼鏡 KM-44 BRGR 創業昭和三十三年 - メルカリ
15500	OO9475-0449	オークリー サングラス - メルカリ
16800	4017-D / 00s archive CHANEL sunglasses y2k	CHANEL サングラス リムレス ココマーク グレー ストーン シャネル - メルカリ
13800	SPR 27L	PRADA サングラス SPR27L べっ甲 トライアングルロゴ ケース付き - メルカリ
18000	OO9313-2338	専用　オークリー EVZERO PATH 偏光サングラス　2338 - メルカリ
19100	SPR27N	美品 PRADA sunglasses バロック SPR27N hydeさん着用 - メルカリ
44000	4092-B	【美品】CHANELサングラス 4092-B ココマーク ストーン リムレス - メルカリ
13000	8018	【カザール】8018 サングラス ブラック×ゴールド ロゴ アイコニックデザイン - メルカリ
25800	5312-A	CHANEL シャネル サングラス 5312-A ココマーク ブラック 極美品級 - メルカリ
18000	1610 / 42000	アンバレンタイン SHE LOVES サングラス ケース付き レトロ ポップ - メルカリ
18000	ANTENA01	現行 ジェントルモンスター ボールド アンテナ01 サングラス 完売 芸能人着用 - メルカリ
13000	21012-A-BLK-GLD-54	DITA FREEBIRD - メルカリ
23000	TF5178	TOMFORD メガネ - メルカリ
24000	CL4003IN-4853A	CELINE セリーヌ　サングラス　ドゥーズィエムクラス　岩渕 - メルカリ
25480	4003 c.116/75	CHANEL シャネル リムレス 4003 サングラス メタル ココマーク - メルカリ
13000	4099 c.124/7A	CHANEL サングラス 4099 リムレス ココマーク パープル - メルカリ
14800	TF299 01B	TOM FORD Astor TF299 01B 55□18 美品 - メルカリ
15000	RB3379	美品 Ray-Ban レイバン RB3379 YOSHIKI着用 ケース付属 - メルカリ
13800	RB2140-F 601/4B 52-22 150	RayBan 木村拓哉選定モデル　WAYFARER RB2140F601/4B - メルカリ
46500	Z0339U	[極美品・箱付き] LOUIS VUITTON アティテュード Z0339U - メルカリ
16000	SPR 71C 2AC-7A1 / s117	極美品・付属品完備✨　プラダ　サングラス　ハーフリム　スクエア　ロゴ刻印　Y2K - メルカリ
21000	5338HA c.501/S8	CHANEL サングラス　5338HA c.501/S8偏光 良品 - メルカリ
21000	OV5343D 1001 Marret	お値下げ　OLIVER PEOPLES Marret 有村架純さん着用 - メルカリ
16999	OO9403-0736	オークリー Sphaera スフィエラ 調光レンズ - メルカリ
15000	M-61	お値下げ　999.9/フォーナインズ　M-61 - メルカリ
20000	MOD2006	VERSACE ヴェルサーチ MOD2006 メデューサ メタル サングラス - メルカリ
21700	56-7107	ヴィンテージ Jean Paul GAULTIER 56-7107 サングラス - メルカリ
36500	56-0063	ヴィンテージ Jean Paul GAULTIER 56-0063 サングラス - メルカリ
28000	56-0006 / 90s archive Jean Paul Gaultier sunglasses y2k	90s ジャンポールゴルチエ サングラス パープル ヴィンテージ archive - メルカリ
14600	56-5106	ジャンポールゴルチエ　サングラス　希少　jeanpaul GAULTIER - メルカリ
51500	Z1579E	わい様専用 - メルカリ
15999	LF3175862	本物保証 トムフォード サングラス Whitney / Jennifer 白 - メルカリ
14240	58-5104 / 90s archive Jean Paul Gaultier sunglasses y2k	Jean Paul Gaultier サングラス メタル archive - メルカリ
20000	03517 94305	まんちぇ様御専用CHANEL サングラス 03517 ケース付き - メルカリ
14800	01450 94305	希少 CHANEL シャネル サングラス マトラッセ ココマーク 01450 黒 - メルカリ
15100	EM6-D03-02	こ*え様 美品　日本製TALEX偏光オーバーグラスTRUEVIEW EM6-D0 - メルカリ
41000	TB-011A-46	THOM BROWNE TB-011A-46 メガネ　サングラス - メルカリ
14999	0MU A05S	Miu Miuミュウミュウ サングラス - メルカリ
24200	DTS431	F*p様 DITAta FIRAZ DTS431-A-02 ブルーグラデーション - メルカリ
13500	9438-0358	OAKLEY EYEJACKET REDUX9438-0358 未使用品 - メルカリ
45800	RB3379	廃盤 Ray Ban RB 3379 サングラス YOSHIKI愛用モデル - メルカリ
14500	SL M48S/K 001	極美品✨ サンローラン サングラス SL M48S/K 001 ブラック - メルカリ
22444	Jamieson TF673 52E	美品　TOMFORD サングラス　Jamieson TF673 52E ブラウン - メルカリ
25000	SPR 252-F 1AB-08G	PRADA サングラス SPR25Z-F 1AB-08G ブラック 正規品 - メルカリ
22600	Hugh TF337 56J	✨美品✨TOM FORD サングラス ウエリントン ユニセックス ブラウン - メルカリ
20200	GG0396S	H*x様 美品) GUCCI グッチ ゴールド　スクエア　サングラス　GG039 - メルカリ
19000	MBK-DG-MGY	Eyevol LEIFER III (47) マットブラック×ミディアムグレー - メルカリ
22299	FOCUS LBR	正規品ayame/アヤメ focusユニセックス綾野剛さん - メルカリ
20000	F-05APM	999.9 フォーナインズ feelsun F-05APM サングラス - メルカリ
27000	TF4188D 80013C	ティファニー Tiffany サングラス - メルカリ
48000	5422-B-A	⭐︎Shino様専用⭐︎CHANEL サングラス 黒 ホワイト 5422-B-A - メルカリ
20100	THAVOS	T*C様 DITA THAVOS ディータ サングラス 黒 DTX713-A-0 - メルカリ
19000	OO9290-4031	超人気カラー　オークリー ジョウブレーカー サングラス 青 ブルー - メルカリ
35000	TB-011F-46	タイタン様専用 - メルカリ
13500	0RB2140F	【希少品】Ray-Ban WAYFARER ウェイファーラー サングラス - メルカリ
価格	型番	商品名
16600	5285-A	CHANEL シャネル サングラス べっ甲 ブラウン ココマーク 人気デザイン - メルカリ
25999	S-956T	【極美品】999.9/フォーナインズ　S-956T 12 ガンメタリック - メルカリ
14300	5286-A	CHANEL サングラス 5286-A 黒 グラデ 56□18 135 d92 - メルカリ
21000	22G 120	￼美品【クリスチャンディオール】Y2K ジョンガリアーノ期 サングラス リムレス - メルカリ
27999	TB-711-A-BLK-GLD-52	【極美品】THOM BROWNE/トムブラウン TB-711-A-BLK-GLD - メルカリ
39999	anselmi	【極美品】lazare studio/ラザールステュディオ anselmi - メルカリ
60000	MM110 01	かめれおん様 専用 - メルカリ
16999	OP-1955	【美品】OLIVER PEOPLES OP-1955 DTB/MBK 雅 - メルカリ
19000	5066 / d114	CHANEL ココマーク グレーベージュグラデ シールドサングラス d114 - メルカリ
19000	Z1005E	ルイヴィトン オリヴァー サングラス ブラック LV ロゴ - メルカリ
20000	CL 41061/F/S 807 BLACK	CÉLINE フィービー期 THIN PREPPY シン プレッピー サングラス - メルカリ
15000	SPR01O-A / English Summary	美品 PRADA サングラス 茶×緑 モード配色 ケース付 N59 - メルカリ
15000	TF179	匿名・スピード発送　トムフォード　バタフライサングラス　美品　レア品 - メルカリ
27600	DPFCB2FQR_40D2	Christian Dior ディオール　ピンク サングラス　バタフライ - メルカリ
27000	M2/M.2	お値下げ　ANNE ET VALENTIN/アンバレンタイン M2/M.2 - メルカリ
16000	TF-0237-05V	TOM FORD SnowdonスノードンTF237/05V サングラス - メルカリ
29000	TF904	サングラス　TOMFORD　TF904 57V　トムフォード - メルカリ
20500	S003-110	nana様専用シャネル 4113 サングラス ココマーク オレンジ - メルカリ
21000	6023 C.935 / 11	CHANEL サングラス ココマーク ホワイト アイウェア 箱付き フレーム - メルカリ
14800	TF978	【美品】TOM FORDサングラスデミ柄フレームグラデーションブルーレンズ - メルカリ
15000	oo9465-3039	オークリー　スートロライトスイープ　SUTRO LITE SWEEP - メルカリ
16800	CH4305 COL.3	​【美品】CHANEL シャネル サングラス チェーンモチーフ ココマーク - メルカリ
21500	5339-H-A	CHANEL ブラック キャットアイ サングラス シャネル 眼鏡 - メルカリ
23000	BB01040	torinankotu726様専用ページ - メルカリ
22000	MONSTER DOG 05-020	Oakley モンスタードッグ 05-020 艶ありブラック y2k 廃盤 - メルカリ
13200	05972 91235	シャネル サングラス 鼈甲柄 レディース ブラウン ココマーク cc ロゴ - メルカリ
	G-101	【ヴィンテージサングラス】マリテウランソワジルボー - メルカリ
15000	TB-406-A-T-BLK-48	THOM BROWNE トム ブラウン メガネ サングラス - メルカリ
45800	Z1524E 9D5	美品 ルイヴィトン サングラス マイ モノグラム スクエア べっ甲 ブラウン - メルカリ
27980	LUNETTES twisted double bridge T135	TIFFANY LUNETTES サングラス 23K GOLD PLATED - メルカリ
32800	01947 94305 / 94305	CHANEL シャネル サングラス 01947 ココマーク オーバル ケース付 - メルカリ
15000	RB3447 112P9	Ray-Ban サングラス ラウンドメタル RB3447 112P9 - メルカリ
27000	5493	CHANEL 5493 c622 ブラック　ココマーク　サングラス　スクエア - メルカリ
21444	TF5542	美品　TOMFORD 伊達メガネ　TF5542-B 001 専用ケース付き - メルカリ
15000	W1709	Ray Ban アトランタオリンピック 限定 アビエーター サングラス レイバン - メルカリ
15700	GG2738	00s GUCCI sunglasses archive y2k - メルカリ
44200	Z1274E	美品 ルイヴィトン ポートランド サングラス ブラック マーブル レッド グレー - メルカリ
15282	OO9161-01	美品 OAKLEY PITBULL ピットブル OO9161-01 サングラス - メルカリ
21000	505 BK	3*T様 EDIFICE別注Oliver Peoples (オリバーピープルズ) - メルカリ
23000	CH3308 52 24-145 C1	【美品】CHANEL サングラス　マトラッセ ココマーク C ロゴ 黒 - メルカリ
22000	COMBI	美品 BJ CLASSIC COLLECTION COM-510B NT - メルカリ
39000	CL40194U 01A	CELINE セリーヌ サングラス ケース・箱・クロス付き 美品 - メルカリ
27000	TF237	限定レンズ RHC 別注 TOMFORD Snowdon TF237-F 01V - メルカリ
22000	OV5414SU	OLIVER PEOPLES Forman サングラス OV5414SU 偏光 - メルカリ
25555	ov5036a 1492	OLIVER PEOPLES サングラス OV5036A sheldrake - メルカリ
22000	009463A-0439	OAKLEY SUTRO LITE ミラーレンズ サングラスPrizm 24k - メルカリ
16000	BA13011 / 13011	希少　A BATHING APE エイプ　伊達メガネ　サングラス　グリーン　ロゴ - メルカリ
20000	TF248	TOM FORD サーモント サングラス TF248 トムフォード 1400M1 - メルカリ
13900	TF5223 AF 005 / 14165	TOM FORD TF5223 サングラス 男女兼用 Tバー 黒×茶 - メルカリ
22000	MONSTER DOG 05-020	Oakley モンスタードッグ 05-020 艶ありブラック y2k 廃盤 - メルカリ
13000	MOD2028	値下げ!!!ヴェルサーチメデューサロゴサングラス美品 - メルカリ
14800	EM6-D03-04	【美品】TALEX オーバーグラス 偏光サングラス EM6-D03-04 - メルカリ
15000	F-1170	Zeal TALEX サングラス ケース付き - メルカリ
33000	TF0890-K	FINAL SALE‼️ TOM FORD/トムフォード/サングラス/ブロー型 - メルカリ
18000	SANROKUGO	SHISHIKUI SANROKUGO 眼鏡 サングラス シシクイ サンロクゴ - メルカリ
17000	52-4101	ヨウジヤマモト 90s ビンテージ サングラス 52 4101 UVカット 黒 - メルカリ
23000	FEAR X	Gentle monster Fear X 01 ブラック　サングラス - メルカリ
25000	LEMTOSH	お値下げ　MOSCOT LEMTOSH 46 サングラス　マットブラック - メルカリ
18800	5380-A	CHANEL シャネル サングラス 5380-A - メルカリ
28000	CL40233I	CELINE サングラス ブラック - メルカリ
16000	W0923	【希少/極美品】80s B&L RAY-BAN USA AUSTIN MAX - メルカリ
23000	56-6102	Jean Paul Gaultier サングラス 56-6102 ゴルチエ - メルカリ
15980	04-205	​【極美品】 オークリー ジョウボーン 04-205 サングラス ライムイエロー - メルカリ
14900	OO9406A-1837	美品★ OAKLEYオークリー サングラス SUTRO スートロ Prizm - メルカリ
23000	TF673 / 77000	TOM FORD トムフォード JAMIESON サングラス TF673 - メルカリ
15000	TF211	美品✨️ TOM FORD トムフォード TF211 AFサングラス ブラック - メルカリ
20000	ayame i wear design GENERAL	お値下げ　ayame GENERAL デミ オリラジ藤森着用 - メルカリ
17790	4084 c124/8E	【美品】CHANELシャネルカメリアサングラス - メルカリ
18500	2512390	BALENCIAGA バレンシアガ　ラウンドサングラス - メルカリ
13800	RB2140-F 601/4B 52-22 150	RayBan 木村拓哉選定モデル　WAYFARER RB2140F601/4B - メルカリ
26000	DM-DG-MBR	eyevol TALEXレンズ LEIFER Ⅲ XL DM-DG-MBR - メルカリ
35999	TB-011A-46	お値下げ　THOM BROWNE TB-011A-46 登坂広臣着用 - メルカリ
28780	4003 c.103/71	CHANEL シャネル サングラス ココマーク リムレス 4003 - メルカリ
18200	4093-B c.125/8Z 130	CHANEL サングラス 4093-B リムレス y2k メガネ ゴールド - メルカリ
17700	05974 94305	CHANEL ココマーク 05974 サングラス ブラック シャネル ゴールド - メルカリ
33800	KHK-SG	KIMHEKIM キムヘキム キャットアイ サングラス - メルカリ
13800	BB0139S 003	【美品】BALENCIAGA バレンシアガ BB0139S サングラス メタル - メルカリ
13100	OV5186	OLIVER PEOPLES Gregorypeck 度なし メガネ - メルカリ
26000	DM-DG-MBR	eyevol TALEXレンズ LEIFER Ⅲ XL DM-DG-MBR - メルカリ
25000	BB0076SK	美品 バレンシアガ エブリデイ スクエア サングラス メガネ 眼鏡 ブラック - メルカリ
38800	BB0096S	美品⭐️G-DRAGON着用 BALENCIAGA BBサングラス BB0096S - メルカリ
13000	oo9439-0550	Oakley サングラス Pitchman R（PRIZMレンズ, ケース付き） - メルカリ
13000	SL186 SLIM	SAINT LAURENT サンローラン　サングラス　SL186 SLIM - メルカリ
19400	TF776-F	TOM FORD TF776-F Gerrard サングラス アジアンフィット - メルカリ
17000	RD-001	美品⭐︎OWL MILS アウルミルズ Izanagi イザナギ - メルカリ
22900	TF1040-D	最終価格　1/11迄　TOM FORD サングラス ケース付き - メルカリ
19000	RB2140F 1387/31	レイバン RB2140F 1387/31 チェンジコレクション サングラス - メルカリ
14000	RB4391D	レイバン　サングラス - メルカリ
23500	TF5405-F	美品 トムフォード TF5405 サングラス 黒 ブラック 青 ブルー メンズ - メルカリ
18800	764256	A.D.S.R サングラス - メルカリ
71800	Z1700U	美品 ルイヴィトン サングラス サイクロン Z1700U ゴールド LVフラワー - メルカリ
17600	C3679280	【美品】10F418 シャネル サングラス 5050 マトラッセ 黒 ココマーク - メルカリ
価格	型番	商品名
48000	W1508	レイバン Ray-Ban W1508 B&L ダイヤモンドハード サングラス - メルカリ
14000	GUCCI gg1363s	GUCCI サングラス gg1363s 両方-0.1レンズ - メルカリ
33000	DTS127-56-01AF//BLK-GLD	✨DITA✨SOULINR-ONE ゴールドブラックサングラス ユニセックス - メルカリ
55000	MM205	Maison Margiela × Gentle Monster サングラス - メルカリ
17000	OO9245-87	OAKLEY FROGSKINS アジアンフィットモデル - メルカリ
25000	JR604	【値下げ】SAMURAI SHO サングラス 調光レンズ SS-JR604 - メルカリ
23000	Puerto PBK 47	お値下げ　EYEVAN Puerto PBK 47 - メルカリ
45000	56-0174	90s ジャンポール ゴルチェ サングラス スクリューギミック アーカイブ - メルカリ
17000	5208-Q-A	s*s様 CHANEL シャネル サングラス 5208-Q-A チェーン ココマ - メルカリ
16500	Z0361U	【正規品】ルイヴィトン サングラス Z031U Y2K 太フレーム スクエア - メルカリ
26500	CL40197U	CELINE ブラック サングラス CL40197U 01A　54□18　145 - メルカリ
16900	GG2400	GUCCI sunglasses GG Kurt Cobain white - メルカリ
15000	CL500971	CELINE スクエア　サングラス　メガネ　眼鏡 - メルカリ
68000	Z1165W	良品 ルイヴィトン Z1165W サングラス 1.1 ミリオネア ブラック 金 - メルカリ
40000	SMU 11W	MIU MIU ミュウミュウ グリンプス サングラス SMU 11W - メルカリ
23000	CL40235U	極美品◎セリーヌ　トリオンフ　メタル　01 サングラス　オーバル　ロゴ刻印 - メルカリ
16000	oo9245-4954	Oakley FROGSKINS アジアンフィットタレックスレンズ付！ - メルカリ
13000	5170	【美品】CHANEL サングラス　リボン ボルドー ケース 箱無し値下げ品 - メルカリ
28000	LEMTOSH	モスコット　レムトッシュ - メルカリ
20000	ROAV Ace Vision-6004	お値下げ　Roav Galaxy Ace 折りたたみ　ブラウン - メルカリ
13000	9290	Oakley Jawbreaker サングラス マットブラック - メルカリ
23000	SPR 06Y-F	美品 正規 PRADA Symbole sunglasses 1027P▲ - メルカリ
18500	5183-A c.501/3C / Made in ITALY	極美品 CHANEL シャネル サングラス グラデーションレンズ 付属品完備 - メルカリ
18600	2014 10	【ヴィンテージ】CHANEL ラウンド　サングラス　0014-10 ココマーク - メルカリ
13800	oo9401-0237	【美品】　オークリー　フライトジャケット ハイブリッジフィット サングラス - メルカリ
19500	05-013	Oakley モンスタードッグ　サングラス　ブラウン - メルカリ
15080	GG0419SA 002	✨美品✨GUCCI ラインストーン ブランドロゴ サングラスGG0419SA - メルカリ
14000	5285	希少 CHANEL sunglasses coco brown vintage - メルカリ
19100	52-4108	【期間限定値下げ】YOHJI YAMAMOTO 52-4108 サングラス - メルカリ
29800	4157-Q	CHANEL サングラス 4157-Q ココマーク マトラッセ レザー リムレス - メルカリ
14000	rb7140	Ray-Ban（レイバン）　サングラス　rb7140 2000 - メルカリ
16000	Bryan-02 TF590-F 52J	TOM FORD サングラス TF590-F 52J Bryan-02 - メルカリ
22480	COM-548NT	BJ CLASSIC COLLECTION COM-548 サングラス 眼鏡 - メルカリ
33000	18-0011-60 / 0712139	吉川晃司さん愛用 Lunetta BADA 18-0011-60 サングラス - メルカリ
30000	58-0014	Vintage JPG BY GAULTIER ゴルチエ サングラス オーバル - メルカリ
13000	FT0472 02B	TOM FORD FT0472 02B サングラス メガネ 伊達 度なし - メルカリ
16680	58-7208	【期間限定値下】Jean Paul Gaultier 58-7208 サングラス - メルカリ
23800	sheldark-sun 362	OLIVER PEOPLES SHELDRAKE サングラス - メルカリ
13000	RB4068	✨美品✨RayBan サングラス スクエア トータス ユニセックス RB4068 - メルカリ
41200	Z1857E	美品 ルイヴィトン サングラス LV プティ スプソン キャッツアイ 現行 黒 - メルカリ
24000	BB0096S	G-DRAGON着用 バレンシアガ BB0096S - メルカリ
24000	TF0793	【希少・美品】TOM FORD ウェリントン サングラス　FT793-D 02A - メルカリ
30000	LW40028I	LOEWE サングラス 現行ロゴ ブラック メンズ レディース アナグラム 黒 - メルカリ
22999	BUCKEYE DRX-2072-C-NVY-GLD-49	【極美品】DITA BUCKEYE DRX-2072-C-NVY-GLD-49 - メルカリ
20000	GG1434S	GUCCI ゴールドフレーム グリーンレンズ サングラス - メルカリ
20000	M-07	お値下げ　999.9/フォーナインズ　M-07 所ジョージさん着用 - メルカリ
79090	61034-459-01	希少のS3 タティス Jr. 100% SPEEDCRAFT サングラス 限定 - メルカリ
	MIU404	よしたみ様専用 - メルカリ
36000	TF436	希少　TOM FORD スクエア型　TF1042-D 12A 日本限定モデル - メルカリ
15500	SPR60A 7AB-1A1	PRADA y2k tech archive sunglasses - メルカリ
13000	SMU69U	ミュウミュウ サングラス SMU69U べっ甲 柄 ラウンド ラインストーン - メルカリ
17000	SS-J208	Y30様専用　【極美品】SAMURAI SHO 哀川翔 サングラスSS-J208 - メルカリ
14800	F-31NP / 719012	999.9 サングラス - メルカリ
30800	TF892-K / 763112	TOM FORD トムフォード サングラス - メルカリ
18800	NP-601 / 742337	999.9 サングラス - メルカリ
22800	F-37NP / 719010	999.9 サングラス - メルカリ
22000	MELROSE-01	ジェントルモンスター サングラス MELROSE-01 / BLK ブラック系 - メルカリ
34000	TF5468	【美品！木村拓哉愛用モデル】TOMFORDトムフォードTF5468-F002 - メルカリ
28800	TF1097-N	きなこ様専用　TOM FORD ラウンド型サングラス ブラック - メルカリ
16800	SK6033 100187 / d30	美品 SWAROVSKI クリスタル装飾サングラス ケース付 d30 - メルカリ
16000	OO9206-06	希少 OAKLEY sunglasses 長渕剛 RADARLOCK BLACK - メルカリ
45000	Z1502E	ルイヴィトン LV サングラス アイウェア Z1502E ブラック ゴールド - メルカリ
24000	5394-H-A	美品 CHANEL シャネル サングラス 5394-H-A パール ベッコウ柄 - メルカリ
22999	CAZ-MOD866	ヒロシ様専用CAZAL カザールサングラス 866 COL.647 - メルカリ
34800	5493	CHANEL シャネル サングラス 5493 ココマーク ビックココ - メルカリ
18000	BM006	＜BLANC../ブラン＞BM006 定価40,700円 - メルカリ
19200	GG0637SK	GUCCI　グッチ　サングラス　ブラック　GG0637SK　56□18-150 - メルカリ
25000	20-7014	ヨウジヤマモト 20-7014 サングラス 49□20-140 - メルカリ
13100	CL41394/S / CL 41394/S T6U A6	M*e様 CELINE CL41394/S べっ甲柄 サングラス メガネ　度なし - メルカリ
20500	KR251000026	サニー様専用　サンローラン　ルルサングラス　ハート　サングラス　キャッツアイ - メルカリ
14000	56-0060	ジャンポールゴルチエ　サングラス　56-0060 - メルカリ
22999	OO9481D-0356	【美品】OAKLEY QNTM KATO オークリー クアンタム　ケイト - メルカリ
23000	HUE-01	【hIro様専用】 - メルカリ
18000	02463 90405	CHANEL ココマーク ブリッジサングラス 黒×金 d08 - メルカリ
23490	oo9279-0152	オークリー ハウストン メタル OAKLEY HSTN METAL - メルカリ
15000	TF5398-F	TOM FORD トム フォード トムフォード サングラス TF5398-F - メルカリ
18000	VW-7723	Vivienne Westwood VW-7723 hyde着用モデル - メルカリ
15900	TF698-F / A0055GA	TOM FORD TF698-Fトムフォード　 べっ甲柄　アジアンフィット　美品 - メルカリ
19500	OO4060-06	OAKLEY クロスヘア OO4060-06 偏光サングラス 希少 ケース付 - メルカリ
22080	L2053 VSAS	美品✨レア✨Ray-Ban Wayfarer ブラウン べっ甲柄 レイバン - メルカリ
20500	TF804	TOMFORD トムフォード サングラス TF804-K 01D - メルカリ
13900	OO9271-3361	OAKLEY オークリー サングラス PRIZM RUBY FLAK 2.0 - メルカリ
	CL4002UN	セリーヌ Celine オーバーサイズ サングラス アイウェア CL4002UN - メルカリ
	PR57SVD 1AB1O1	まった♫ 様専用PRADA/メガネ/PR57SVD1AB1O1 ボストン 度入り - メルカリ
19800	TF672	TOM FORD トムフォード TF672 サングラス 箱付 - メルカリ
20000	SAGAN	お値下げ　Mr.Gentleman SAGAN - メルカリ
23000	Z0250U	セン様専用 - メルカリ
22499	MOD.6004/7 COL.001	お値下げ　CAZAL/カザール　MOD.6004/7 COL.001 - メルカリ
21500	40001	オフホワイトOFF-WHITE OW40001U c/o TheSunサングラス - メルカリ
15000	COL.A	イチ24様 Mr.Gentleman サングラス ブラックフレーム - メルカリ
29980	TWENTY XX	【廃盤USA製】OAKLEY オークリー TWENTY XX サングラス 黒 - メルカリ
30000	TF5178-F	TOM FORD TF5178-F トムフォードサングラス - メルカリ
33000	TF 9257	TOMFORD RonHerman トムフォード　ロンハーマン　サングラス - メルカリ
31600	Z0339U  948 140 / made in ITALY	Louis Vuittonダミエ ゴールドフレーム サングラス Used品 - メルカリ
16000	2547-S	長渕剛 Persol サングラス 同一サイズ 55サイズ 色違い 極希少 - メルカリ
14900	BONA 06C	ADSR BONA 06C ゴールドフレーム グリーンレンズ サングラス - メルカリ
価格	型番	商品名
25800	4003	CHANEL オレンジ レンズ サングラス ココマーク リムレス イタリア製 - メルカリ
15000	RB3016	■Ray-Ban／レイバン『CLUBMASTER』RB 3016 モデル - メルカリ
19800	4002 c.116/74 / Made in ITALY	美品 CHANEL シャネル サングラス リムレス ココマーク 希少モデル - メルカリ
13500	01452 94305 / Made in ITALY	【最終値下げ】 極美品 CHANEL シャネル サングラス ゴールドココマーク - メルカリ
47000	TF0672	✨未使用級 TOM FORD サングラス TF672 52E 朝倉未来着用モデル - メルカリ
24999	gp-03 n	【極美品】guepard/ギュパール　gp-03 n ブルー - メルカリ
19000	LB1201	〇ディオールオム Dior Homme サングラス メンズ シルバー系 AL13 - メルカリ
13700	01452 90405 / 710088690001	CHANEL シャネル　サングラス　ココマーク　イタリア製　メガネ　黒 - メルカリ
16000	RONSIRZYL	ビンテージ シュロン ケーブル サングラス SHURON Ronsir ロンサー - メルカリ
16480	LEATHERS　AVIATOR	【美品】B&L Ray-Ban LEATHERS　AVIATOR サングラス - メルカリ
28200	Z1147E	ルイヴィトン サングラス Z1147E モノグラム ラ ブーム キャットアイ - メルカリ
39100	Z0943E	美品 ルイヴィトン サングラス ハドソン Z0943E ブラウンマーブル クリア - メルカリ
17480	20250914-ok249-249-7200	TAG Heuer タグホイヤー サングラス ブラック グリーンレンズ ケース付 - メルカリ
42000	Z0339U	美品 ルイヴィトン サングラス アティチュード パイロット ダミエ Z0339U - メルカリ
22900	Z0026E	⭐️美品⭐️ ルイヴィトン Z0033E サングラス オプセシオン カレ - メルカリ
22200	4017	CHANEL リムレス サングラス ココマーク シルバーフレーム - メルカリ
49300	Z1667E	美品 ルイヴィトン サングラス LV ライズ スクエア Z1667E モノグラム - メルカリ
21800	TF1081	極美品✨TOM FORD サングラス 近年モデル ブラウン系 調光レンズ - メルカリ
58700	Z1578E 93L 155 TV2213	美品 ルイヴィトン サングラス サイクロン ビジュー LV Z1578E 93L - メルカリ
16600	MOD.424/N COL852	GIANNI VERSACE サングラス MOD.424 度なしケース付き - メルカリ
15440	DTS706-A-01 // BLK	DITA サングラス INSIDER リミテッド エディション 限定500本 - メルカリ
21200	4002	【美品】CHANEL シャネル サングラス リムレス ココマーク ブラック - メルカリ
14180	7734	タグ付き✨Vivienne westwood オーブ セイコー サングラス 黒 - メルカリ
38000	NR-S001	NORUT ノーラット ランニング　サングラス NR-S001 - メルカリ
22100	box3941	希少 CHANEL パープル リムレス サングラス Y2K - メルカリ
55200	TF5468	ニ*ル様 TOM FORD TF5468-F 002 木村拓哉 完全同一モデル - メルカリ
74000	Z1165E	Louis Vuitton ミリオネア1.1 サングラス ブラック/ゴールド - メルカリ
47000	AKX-100B-54-ATRT	AKONI サングラス　AKX-100B-54-ATRT - メルカリ
21700	4017	CHANEL シャネル サングラス ココマーク リムレス ツーポイント ピンク - メルカリ
37000	GENTLE MONSYER - Phantom 01	GENTLE MONSTER PHANTOM FHANTOM 01 完全正規品 - メルカリ
26499	gp-05 g	【極美品】guepard/ギュパール gp-05 - メルカリ
19000	TF248	新品未使用✨TOM FORD Henry サングラス TF248 056 - メルカリ
20900	2027	極美品 シャネル サングラス 4017 c.124/77 ココマーク - メルカリ
27000	Z0226U	ルイヴィトン ハーモニー マスク サングラス モノグラム フラワー - メルカリ
195000	75-8207	ジャンポールゴルチェ 75-8207 限定サングラス サングラス　松田優作 - メルカリ
31000	KA-70 CYL	【極美品】 金子眼鏡 メガネ サングラス クリップオン ウェリントン KA-70 - メルカリ
15000	OO9236-01	美品 OAKELY オークリー VALVE OO9236-01 純正メガネポーチ - メルカリ
24000	W1707	Ray-Ban W1707 USA製 1994 Olympic 希少モデル BL - メルカリ
20000	OO9349-2853	ゆ*く様 Oakley Latch（A）Prizm Black Polarize - メルカリ
20800	4018	シャネル CHANEL サングラス ツーポイント リムレス ゴールド ココマーク - メルカリ
18000	KC-28	お値下げ　金子眼鏡　創業昭和三十三年　KC-28 CHS CELLULOID - メルカリ
26650	4218	CHANEL vintage sunglasses drop y2k - メルカリ
13500	TF211 AF	TOM FORD トムフォード TF211 ブラウンレンズ サングラス　メガネ - メルカリ
35000	TF 892K	✨極美品✨ TOMFORD サングラス TF892-K 01A 魔裟斗着用 - メルカリ
19000	9208	OAKLEY RADAR EV PATH OO9208-7338 - メルカリ
19000	5448-A / 41800	美品 正規 CHANEL シャネル PANTOS ココマーク 616P▲ - メルカリ
25000	LEMTOSH	お値下げ　MOSCOT LEMTOSH FLESH - メルカリ
23000	BJ CLASSIC COLLECTION PREM-111S	【極美品】BJ CLASSIC COLLECTION PREM-111S - メルカリ
22500	M3038	MATSUDA マツダ M3038 チタン ブルー サングラス 日本製 メンズ - メルカリ
13000	OO9374-3863	オークリー　フロッグスキンライト　大谷翔平モデル - メルカリ
30000	MOD.926 002	✨極美品✨CAZAL カザール サングラス MOD 926 高見沢俊彦 着用 - メルカリ
18510	MEMENTO	【美品】ジェントルモンスター　サングラス　MEMENTO ブラック×シルバー - メルカリ
17000	5043-B c680/13	美品 CHANEL シャネル サングラス 5043-B c680/13 - メルカリ
48800	Z1878U	美品 ルイヴィトン サングラス ミックス イット アップ スクエア Z1878U - メルカリ
41000	4242	新品同様 シャネル チェーン付き サングラス シルバー ブラウングラデーション - メルカリ
16500	163/3	かっこいい✨ Cazal カーザル MOD163/3 COL1 サングラス 希少 - メルカリ
18500	ayame i wear design GENERAL 1112	【美品】ayame i wear design GENERAL オリラジ藤森着用 - メルカリ
28000	SL 557 BLACK 001	SAINT LAURENT キャットアイ - メルカリ
14550	GG3669/F	【GUCCI】イタリア製GGロゴ・スクエアタイプサングラス　黒縁メガネ - メルカリ
23000	TF6009 D-B	TOMFORDトムフォードTF6009日本企画中井貴一 - メルカリ
17200	5127-B c.845/11	美品 CHANEL シャネル カメリア ラインストーン サングラス 1064 - メルカリ
13800	TF5389-F	TOMFORD トムフォード TF5389-F メガネ　サングラス - メルカリ
16499	OO9403-0336 / 35500	【美品】オークリー　スフィエラ　サングラス　Sphaera - メルカリ
15000	BA6052P	BALENCIAGA サングラス BA6052P べっ甲 ブラウン バレンシアガ - メルカリ
25000	TF1053-K　20A 53	■ □ 47355★年 トムフォード サングラス ユニセックス グレー - メルカリ
26000	MM206	MM X Gentle Monster MM206 01(BR) - メルカリ
	TB-011A-49	値下げTHOM BROWNE TB-011A-49 12Kゴールド　登坂広臣 - メルカリ
47000	OO6019-03	【美品・箱付】 Oakley Madman オークリーマッドマン - メルカリ
13000	TF5725-D-B 052	TOM FORD トムフォード TF5725 サングラス メガネ　ケース付 - メルカリ
44000	PL-002H	JULIUS TART OPTICAL サングラス　ジュリアスタートオプティカル - メルカリ
16500	TF5496	TOM FORD TF5496 メガネ　サングラス ケース付 - メルカリ
37500	TF977-D 02V / 53900	TOMFORD EYEWEAR Exclusive for Ron Herman - メルカリ
19000	SPR 26Z	PRADA サングラス SPR26Z キャットアイ ブラック 本体のみ - メルカリ
24900	OV5036A	OLIVER PEOPLES Sheldrake OV5036A - メルカリ
43000	18-0011-60	【たけ様専用】Lunetta BADA ルネッタ バダ サングラス - メルカリ
15500	SPR78A	プラダスポーツ　アーカイブ　サングラス　ブラウン　メタル - メルカリ
14200	01452 94305	美品 ケース付 CHANEL サングラス レディース シャネル ココマーク - メルカリ
27000	56-0006	【ジャンポールゴルチエ】 サングラス 56-0006 ヴィンテージ - メルカリ
16799	F-03NPI	フォーナインズ　999.9　サングラス　F-03NPI　偏光レンズ　レンズ交換済 - メルカリ
17500	CR14292	Christian Roth サングラス ヴィンテージ風 グラデーションフレーム - メルカリ
19000	4017	CHANEL シャネル サングラス リムレス ココマーク ラインストーン ピンク - メルカリ
33000	BB0096S	Balenciaga バレンシアガブラックサングラスG-DRAGON - メルカリ
22000	MADE IN JAPAN	guepard gp-07 Champagneクリア サングラス 眼鏡 - メルカリ
17000	Eric-02 TF595-F	トムフォード サングラス メンズ Eric-02 TF595-F - メルカリ
23900	OER1003	off-white CATALINA サングラス OERI003 - メルカリ
21500	PR17WS	PRADA（プラダ）サングラス 箱ケース付 - メルカリ
13000	5280-Q-A	CHANEL サングラス - メルカリ
13000	6016 C.872/13	hyde着用✨️　美品　CHANEL　シャネル　サングラス　ブラウン　ココマーク - メルカリ
13000	RB2140-F 601/4B 52-22 150	RayBan 木村拓哉選定モデル　WAYFARER RB2140F601/4B - メルカリ
16300	CH5288	CHANEL サングラス メガネ ブラック ココマーク マトラッセ ゴールドロゴ - メルカリ
15500	FLAK2.0 OO9271-2561	OAKLEY FLAK2.0 オークリー フラック2.0 OO9271-2561 - メルカリ
16800	4003   C.124/22	⭐️24時間タイムセール⭐️CHANEL シルバー サングラス 4003 シャネル - メルカリ
17190	TF211	極美品 TOM FORD トムフォード TF211 AFサングラス ブラック 黒 - メルカリ
18000	TF4128-B-F	美品 ティファニー サングラス 国内正規品 ブルー 付属品 TF4128 - メルカリ
44500	56-6104	Jean Paul Gaultier 56-6104 日本製 - メルカリ
25000	EYEVAN7285	大幅値下げ中❗️Eyevan Attache (45) PBK (ピアノブラック) - メルカリ
15000	4003 c.116/75	美品✨CHANEL サングラス リムレス y2k 4003 ココマーク ブラウン - メルカリ
18000	gp-05/g	guepard ギュパール gp-05 gray - メルカリ
17500	W2897	【希少/極美品】レイバンB&L W2897 偏光（Polarized）アンバー - メルカリ
15000	TF399	美品　TOMFORD サングラス　Frank TF399-F 01N - メルカリ
28999	gp-05 h	【極美品】guepard/ギュパール　gp-05 h havanaフレーム - メルカリ
18999	DITA FLIGHT 004	【美品】DITA FLIGHT 004 コナーマクレガー着用 - メルカリ
15500	OO9208-F638	OAKLEY オークリー RADAR EV OO9208-F638 - メルカリ
9000	51P10-110-28	BLACK LABEL CRESTBRIDGE ジップパーカー L ネイビー - メルカリ
12000	ER1T-C0-B	【動作確認済】ORIENT オリエント オートマチック 腕時計 ネイビー文字盤 - メルカリ
22700	1B22-0BB0	【稼働 付属品】セイコー 1B22-0BB0 ルキア 桜 2017限定 腕時計 - メルカリ
80500	F900-T022685	【稼働】シチズン　エクシード　ダブルダイレクトフライト　電波　腕時計 - メルカリ
10000	T254 y04160222-k	【稼動品】SEIKO アルバ ムーンフェイズ 腕時計 コンビ V806-0210 - メルカリ
10500	TF5288	TOM FORD トムフォード メガネ 度入り TF5288ゴールドTロゴ - メルカリ
11900	1500L	【美品】GUCCI 1500L ピンクシェル文字盤 シルバーバングル - メルカリ
12800	5500L	【美品】GUCCI 5500L シルバー文字盤 シルバーベルト デイトグッチ - メルカリ
13500	SPJ119 CROWN GLORY	極美品 ジャスティンデイビス クラウングローリー SPJ119 パープル 紫 - メルカリ
14000	2006TK	■ a1395 BVLGARI【ブルガリ】度入りメガネ リムレス ゴールド* - メルカリ
10000	STY24540 SP24	極美品　Patagonia テルボンヌ・ジョガーズ　men's S SP24 - メルカリ
18200	JK AG NW 0804	【ATON】シュリンクフランネルジップアップジャケット - メルカリ
14000	2A101	【340】SEVEN TEN フラワーシフォンブラウス S チュニック 完売品 - メルカリ
41500	YA101331  101M	☆極美品 101M GUCCI グッチ 時計 Gクロノ ブラック メンズ - メルカリ
9000	1011B873-600	【美品】asics MAGIC SPEED 4 27.5cm ワイド カーボン - メルカリ
13600	NP12032	オ*店様 THE NORTH FACE マウンテンライトデニムジャケット - メルカリ
10000	LIW-500	カシオ リニエージ LIW-500 電波ソーラー クロノグラフ 腕時計 - メルカリ
15000	GA-110	G-SHOCK 30th限定 MAROKコラボ メンズ y2k 生産終了品 ✨ - メルカリ
13000	G530-T018971	【美品】CITIZEN EXCEED エコドライブ チタン - メルカリ
15000	A20AP02DM	オーラリー HARD TWIST DENIM WIDE PANTS BLACK - メルカリ
10500	5931-5380	SEIKO ドルチェ 5931-5380 QZ メンズ 黒文字盤 - メルカリ
14900	AVIATOR 29G	【ブラピ着用モデル】Christian Dior サングラス y2k 29G - メルカリ
11500	OH02-GR	極美品 TiCTAC ムーブメントインモーション オープンハート 裏スケ - メルカリ
16000	20231010130	allureville レノクロスダブルブレストジャケット　ネイビー　1 - メルカリ
15000	SA1UI0022	け*？様 Maison Margiela マネークリップ 黒 美品 - メルカリ
17000	6030-5390	ヴィンテージ✨ SEIKO ドルチェ スクエア 腕時計 シルバー ゴールド - メルカリ
28500	Z0283E E0184	ミラクル様LOUIS VUITTON サングラス ブラウン　Z0283E - メルカリ
8000	KHM060117	ちょっちゃん様　専用　KITH ウォルコット　ポケットショーツ　プレステージ - メルカリ
14900	01452 94305	CHANEL サングラス 01452 ココマーク ヴィンテージ ブラック 黒 - メルカリ
15999	U1906LBN	New Balance ローファー U1906LBN ブラック 26.5cm - メルカリ
9000	DA8697-600	【美品】NIKE ペガサス トレイル3 26.5cm DA8697-600 - メルカリ
9600	SPR 03E	PRADA プラダ サングラス べっ甲柄 ハバナ SPR 03E イタリア製 - メルカリ
9000	DD8959 600	Nike Air Force 1 ピンク24センチ派手 - メルカリ
14500	VW-2068	希少GMT ✨美品✨Vivienne Westwood 腕時計 VW-2068 - メルカリ
33333	3235	自動巻き時計 3235 ムーブメント ステンレス - メルカリ
12000	BRG221MA3	【K様専用】BRIEFING GOLF サイドロゴ ポロシャツ M - メルカリ
8800	GA04-24M004	かぐれ KAGURE サマーウール テーパード イージーパンツ ブラック F - メルカリ
10000	SPR 56H 1BC-5D1	PRADA スポーツサングラス SPR 56H - メルカリ
12000	WL574ZQD	かみらん様専用☆New Balance 574 厚底グレー スニーカー☆25 - メルカリ
13800	01450 94305	CHANEL シャネル　ココマーク　マトラッセ　ヴィンテージ　サングラス - メルカリ
8000	DZ-4181	DIESEL Master Chief DZ-4181 クロノグラフ 稼働品 - メルカリ
27500	2570-5150	SEIKO CREDOR 2570-5150 14KTベゼル クォーツ 腕時計 - メルカリ
9980	5248-A	【期間限定値下げ】CHANELラウンド型サングラス (本体のみ) - メルカリ
17800	YCB-519-120	【美品】YOKO CHAN ヨーコチャン サイドフリル ブラウス 36 ネイビー - メルカリ
8380	NC24L BF02	美品 REGAL 軽量センタージップスニーカー 本革 白 レザー24.5cm - メルカリ
11000	V111-0AS0	美品 稼働品 SEIKO 箱付 ルキア 赤文字盤 ソーラー レディース - メルカリ
29700	2827ER02	Lloyd Footwear / 2827ER02 / セミブローグ / 8E - メルカリ
10000	AA3831-002	t*1様 AirVaporMax Off-White Black 25.5cm - メルカリ
82000	5626-7170 JAPAN	☆OH済☆ セイコー SEIKO キングセイコー クロノメーター - メルカリ
17800	AT3014-54E	シチズン　アテッサ　エコドライブ　ブラックスーパーチタン製 　電波時計 - メルカリ
10000	S74LB0995	ディースクエアード スケーター Skater Jean 44 - メルカリ
9900	DZ5485-071	【美品】Air Jordan1 Retro High ブラック ゴールド - メルカリ
9000	2002R	よ！様専用です。 - メルカリ
13300	RB 2132-F 601-S/78 3P	人気✨レイバン RB2132-F 偏光 ブルーグレーレンズ マットブラック - メルカリ
12800	RB 2132-F 901/58 3P	美品✨ RayBan RB2132F NEWWAYFARER/偏光 ブラック - メルカリ
27000	995.413K	TAG HEUER タグホイヤー 4000 プロフェッショナル 995.413K - メルカリ
8800	P02084	アディダス オリジナルス トラックジャケット　ATP オールブラック - メルカリ
15000	GG0677SK 002 50 20-150	GUCCI グッチ GG0677SK 002 ボストンサングラス ユニセックス - メルカリ
8500	476884	サロモン　サンダークロス THUNDERCROSS トレランシューズ - メルカリ
9800	RB4391D	Ray-Ban レイバン サングラス RB4391D ブラック ケース付属 - メルカリ
22800	CELINE SC1159 COL.300M	縁なし CELINE ブラウン サングラス ケース付き - メルカリ
8000	D4002	Danner D4002 HOOD RIVER 25.5cm 黒 本革 ビブラム - メルカリ
14900	261516377085 / 61242153	クラークス ワラビー BEAMS別注 GORE-TEX 26.5 黒 Y1826 - メルカリ
10000	700875-400	NIKEナイキAIR MAX90"BLEACHED DENIM"エアーマックス - メルカリ
10000	Q03-05002	【2/M相当】comoli フットボールTシャツ/チャコール/日本製 - メルカリ
15000	T019072	CITIZEN xC レディース腕時計 ハッピーフライト ソーラー 青 230 - メルカリ
13000	8T63-00D0	【美品】SEIKO セイコー クロノグラフ 8T63-00D0ゴールド×シルバー - メルカリ
36000	Triomphe	CELINE トリオンフ サングラス BTS V着用 - メルカリ
12000	68176	新品電池 YSL 4625-E68176 スクエア腕時計 アナログ腕時計 90s - メルカリ
14900	MI44KJ622	極美品✨2024年製 ミーイッセイミヤケ ボールドフリンジプリーツトップス 黒 - メルカリ
25000	NP62360	THE NORTH FACE COMPILATION JACKET - メルカリ
11000	8057523	win様専用　バーバリー BURBERRY 　ロゴプリント グリーンXL - メルカリ
9500	1CL168	Y*A様 コンバース 100周年REACT チャックテイラーct70 アローズ別 - メルカリ
11800	MA0044	LOUIS VUITTON ルイヴィトン ブーツ レザー サイドジップ ヒール - メルカリ
12000	575DE	CPH×カワシマタカヒロ 575DE デニムキャスケット - メルカリ
11000	IF2188	★adidas by Stella McCartneyスニーカー　23.5　美品 - メルカリ
9500	NS1539	テ*ュ様 [正規品]Needles ニードルズ トレーナー Lサイズ - メルカリ
12000	DW-6900MM	G-SHOCK DW-6900MM クレイジーカラーズ ブルー 反転液晶 - メルカリ
11500	AMGS259501	アウール　DEVICE1 ブラックレザースニーカー26.5 - メルカリ
18000	268675	【美品】GUCCI　グッチ　スニーカー　シェリーライン　インターロッキング　GG - メルカリ
10000	M BONDI7 1110518/BBLC / F27220D	✨美品✨ホカオネオネ ボンダイ7 オールブラック厚底スニーカー 廃盤品26.5㎝ - メルカリ
14000	ULSH23-FA87M	ULTERIOR RAYON RIPSTOP MILITARY SHIRT - メルカリ
8100	FCRB-192111	m*m様 fcrb 19aw AUTHENTIC LOGO CREW NECK - メルカリ
29800	9797	ハミルトンカーキ9797 ネイビー　クォーツ - メルカリ
119800	9983-8000	美品【稼働】セイコー スーペリア ツインクォーツ 腕時計 JJ093 - メルカリ
18000	7B42-0AG0	【稼働】セイコー ブライツ 腕時計 電波ソーラー ブラック チタン JJ099 - メルカリ
10250	NP2319N	週末特価！THE NORTH FACE PURPLE LABEL 別注 Tシャツ - メルカリ
9500	12CMSS190A 006059M	C.P. Company ブラック レンズ付きTシャツ Mサイズ - メルカリ
34800	9415A	ハミルトン カーキ 9415A オリーブドラブ - メルカリ
38000	7T11-0BH0	SEIKO 7T11-0BH0 セイコー スピードマスター 復刻 クロノグラフ - メルカリ
9700	AX-T802	PLAY コムデギャルソン ロゴTシャツ ユニセックスSサイズ - メルカリ
13000	VNN-P4802050	ノンネイティブ　26ss フレアデニム - メルカリ
15100	MK.103058 / MD.1533NT	t*a様 【極美品】ポールスミス テーラードジャケット ネイビー L2 伸縮 - メルカリ
21960	4J81-5020	稼働 美品 セイコー クレドール 4J81-5020 クォーツ コンビ 腕時計 - メルカリ
10300	211020-SJ	抜刀娘 DIVINE RETRIBUTION 刺繍スカジャン リバーシブル L - メルカリ
12500	1011-00321	MAMMUT グラナイト ソフトシェル フーデッド ジャケット M オリーブ - メルカリ
11277	H110-T016308	【稼動】シチズン　アテッサ　電波ソーラー　H110-T016308　デュラテクト - メルカリ
15000	GM232-40070B	グラフペーパーSuvin Chino Wide Tapered Trousers - メルカリ
16100	W25085	オ*ン様 コムデギャルソンシャツ 花柄シャツ W25085 フランス製 S - メルカリ
660000	Q1K0C	美品 ルイヴィトン スターブロッサム Q1K0C ダイヤ K18 レディース - メルカリ
14500	H411-T006736	【稼働/新品電池】シチズン　アテッサ　エコドライブ　ソーラー　トノー型　腕時計 - メルカリ
79900	YWTR21-AMS	イエマ YEMA リストマスター トラベラー YWTR21-AMS 自動巻き - メルカリ
20900	DW-6930A-4JR	【希少・美品】G-SHOCK 30th ANNIVERSARY DW-6930A - メルカリ
14000	U9060ZGE	New Balance 9060 U9060ZGE トリプルブラック27.5cm - メルカリ
25000	25AMSOP03	シンゾーン 2025年 FLOWER BOUQUET PRINTED DRESS - メルカリ
12500	1162011	【美品】HOKA スニーカー 25.5 白 グレー メッシュ ボンダイ9 厚底 - メルカリ
8500	A00SP01GT	24ss AURALEE luster plaiting l/s tee 4 - メルカリ
26000	915.808	希少 TAG HEUER タグホイヤー 915.808 エグゼクティブ - メルカリ
17100	HUMU0143P0 S22763	ジ*ー様 【極美品】表参道店購入 MARNI ロゴ クルーネック Tシャツ 44 - メルカリ
12000	3059	Christian Dior　クリスチャン ディオール　3059　クォーツ - メルカリ
65000	4577H	【希少サイズ】 Alden 4577H ミリタリーラスト ラコタハウス別注 - メルカリ
65000	4577H	【希少サイズ】 Alden 4577H ミリタリーラスト ラコタハウス別注 - メルカリ
25000	HH-E41-861	【購入者確定】黒ブーツ/Yohji Yamamoto/ヨウジヤマモト - メルカリ
280000	IW356517	IWC PORTOFINO 自動巻き時計 ホワイト - メルカリ
9300	RB 4260D 601/1	Ray-Ban レイバン サングラス RB4260D 601/1 ケース・クロス - メルカリ
12000	BG-5600BK	世界限定500台　miffy Baby-G　コラボ　生産終了品　稼働品 - メルカリ
8800	252YGNH-HT05	neighborhood BASEBALL CAP-2 green 帽子 - メルカリ
11000	DH2482-100	ピースマイナスワン ×ナイキ クウォンド1 ホワイト　極美品 - メルカリ
30000	H776120	Hamilton カーキ E.T.O. H776120 - メルカリ
25000	T01-03007	COMOLI 21SS シルクネップ ドローストリングパンツ size2 - メルカリ
19000	e63204	【希少・美品】シチズン エレガンス クォーツ メンズ腕時計 ドレスウォッチ - メルカリ
140000	2V092943H	20SS CELINEダブルジャケット44 - メルカリ
10300	sd23s-pt05	【美品】SEDAN ALL-PURPOSE デニム - メルカリ
8500	RM-P008	コムコム COMME des GARÇONSサルエルパンツ - メルカリ
10966	14314998841	mellow様専用New Balance グレー/ホワイト　U9060FNA - メルカリ
660000	W5200004 / 5200004	Cartier タンクソロLM YG クォーツ 純正クロコベルト・純正尾錠 - メルカリ
10000	2320-6690	SEIKO Eternal 腕時計 14K ステンレススチール - メルカリ
13200	A8AP02PN	AURALEEウォッシュドフィンクスポリエステルチノテーパードパンツ - メルカリ
8000	SWFO241060	SNIDEL Sustainableフリルプリントワンピースピンク 0サイズ - メルカリ
9000	Dry Women	TENTIAL リカバリーウェア BAKUNE Dry ルームウェア 血行促進 - メルカリ
37800	HM4740-001	【あんしん鑑定済み】Air Max95 イエローグラデ メンズ 27.5cm - メルカリ
22500	221-17331	【極美品】HYKE ハイク ロングジレ ベスト 黒 1 ストレッチ 水牛釦 - メルカリ
11800	21VR BC	REGAL 21VR 26.0cm EE ブラック リーガル 革靴 ビジネス - メルカリ
17000	a0326-14960	【良品】 New Balance 991 スニーカー 29 ブラウン カーキ - メルカリ
39000	8121	極美品✨レッドウィング エンジニアブーツ アイアンスミス 8121 ブラウン - メルカリ
17500	JK-24SU003	snow peak GORE-TEX RAIN JACKET S ブラック - メルカリ
10000	WS110CU / 59-03-91-03002	CABAN ブラウン Tシャツ Lサイズ　※ショップバック付き白or黒 - メルカリ
11000	RB2132F 601/R6	Ray-Ban サングラス ニューウェイファーラー イエロー - メルカリ
8000	315R	リーガル　REGAL 315R 革靴　黒　ブラック　ストレートチップ - メルカリ
12800	P0361FB20 B	希少★カールヘルム パッチワーク シャツ 薔薇 ローズ チェック ピンクハウス - メルカリ
16500	CJ9926-100	【日本未発売】NIKE AIR MAX 95 独立記念　箱無し - メルカリ
8400	A22B-09PT01C	【日本製】MARKAWARE デニムパンツ インディゴ サイズ　1 - メルカリ
23500	FT0625	【TOM FORD】 トムフォードサングラス　メガネ - メルカリ
8000	A21A-12CS01C	MARKAWARE　21SS huge sweat　サマーブルー　サイズ1 - メルカリ
37000	G9MR8T/FH703	Dolce & Gabbana パーカー　G9MR8T/FH703 - メルカリ
11211	BACK PHOTO MOCK NECK L/S / T102410023	r*y様 TFW49 モックネック ロングスリーブ Tシャツ L チャコールグレ - メルカリ
30240	4R36-07G0	稼働品 SEIKO5 セイコー5 スポーツ 4R36-07G0 自動巻き 腕時計 - メルカリ
20000	A9SJ01PV	AURALEE 19SS ハードツイストギャバジン ダブルジャケット 3 黒 - メルカリ
16000	A83360	Sergio Rossiセルジオロッシ sr1 スエード スリッパ ミュール38 - メルカリ
11000	1183A872	【極美品】オニツカタイガー Mexico 66 27cm ベージュ レザー - メルカリ
20000	G10918C7E210 8390T	MONCLER ロゴ Tシャツ オリーブグリーン - メルカリ
10460	7S26-02T0 / 021807	メンズ 腕時計 セイコー5 自動巻き デイデイト 50m防水 ブラック 稼働品 - メルカリ
16500	DF-9006-0C	BAUHAUS 100 クォーツ腕時計 ホワイト/ブルー - メルカリ
30100	FCRB-240002	た*く様 F.C.R.B. PDK セットアップ ジャージ 上下 カーキ L S - メルカリ
20000	GU251-40187RB	美品 Graphpaper セルビッチデニム ツータックテーパードパンツ 黒 1 - メルカリ
43500	H32515145	人気ブルー文字盤・ハミルトン ジャズマスター ビューマチック H32515145 - メルカリ
83000	2012-06	【美品】BACKLASH イタリーキップ　レザージャケット - メルカリ
8000	1203051S02BNE	美品✨《アッパーハイツ》スピック＆スパン別注THE LAZY CINDY 24 - メルカリ
14900	R10064	ルイヴィトンベルト タイガ ブラック 85/34 メンズ R10064 本物 - メルカリ
12000	8T63-00D0	美品　セイコー 稼働　ビジネス　セレクション クロノグラフ メンズ　クォーツ - メルカリ
14000	S25SA001	i*3様 nanamica Reversible Coach Jacket L - メルカリ
8858	NP72230 / 72230	THE NORTH FACE コンパクトジャケット - メルカリ
9550	B810-H18369 Y	Burberrys バーバリー ヴィンテージ ソーラー式 アナログ 腕時計 稼働 - メルカリ
29900	660L	【660L】FENDI ’フェンディ 時計’ スクエア ピンク ☆極美品☆ - メルカリ
8500	MS-009	M53.（エムゴーサン）　クワイエットミリタリースカート　カーキ　Mサイズ　美品 - メルカリ
20000	SEIKO5	セイコー5スポーツ - メルカリ
14000	KC-11R / 42000	金子眼鏡　KC-11R - メルカリ
25000	PIER39	希少 00s old stussy マウンテンパーカー L - メルカリ
10500	RB4258F	【‼️人気‼️】RayBanレイバン RB4258F 601/19 啓之輔さん - メルカリ
18700	1619511	美品 PATOU パトゥ ペプラム ドッキング チュニック Tシャツ 白　M相当 - メルカリ
12000	8037382	BURBERRY ブラック Tシャツ XXS - メルカリ
8500	25SSSE-WMA-CP01	ヤ*ス様 WACKO MARIA ワコマリア　即完品　キャップ　帽子　青 - メルカリ
10000	21-02472M / 02472	sacai サカイ ペイズリー柄 イージーパンツ - メルカリ
11920	S07-NJ007A	希少⭐︎テーラードジャケット - メルカリ
35000	B01-02012	タグ付属　comoli khadi コットンオープンカラーシャツ　4 25SS - メルカリ
19999	S71LB0635	DSQUARED2 ビッグタグ Skater Jean 46 - メルカリ
10000	5295363 / 2605-00159-0505	稼働品 スワロフスキー クロノグラフ シルバー メンズ 腕時計 クリスタル - メルカリ
11000	NF0A2VD3	THE NORTH FACE M VENTURE 2 JACKET S ブラック - メルカリ
45000	4842	激レア✨ ロンジン クォーツ 稼働品 ヴィンテージ 八角形 コンビカラー 腕時計 - メルカリ
16000	M992BK	NewBalance 992 BK US9 - メルカリ
152000	97891	【美品】オールデン ウイスキー コードバン LWB 6D - メルカリ
16000	8854	レッドウイング　アイリッシュセッター　ネイビースエード　8854　4E - メルカリ
11000	RB4258F	【‼️超美品‼️】RayBanレイバン RB4258F 601/19 啓之輔さん - メルカリ
98500	RU02E1832 LWN / rick owens	25aw rick owens bogun boots 41 リックオウエンス - メルカリ
8000	1E20-5280 / 2600408108	SEIKO セイコー 腕時計 稼働品 1E20-5280 電池交換済 ハート型 - メルカリ
19800	GST-W110D-1AJF	稼働/極美品 G-SHOCK G-STEEL マルチバンド6 GST-W110D - メルカリ
18300	SBTH007	美品 セイコー SBTH007 デイデイト 緑 サファイアガラス 新品電池 - メルカリ
12000	3810400015	RHC Ron Herman【パッチキルティングベスト】 - メルカリ
20000	A25AC06CP	AURALEE PRODUCT DYED FINX CHINO CAP - メルカリ
11000	JH6155	ヒ*デ様 【美品】adidas stansmith レザー スパイクレス ゴルフ - メルカリ
80000	54322	Alden オールデン 54322 vチップ 6.5D コードバン - メルカリ
29000	E660-S115442 / 115442	【付属有・稼働】シチズン プロマスター ダイレクトフライト SKY ソーラー電波 - メルカリ
28700	A21AS01EM	AURALEE WOOL RECYCLED POLYESTER SHIRTS 4 - メルカリ
9800	RN139488 / 789000	mnml デニムパンツ - メルカリ
45000	1F20-0B60	【美品】SEIKO エクセリーヌ ダイヤベゼル シェル 腕時計 1F20 稼働品 - メルカリ
8000	CU9225-001	【エアフォース1 ロー】NIKEとsupremeのコラボモデル ブラック - メルカリ
15000	D-TK333	超希少90s✦ChristianLacroixクリスチャンラクロワ極上ジャケット - メルカリ
10000	fcrb-240015	【希少】FCRB L/S TRAINING TOP XL - メルカリ
95000	DS15S9300-SBS	RICK OWENS スキニーデニム - メルカリ
13000	JR3329	【極美品】adidas Stan Smith スタンスミス GORE-TEX - メルカリ
25000	A145-126	美品 NIXON ニクソン セラミックプレイヤー 自動巻き ユニセックス - メルカリ
13000	F07-NNP005A	NUMBER (N)INE　デニムジーンズ　ハートパッチ　PAIN　宮下期　涙 - メルカリ
8000	DK009433MGR1	【極希少】Dickies M-65型 ダブルニー カーゴパンツ ヘリンボーン - メルカリ
50000	Z01-01007	comoli コモリカナパ　ジップ　ショート　ジャケット　24SS - メルカリ
8000	HV5951-100	NIKE Zoom Vomero Roam サミット ホワイト28.0cm - メルカリ
37000	232MCAS112	Barbour×YOKE ジャーナルスタンダード別注BURGLEY バーレー - メルカリ
11200	4N21-0990	【希少/電池交換済】 SEIKO LUCENT レディース腕時計 新品ベルト - メルカリ
26000	bo-04p07	barbell object　25SS mat wide pt タグ付き - メルカリ
9500	28168-NSOF206T	FOXEYNEWYORK ワンピース 38 黒 タックノースリーブ フォクシー - メルカリ
11800	YF9331	美品 Reebok（リーボック）INSTAPUMP FURY 型番：YF9331 - メルカリ
31800	VRN74189 VEA N0	Christian Dior Cannage clog ミュール 未使用 箱付き - メルカリ
11000	RB2140-F / Ray-Ban	RayBan サングラス RB2140F 901/64 木村拓哉着用モデル - メルカリ
19000	Q00532	おはよ様専用CITIZEN ワールドタイム 腕時計 ネイビー/シルバー - メルカリ
12000	OO9206-37 131	【美品】OAKLEYオークリー レーダーロックパス OO9206-37 プリズム - メルカリ
12000	RX7216	Ray-Ban ニュークラブマスター NEW CLUBMASTER - メルカリ
16000	100208828	【稀少】Reebok インスタポンプフューリー 94 　B'z 稲葉着用モデル - メルカリ
28200	V175- 0AD0	I*フ様 美品 セイコー プロスペックス ダイバーズ V175-OADO 電池交 - メルカリ
11880	4206-0510	美品【稼働】SEIKO セイコー5 レディースウォッチ デイデイト自動巻 コンビ - メルカリ
23000	AA0005B	ノムちゃん様専用　ORIENT KAMASU カマス F6922 自動巻 - メルカリ
8900	NT12037	定価半額以下！】THE NORTH FACE フード付きパーカー NT12037 - メルカリ
21500	D212110	美品✨ ダナー ロンバード ポストマンシューズ D212110 26cm - メルカリ
40000	W03-01009	COMOLI 縮絨ウールジップショートジャケット22AW 1 - メルカリ
9500	0520-T002161 TA 520698	希少✨ポールスミス ファイナルアイズ クロノグラフ レッド　シルバー 時計 - メルカリ
23000	AA0005B	ノムちゃん様専用　ORIENT KAMASU カマス F6922 自動巻 - メルカリ
8900	NT12037	定価半額以下！】THE NORTH FACE フード付きパーカー NT12037 - メルカリ
21500	D212110	美品✨ ダナー ロンバード ポストマンシューズ D212110 26cm - メルカリ
40000	W03-01009	COMOLI 縮絨ウールジップショートジャケット22AW 1 - メルカリ
9500	0520-T002161 TA 520698	希少✨ポールスミス ファイナルアイズ クロノグラフ レッド　シルバー 時計 - メルカリ
26500	3025	稼働 クリスチャンディオール クォーツ ホワイトシェル文字盤 コンビ 新品電池 - メルカリ
11000	7S26-01V0/SNK361K1	美品 SEIKO セイコー5 文字盤5ロゴ 裏蓋スケルトン メンズ 自動巻き - メルカリ
9100	GW-600DJ	二次電池新品 カシオ CASIO ジーショック 電波ソーラー デジタル - メルカリ
8300	NT3807N	ノースフェイス パープルレーベル | COOLMAX オックスフォードシャツ 白 - メルカリ
23000	IH7259	adidas Wales Bonner WB Karintha Lo Satin - メルカリ
12980	EM5U-C0	【良品/自動巻き】オリエント スリースター 黒文字盤 デイデイト EM5U-C0 - メルカリ
8500	555088-161	【MAKOTO様専用】ナイキ エアジョーダン1 レトロ ハイ OG ヘリテージ - メルカリ
16000	V175-0DS0 SBDL037	稼働 セイコー プロスペックス 3000本限定 ソーラー 状態考慮 ジャンク - メルカリ
19000	Gallaway	美品 OLIVERPEOPLES サングラス TITANIUM Gallaway - メルカリ
8980	IE3438	美品　アディダス　SAMBA OG　ブラック　24.5cm　箱付　スニーカー　黒 - メルカリ
76000	588211005	hyde氏着用　ifsixwasnine JOHNWICK テーラードジャケット - メルカリ
14000	C41805	コールハーン アメリカンクラシックス 77-TO2602-42 - メルカリ
25500	CRW-001G-9JR	【極美品】カシオ リングウォッチ CRW-001G-9JR - メルカリ
8900	21080500810010	美品⭐️ドゥーズィエムクラス EVERYDAY I LIKE Vネックカーディガン - メルカリ
21500	H030-T019277	【heyco公式様専用】CITIZEN EXCEED スクエア メンズ腕時計 - メルカリ
15000	Kayano14	【26.5cm】asics GEL-KAYANO 14 ゲルカヤノ14 - メルカリ
12000	RB 2132-F 901/58 3P	極美品✨ RayBan RB2132F NEWWAYFARER/偏光 ブラック - メルカリ
31000	SSVW219  1B32-0AY0	極美品 SSVW219 ルキア 電波ソーラー セイコー 時計 ピンク - メルカリ
13500	501-5958	【USA製】希少！90s リーバイス501 ブラックW31 L34 美品 - メルカリ
9000	600-000-03/21W	BIG YANK シャンブレーシャツ　サイズ17 - メルカリ
13000	0233AP07	しじみ様専用 ヒステリックグラマー ヒスガール プリント ストレッチデニム - メルカリ
13000	50600	HYSTERIC GLAMOUR BR加工デニムストレートPT 　SIZE:30 - メルカリ
11500	39600	HYS　CR加工RELIEVES.pt デニムスリムストレートPT - メルカリ
10500	RB4401D	【美品】Ray-Ban サングラス RB4401D ブラック系 - メルカリ
15000	CU1930-066	希少NIKE AIR MAX 95 ブラック×ピンク 26cm エアマックス95 - メルカリ
12500	1500L	【極美品】GUCCI 1500L ピンクシェル文字盤 シルバーバングル - メルカリ
8000	TH344.1.14.2327	トミー ヒルフィガー 腕時計 クロノグラフ TH344.1.14.2327 - メルカリ
12000	104913	【ジャンク】オリエント ウィークリーオート AAA スイマー - メルカリ
18900	A21AP02MG	AURALEE LIGHT WOOL MAX GABARDINE SLACKS - メルカリ
15000	YB714	クリスチャンディオール MINIPOP YB714 リムレス サングラス 星装飾 - メルカリ
9000	NP12306 UN / 12306	[ザノースフェイス] ベンチャージャケット メンズ NP12306 - メルカリ
35000	GMW-B5000D-1JF	しょーま様専用　G-SHOCK デジタル腕時計 フルメタル - メルカリ
9000	ES2341/P0065	entire studios UTILITY SWEATS SOOT パンツ - メルカリ
36500	PL-SW	カドヤ K'S LEATHER パンチングレザージャケット LLサイズ 美品 - メルカリ
10500	5931-5400	[SEIKO] セイコー ドルチェ 5931-5400 - メルカリ
18000	P02796	CHANEL BOUTIQUE 黒 タイトスカート 40 - メルカリ
8700	HQ6912	【極美品】アディダス ガゼル ボールド 24cm 厚底 ブラック HQ6912 - メルカリ
8500	ML574AM2	ニューバランス 574 デニムパック スニーカー 28㎝ ML574AM2 - メルカリ
27800	M1500	希少【限定廃盤品】New Balance M1500BK　 US7.5D 英国製 - メルカリ
8499	CJ7197-102	エアマックス - メルカリ
41800	H610-T017118	【稼働】シチズン　エクシード　ワールドタイム　エコドライブ　腕時計　メンズ - メルカリ
10000	7830-5020 / 2600408105	seiko 7830-5020 スクエア オールド クォーツ　ヴィンテージ 稼働 - メルカリ
22500	129.4077.4	【稼働/新品電池】ラドー　クポール　ドームガラス　デイト　腕時計　メンズ - メルカリ
14399	1113310	【美品】UGG CA805 ダルメシアン 23cm - メルカリ
11000	2200-241762	イヴサンローラン　稼働　レディース　クォーツ　腕時計　オクタゴン - メルカリ
17800	AT2544-64E	CITIZEN AT2544-64E レコードレーベル　スポルテms - メルカリ
52100	Mid 1950s Style Acetate Souvenir Jacket / TT15542-125	た*か様 テーラー東洋 XXLスカジャン 2024AW - メルカリ
15000	FCRB-222039	【ハス様専用】22AW UTILITY TEAM PANTS Lサイズ ブラック - メルカリ
10300	ES2260	ENTIRE STUDIOS THERMAL LONG SLEEVE - メルカリ
55000	J14SH181	Maison Mihara Yasuhiro 長袖シャツ - メルカリ
12000	D02 M/SK-LW	サンローランパリ ヴァカレロ期 D02 ヒゲ ハチノス スキニー デニムパンツ - メルカリ
15000	BE-90024	DAIWA PIER39 Tech open collar shirts - メルカリ
460000	WSTA0072	カルティエ タンク マスト ドゥ ブラック WSTA0072 - メルカリ
10000	S74LB0908 S30711	DSQUARED2 クールガイ 44 インディゴブルー デニム - メルカリ
88000	DU20F1361-SCOMW1	Rick owens drkshdw tyrone コーティングスキニー - メルカリ
8000	MRS138	1piu1uguale3 BIG CHECK SHIRT オーバーサイズ IV - メルカリ
11000	SARB033	【美品】SEIKO セイコー 純正 ステンレスベルト M0MR221 20mm - メルカリ
10000	68942	【本日終了】 グッチ GUCCI レディース 腕時計 0068942 - メルカリ
11300	1231A160	美品 asics RUNWALK LEAD 26 プレーントゥ ネイビーベロア革 - メルカリ
12280	PL-HK-40826	ポールスミス 17.5ミクロン SUPER120’s セットアップスーツ L - メルカリ
10000	6045-G03855 TA	希少 新品電池 CITIZEN ライトハウス スモールセコンド ゴールド - メルカリ
15300	2-676189 N3	BULOVA Dior ブローバ ディオール Wネーム 腕時計 手巻きビンテージ - メルカリ
15000	25000L	電池交換済 フェンディ シェル 腕時計 純正ベルト FENDI 25000L - メルカリ
18000	X01-05005	COMOLI フットボールTシャツ　NAVY サイズ2 - メルカリ
12000	RB4264 601-S/5J	希少✨Ray Ban レイバン　CHROMANCE 偏光サングラス RB4264 - メルカリ
16980	A20AS01TN	【AURALEE】WASHED FINX TWILL BIG SHIRTS - メルカリ
18500	Y621-6000	美品稼動✨ SEIKO アルバ アクアギア ペプシベゼル メンズ 腕時計 - メルカリ
20000	FCRB-220071	美品 FCRB ティファニーブルー Sサイズ ショーツ 22SS ブリストル - メルカリ
13000	GA46-25S001	24年製 美品 かぐれ kagure スカラップ刺繍ギャザースカート - メルカリ
12000	JMJL0914	ニューバランス THE CITY カジュアルスーツ セットアップ Lサイズ - メルカリ
320000	3220.5	タ*イ様 オメガ スピードマスター 3220.50 自動巻き 付属品完備OMEG - メルカリ
228000	SBGX261	グランドセイコー SBGX261 ヘリテージ 9Fクオーツ 黒文字盤 - メルカリ
39000	GMW-B5000GD-9JF	CASIO G-SHOCK GMW-B5000GD-9JF フルメタル ゴールド - メルカリ
14980	4010	スコッチグレイン ブラウン ドレスシューズ - メルカリ
57500	Z1414E	ルイヴィトン Z1414E 1.1 ミリオネア サングラス ブラック×シルバー - メルカリ
12500	Antique Touch Rose Series RS-007	Rosemont Antique Touch Rose RS-007 腕時計 - メルカリ
8800	57241104	YANUK ジョガーパンツ ジーンズ ストレッチ リネン デニム ジョグ S - メルカリ
15900	SPR 56A 2AC-2A1	極美品・付属品付き　プラダ　サングラス　ハーフリム　スクエア　ロゴ刻印　Y2K - メルカリ
30098	c1154-42518150	【ロジェヴィヴィエ】ヴィヴ ラン ストラス バックル 37 ビジュー ホワイト - メルカリ
15600	1183B421	極美品✨ オニツカタイガー デンティグレ LS オールブラック 24cm - メルカリ
17000	U1906LNT	New Balance 1906L ブラックスエード - メルカリ
10500	GBA-400	【極美品/箱】G-SHOCK GBA-400 シルバーベルト ジーショック - メルカリ
15000	C660-S067634	【稼働】シチズン　プロマスター　アナデジ　電波ソーラー　腕時計　メンズ - メルカリ
13500	GST-W110-1AJF	堀*義様 G-SHOCK G-STEEL GST-W110 電波ソーラー 美品 - メルカリ
12000	V158-0AF0	稼働 SEIKO ソーラー V158-0AF0 メンズ腕時計 スクエア ゴールド - メルカリ
9500	HV0484-001	カドカワ様専用 Stussy × Nike Baltoro High Black - メルカリ
25855	200M	稼働 TAG HEUER 362.508 タグホイヤー フォーミュラ1 - メルカリ
14899	Ref.964.008	TAG HEUER 964.008 2000プロフェッショナル コンビ ジャンク - メルカリ
12000	964.013R	稼動 TAG HEUER 964.013R プロフェッショナル ベゼル欠損 - メルカリ
26399	200M	稼働 TAG HEUER 980.018N タグホイヤー ブラック コンビ - メルカリ
8300	AZ1838	【BEAXIS】バランスコアスニーカー2,5 体幹トレーニング 白 26cm - メルカリ
10000	TF5466 001	TOM FORD ブラックフレーム メガネ、正規店購入、伊達メガネ - メルカリ
11200	GU241-70269C	【送料無料】Graphpaper LOOPWHEELER sumiシリーズ 1 - メルカリ
39000	Z1523E	ルイヴィトン マイ モノグラム・スクエア ウェリントンフレームサングラス - メルカリ
24300	M65453	✨極美品✨ルイヴィトン　パンダンティフ・シャンゼリゼネックレストップ　付属品込み - メルカリ
32800	22FW-WMS-HI01	WACKO MARIAティムリーハイ 22FW 虎 龍 骸骨 アロハシャツ M - メルカリ
29900	164662C	【日本未発売】ソロイスト コンバース コラボ ERX 260 Hi 27.5 黒 - メルカリ
10000	NP12102	極美品】ノースフェイス マウンテンレインテックスジャケット ネイビー Lサイズ - メルカリ
16500	NP62112	THE NORTH FACE FUTURELIGHT マウンテンパーカー - メルカリ
10000	AWG-M100SB-2AJF	【稼動品】G-SHOCK AWG-M100SB タフソーラー デジアナ 黒×青 - メルカリ
12300	1138337	【美品】UGG × SOPHNET. CA805 スニーカー 27cm ブラック - メルカリ
10000	NP12102	極美品】ノースフェイス マウンテンレインテックスジャケット ネイビー Lサイズ - メルカリ
16500	NP62112	THE NORTH FACE FUTURELIGHT マウンテンパーカー - メルカリ
10000	AWG-M100SB-2AJF	【稼動品】G-SHOCK AWG-M100SB タフソーラー デジアナ 黒×青 - メルカリ
12300	1138337	【美品】UGG × SOPHNET. CA805 スニーカー 27cm ブラック - メルカリ
29800	ADS-4F	超希少 80s アディダス デサント トラックジャケット ベージュ ブラウン 4 - メルカリ
35000	WB8101	Christian Dior クリスチャン・ディオール WB8101 稼働品 - メルカリ
8900	0223CT21	ヒステリックグラマー　イギー・ポップ　tシャツ　ストーンズ - メルカリ
15000	GM212-50615B	専用 - メルカリ
14500	FCRB-190020	美品 FCRB スウェット L ネイビー ブリストル バックプリント 完売品 - メルカリ
19800	GWG-100	カシオ G-SHOCK マッドマスター GWG-100 電波 メンズ 腕時計 - メルカリ
25300	D104-100	クリスチャンディオール D104-100 腕時計 クォーツ - メルカリ
18200	VV052GDBK	ヴィヴィアンウエストウッド ブラックスカル リングウォッチ　極美品 - メルカリ
32000	SZSB012	SEIKO SZSB012 自動巻き腕時計 黒 - メルカリ
20000	TLX017	DAIWA × BOSTON CLUBサングラス TLX017 TALEXレンズ - メルカリ
9500	NPW72230	な*つ様 THE NORTH FACE・ノースフェイス・マウンテンパーカー・ブラ - メルカリ
11000	BTD001	【希少★Y2K】エドウィン BLUETRIP 濃紺フレア 尾錠 本革レザー32 - メルカリ
14000	6400L	GUCCI グッチ 6400L ホースビット ブレスレットQZレディース 腕時計 - メルカリ
10000	5E61-0A20	【新品電池 稼働】セイコー ドルチェ ドレスウォッチ ユニセックス ラウンド. - メルカリ
15000	D121008	【美品】DANNER FIELD LOW ダナーフィールド ロー ウィート - メルカリ
8300	NP22334R	THE NORTH FACE Compact Blouson - メルカリ
30000	20308	72s Florsheim Penfield 27〜27.5cm - メルカリ
8000	T010687	トヨタ キーインテグレーテッドウォッチ - メルカリ
42400	7007901	PHILIPPE CHARRIOL シャリオール 7007901 クォーツ腕時計 - メルカリ
14500	OHGA-1113-3	OHGA エンジェルブラウス - メルカリ
8400	PM1271	PAMM パム ゆれるふきんのメッシュニットシャツ 完売品 クロシェ サイズ1 - メルカリ
59800	9481-5000	【稼働/新品電池】セイコー　スーペリア　純正ベルト　ツイン　スクエア　メンズ - メルカリ
10000	TAM01	Gentle Monster TAM01 サングラス - メルカリ
38500	H776121	【美品✨電池交換済】ハミルトン カーキETO H776121 クロノグラフ - メルカリ
10500	RB4258F	【‼️人気‼️】RB4258Fレイバン サングラス ライトグレー - メルカリ
11500	HS JM BM 0024	JIL SANDER 比翼 ライトブルー 半袖シャツ 40 - メルカリ
8000	1F21-0J80	【電池交換済】 SEIKO LUCENT レディース腕時計 新品ベルト - メルカリ
17000	B01-05020	COMOLI コモリ /サープラス Tシャツ サイズ4 ブラック - メルカリ
28100	4R39-00M0	し*ち様 SEIKO セイコープレザージュ 4R39-00M0自動巻き オープン - メルカリ
36988	IH1871-800	M*T様 Kobe 6 Protro Total Orange 26.5cm - メルカリ
15000	HS873	VALENTINO ロックスタッズサンダル 黒　43/26〜27.5位　サンダル - メルカリ
150000	2J41-0020	K18 SEIKO EXCELINE セイコー エクセリーヌ - メルカリ
10800	2906A 80	Christian Dior メガネ 2906A 希少 CDロゴ オーストリア製 - メルカリ
8180	H330-T009727	完動&新品電池 シチズン xC 電波ソーラー H330 - メルカリ
20000	301-081 52-0625	オペラパンプス 7 1/2THE TREAT DRESSING - メルカリ
12800	KV-66L ATS	金子眼鏡VINTAGE TITANIUM KV-66L ATS - メルカリ
14000	30800	COMME des GARCONS HOMME LOGO 半袖シャツ2024AD - メルカリ
12800	KM-76L BKWG	金子眼鏡　ラウンド型メタルフレーム　KM-76L BKWG - メルカリ
8500	RB4306	まっ様専用レイバン RB4306-F 601/71 サングラス ケース付 クロス - メルカリ
9460	CA.141.7.14.1960	美品✨ COACH シグネチャー柄 ピンクゴールド 腕時計 レディース - メルカリ
15000	S74LB1227 S30357	DSQUARED2 クールガイ 44 ブラック デニム - メルカリ
17980	W830-T008216Y	稼働 TOYOTA クラウン シチズン製 ソーラー腕時計 前期 スマートキー - メルカリ
8800	NT11961	【美品】ノースフェイス テックラウンジ カーディガン XL ブラック - メルカリ
16000	STY23074	極美品！PatagoniaレトロXフリースジャケットメンズL STY23074 - メルカリ
21000	5500L	☆極美品 シェリーライン GUCCI グッチ 時計 5500L シルバー - メルカリ
38000	H76522131/H765220	【美品】HAMILTON カーキ アビエーション おまけバンド多数＆外箱付属品付 - メルカリ
11500	CLF-581	CELINE セリーヌ CLF-581 メガネ ブラック クリアレンズ 美品 - メルカリ
10000	959-708H	TAG HEUER Professional 腕時計 ビンテージレディース - メルカリ
17000	CP9366	アディダス イージーブースト350V2 77-EY2512-60 - メルカリ
14000	H246-T022740	シチズン クロスシー 電波ソーラー レディース腕時計 サクラピンク 動作確認済 - メルカリ
27000	1E70-2A40	【新品電池/稼働】セイコー クレドール 腕時計 1E70-2A40 レディース - メルカリ
8100	P1GC244203	s*p様 日本未発売　モレリアネオ 4 β ELITE MIX 27cm - メルカリ
14000	SNX121	【廃盤・希少】セイコー5 自動巻き SNX121 白文字盤 裏スケ - メルカリ
20750	H385111	Hamilton ハミルトン ジャズマスター - メルカリ
12000	A714-5009	【新品電池/稼働】セイコー ランニングマン A714 クロノグラフ メンズ腕時計 - メルカリ
9000	0161AP04	ヒステリックグラマー スマーフ アンクル丈 カーゴパンツ M カモフラ 総柄 - メルカリ
11000	WS327MF	【美品】NewBalance WS327MF ニューバランス　24cm - メルカリ
15000	OO9463A-0139	OAKLY Sutro Lite OO9463A-0139 オークリー　スートロ - メルカリ
13800	SS28555	SUN SURFサンサーフレーヨンアロハシャツMACINTOSH UKULELE - メルカリ
10800	1231A225.001	アシックス ランウォーク コインローファー　黒　25.5㎝ - メルカリ
8800	2320-6100	セイコー ヴィンテージ レディース腕時計 ゴールド メッシュ 新品電池 動作良好 - メルカリ
13600	V172-0AA0	【美品】SEIKO ソーラー クロノグラフ　V172-0AA0 箱 コマ 付 - メルカリ
16800	CASIO G-SHOCK TOUGH SOLAR Bluetooth SHOCK RESIST	CASIO G-SHOCK GW-B5600 フルメタル 電波ソーラー - メルカリ
23233	8055312	【BURBERRY（バーバリー）】ロゴプリント コットン スウェットシャツ - メルカリ
178000	SDKS003 6R31-00D0	キングセイコー SEIKO SDKS003/6R31-00D0 自動巻き - メルカリ
10000	CTE-25S335 / 16500	Cootie Print S/S Tee (Wild Honey) - メルカリ
8999	61-99024 / 23100	On Cloudstratus ブラック ランニングシューズ　23cm - メルカリ
9999	392091	【レア！】NIKE Air Penny 2 'Copper' / 29cm - メルカリ
13000	OO9290-2631	オークリーのJAWBREAKER（ジョウブレイカー） - メルカリ
13000	OX5152-0356	【ゆうゆう様専用】OAKLEY　Wire Tap 2.0 RX メガネフレーム - メルカリ
12000	5641R	RAYMARレイマー 5641R オールウェザー パンチドキャップトゥ 7 - メルカリ
10000	JBJK1016	美品　ジャパンブルージーンズ　ブラックデニムジャケット　セルビッジ　44サイズ - メルカリ
10800	JK021	ISSEY MIYAKE プリーツプリーズ クルールネック半袖サイズ4 ブルー - メルカリ
15900	BP-30022	DAIWA PIER39　Tech Windbreaker Pants - メルカリ
13500	FCRB-222039	【FCRB】22AW UTILITY TEAM PANTS Lサイズ ネイビー - メルカリ
21900	BJ-30022	DAIWA PIER39　Tech Windbreaker Jacket - メルカリ
72200	MTG-B3000B-1AJF	ち*わ様 「新品同様」 G-SHOCK MT-G MTG-B3000B-1AJF - メルカリ
11000	GW0089	桜美猴王様専用adidas YEEZY BOOST 350 V2 ASH - メルカリ
13500	251NENED-HT01	WTAPS 9FORTY メッシュキャップ ホワイト - メルカリ
11880	98656	【良品】ジャランスリワヤ BEAMS別注 REDRUM ダブルモンクシューズ 8 - メルカリ
25000	CT8480-001	オフホワイト × ナイキ エアジョーダン5 77-JD2506-43 - メルカリ
11500	203225	VIVOBAREFOOT レザーサンダル Opanka オパンカ ビボベアフット - メルカリ
12800	24010240606030	☆*〜様 ダブルクロスカラーレスジャケット - メルカリ
18000	FQ2947-100	NIKE エアジョーダン1 レトロ ハイ OG 77-TO2604-153 - メルカリ
49800	Z01-05009	COMOLI コットンジャージカーゴショーツ　サイズ1 - メルカリ
37000	MNRRWOV16820417 / 106700	RRL ダブルアールエル リミテッド ヘリンボーンジャケット - メルカリ
41800	eg0415001	美品　オメガ　クオーツ　デヴィル　DeVille　ゴールド　電池交換済み - メルカリ
19000	Series 3080	LUMINOXネイビーシールズ3080クロノグラフ ブルー ルミノックス【廃盤】 - メルカリ
18500	DH5536	美品Vintage Works ビンテージワークス DH5536 FLANNEL - メルカリ
9500	VK67-0010	GW限定値下げ【ISSEY MIYAKE】クロノグラフ腕時計 ホワイトダイヤル - メルカリ
10000	PP81-JK428	極美品 プリーツプリーズ イッセイミヤケ タンクトップ 総柄 3 L グレー - メルカリ
14000	A20AS02TN	AURALEE WASHED FINX TWILL BIG SHIRTSベージュ - メルカリ
22000	GW-P12-003	Ground Y 袴パンツ タイプ2 GW-P12-003 黒 - メルカリ
10000	GM5822D/G892	DOLCE&GABBANA ダメージ加工 ブラックデニム ウエスタンシャツy2k - メルカリ
17000	HM4740-007	★スリーホイラー様専用　NIKE AirMax95 Big bubble28.0 - メルカリ
15000	CT1907	ルイヴィトン エピ サンチュールクラシックベルト グリーン レアカラー - メルカリ
300000	8J41-5010 18KT	SEIKO セイコー Dolce 8J41-5010 18KT 希少 - メルカリ
8200	BHS24S008C70	blurhms Chambray Open-collar Shirt ブラームス - メルカリ
10300	A1100D-1JF	CASIO A1100D-1JF 鉄仮面　フルメタル　復刻　稼働品　中古　美品 - メルカリ
14000	9279	美品 最安値Oakley HSTN Metal 0009279 サングラス - メルカリ
11000	CZ0789-105	Nike Air Jordan 7 Paris Saint-Germain - メルカリ
16600	BRG213M55	J*Y様 【人気XL】ブリーフィング ゴルフ3Dロゴ ジョガーパンツBRG213 - メルカリ
11000	1203A739-300	ASICS GEL-NYC Grove Olive 28.5cm - メルカリ
10780	RB3292	レイバン RB3292 004 62□09 サングラス - メルカリ
24500	E660-R010514	【極美品】 CITIZEN プロマスター E660-R010514 箱付稼働 - メルカリ
18000	FQ2947-100	NIKE エアジョーダン1 レトロ ハイ OG 77-TO2604-153 - メルカリ
49800	Z01-05009	COMOLI コットンジャージカーゴショーツ　サイズ1 - メルカリ
37000	MNRRWOV16820417 / 106700	RRL ダブルアールエル リミテッド ヘリンボーンジャケット - メルカリ
41800	eg0415001	美品　オメガ　クオーツ　デヴィル　DeVille　ゴールド　電池交換済み - メルカリ
19000	Series 3080	LUMINOXネイビーシールズ3080クロノグラフ ブルー ルミノックス【廃盤】 - メルカリ
18500	DH5536	美品Vintage Works ビンテージワークス DH5536 FLANNEL - メルカリ
9500	VK67-0010	GW限定値下げ【ISSEY MIYAKE】クロノグラフ腕時計 ホワイトダイヤル - メルカリ
10000	PP81-JK428	極美品 プリーツプリーズ イッセイミヤケ タンクトップ 総柄 3 L グレー - メルカリ
14000	A20AS02TN	AURALEE WASHED FINX TWILL BIG SHIRTSベージュ - メルカリ
22000	GW-P12-003	Ground Y 袴パンツ タイプ2 GW-P12-003 黒 - メルカリ
10000	GM5822D/G892	DOLCE&GABBANA ダメージ加工 ブラックデニム ウエスタンシャツy2k - メルカリ
17000	HM4740-007	★スリーホイラー様専用　NIKE AirMax95 Big bubble28.0 - メルカリ
15000	CT1907	ルイヴィトン エピ サンチュールクラシックベルト グリーン レアカラー - メルカリ
300000	8J41-5010 18KT	SEIKO セイコー Dolce 8J41-5010 18KT 希少 - メルカリ
8200	BHS24S008C70	blurhms Chambray Open-collar Shirt ブラームス - メルカリ
10300	A1100D-1JF	CASIO A1100D-1JF 鉄仮面　フルメタル　復刻　稼働品　中古　美品 - メルカリ
14000	9279	美品 最安値Oakley HSTN Metal 0009279 サングラス - メルカリ
11000	CZ0789-105	Nike Air Jordan 7 Paris Saint-Germain - メルカリ
16600	BRG213M55	J*Y様 【人気XL】ブリーフィング ゴルフ3Dロゴ ジョガーパンツBRG213 - メルカリ
11000	1203A739-300	ASICS GEL-NYC Grove Olive 28.5cm - メルカリ
10780	RB3292	レイバン RB3292 004 62□09 サングラス - メルカリ
24500	E660-R010514	【極美品】 CITIZEN プロマスター E660-R010514 箱付稼働 - メルカリ
230000	2E058297D	CELINE クラシックバイカージャケット19ss 希少サイズ 44 エディ期 - メルカリ
10000	YK24SS0667CS	YOKE 24SS SPRAY PRINTED BODER T-SHIRT - メルカリ
40000	T191　oc041486152-a	限定品 【稼動品 美品】セイコー 堀米雄斗モデル　腕時計 4R36-16X0 - メルカリ
23400	PP11-JH165	プリーツプリーズ イッセイミヤケ ロングワンピース マンスリー ブルー 2 - メルカリ
13000	S74LB0056 S30357	【人気モデル】DSQUARED2 ディースクエアード Tidy Biker 48 - メルカリ
8600	Y02882 PR012	DIESEL 赤黒メンズスニーカー 男靴 キャンバスシューズディーゼル - メルカリ
32000	Ref 9011910	【新品電池/稼働】フィリップシャリオール コロンブス 腕時計 9011910 - メルカリ
39100	HO P003	M*A様 COMME des GARCONS HOMME/エステルオックスカーゴ - メルカリ
26900	H324510	稼働 HAMILTON ジャズマスター クォーツ ネイビー メンズ腕時計 - メルカリ
13800	H110-T016294	美品❗️CITIZEN・ATTESA・ATD53-3051・電波ソーラー - メルカリ
19880	429446	【美品】GUCCI　グッチ　スニーカー　エース　蜂　ビー　シェリーライン　7.5 - メルカリ
8500	0823-8010	SEIKO セイコー QT 0823-8010 動作品 濃茶 - メルカリ
12000	7T32-7C60	セイコSEIKO クロノグラフALARM 7T32-7C60 腕時計 - メルカリ
13400	4J41-0AA0	美品 SEIKO エクセリーヌ 4J41-0AA0 コンビ レディース腕時計 - メルカリ
36000	932.213	TAGHuerタグホイヤー 3000シリーズ プロフェッショナル200 腕時計 - メルカリ
8000	H415-S033039	やぶやぶ様 シチズン エコドライブ 電波時計 H415 コンビカラー デイト - メルカリ
9800	UKS838.018	AMI PARIS クルーネックセーター 白 Ami de Coeur - メルカリ
12000	GST042-POE202	美品ウノピュウゴルフ1piu1uguale3GOLF/総柄半袖ポロシャツ - メルカリ
13000	CZ8684-001	ナイキ　エアマックス95 レーザーブルー　25.5cm - メルカリ
10000	1930-191081	CITIZEN EXCEED 1930-191081 スクエア 電池交換5月 - メルカリ
17000	NA61930	ノースフェイス アンタークティカバーサロフトジャケット ワイマラナーブラウン M - メルカリ
8000	9021-5270	希少新品電池交換済み稼動品美品SEIKOセイコー9021-5270スクエアメンズ - メルカリ
22500	SS21BRENPT04LV	The Ennoy Professional Nylon padded Pant - メルカリ
27000	FCRB-170020	F.C.R.B. セットアップ 黒 XL/L SOPH. - メルカリ
17100	C3-Q041	師*匠様 Champion 1st TRUE TO ARCHIVES C3-Q0 - メルカリ
32000	L5.136.4	【稼働/新品電池】ロンジン　グランドクラシック　腕時計　ローマン　レディース - メルカリ
24000	bROOTS21F5-2S22	blurhms LightMoleskinWorkJacket ジャケット黒 4 - メルカリ
11200	DH8011-100	s*5様 ナイキ エアモア アップテンポ　ホワイト - メルカリ
8000	CW2288-111	NIKE AIR FORCE1'07 ホワイト SIZE・26cm - メルカリ
8500	X01-05009	COMOLI 空紡天竺 半袖Tシャツ 2 ホワイト　白 - メルカリ
12000	STY 24142 SP19	パタゴニア フーディニ ジャケット L ブラック - メルカリ
10000	STY24147SP20	美品 パタゴニア フーディニジャケット・ウィメンズ Mサイズ グリーンカラー - メルカリ
8000	B-6	dairiku スタプレ　スラックス　2020aw - メルカリ
14000	0022U-0000	LEVI'S EDIFICE 別注 501 BLACK W34L30 サークルR - メルカリ
11900	7B22-0BH0	極美品SEIKO セイコー　腕時計　7B22-B0H0 電波ソーラー　チタニウム - メルカリ
24500	HTV-0027	フェネトレ ペルフェット コードバン 8 モスグリーン　26cm - メルカリ
8500	1F21-5A80	【美品/電池交換済】 SEIKO Belfina レディース腕時計 - メルカリ
13000	SHORE 02	YOHJI YAMAMOTO ヨウジ ヤマモト 黒縁 眼鏡フレーム 美品 - メルカリ
35800	BJ-53022 / BP-31022 / Tech Easy 2P Trousers	DAIWA PIER 39 ダイワピア　セットアップ　ネイビー　Sサイズ - メルカリ
12000	TF211	【美品】TOM FORD トムフォード TF211 AF サングラス 本体のみ - メルカリ
26400	HV8563-600	光*様 Union×Nike AirJordan1 High 26cm - メルカリ
18500	YK20AW0173S	【美品】YOKE 20AW CONNECTING HIGHT NECK KNIT - メルカリ
11400	RB4259F	【美品・ケース付き】Ray-Ban サングラス RB4259F グラデーション - メルカリ
11000	106.1352	【美品】グッチ GG ラバーサンダル ピンク レザーストラップ 36 1/2 - メルカリ
8000	BGA-2510	ベビージー BABY-G BGA-2510 アナログ ブラウン レディース 稼動 - メルカリ
9999	FUNCTIONAL WIDE JACKET	【URBAN RESEARCH】FUNCTIONAL WIDE JACKET - メルカリ
42000	T014421 A	稼働 ティソ PRC200 自動巻き発電オートクォーツ 二次電池交換 研磨 - メルカリ
33000	T150.410.11.041.00	TISSOT PR100 40mm ブルー文字盤 [正規輸入品] - メルカリ
14500	CT8012-005	NIKE AIR JORDAN 11 RETRO Cool Grey 27cm - メルカリ
8500	17-7240	美品♡アンティーク☆SEIKO☆手巻き20石オートマティック♡ゴールド - メルカリ
12000	XINYI 5700	【本格派】時計工具 5700型 スクリューバック 裏蓋オープナー XINYI製 - メルカリ
36000	Z01-03022	COMOLI オックス ドローストリング パンツ サイズ3 - メルカリ
12000	1500	【 新品電池 】 グッチ　腕時計　1500　ゴールド　スクエアフェイス　黒 - メルカリ
14500	NP62236	GW限定価格！ノースフェイス　マウンテンライトジャケット　LサイズNP62236 - メルカリ
50000	SBPK001	【美品】SEIKOプロスペックス SBPK001 ダイバー グリーン文字盤 - メルカリ
8000	NB82501	【カズさん専用】THE NORTH FACE アルパインライトパンツ - メルカリ
9800	SWFO252043	SNIDEL☆25SS☆マルチプリントパフスリーブワンピース☆花柄☆襟☆完売品 - メルカリ
46999	H406150 / 406150	美品 希少 稼働 ハミルトン レイルロード 自動巻 デイト H406150 時計 - メルカリ
26500	MR993ALD	シ*2様 New Balance 993 Aimé Leon Dore 27.5 - メルカリ
11000	7S26-02T0	【ヨシ様専用】SEIKO 5 7S26-02T0 自動巻き 50m防水 - メルカリ
9000	GW-1600TDJ-8AJF	CASIO G-SHOCK GW-1600TDJ-8AJF チタン 電波ソーラー - メルカリ
8880	8024283204	【大きいサイズ3L】テットオム シアサッカー セットアップ スーツ 洗濯可 黒 - メルカリ
8000	2001	evis 2001デニム24×35濃紺 - メルカリ
9000	A6SJ01HC	【値下】AURALEE コットンジャケット 2016年発売 オリーブ サイズ3 - メルカリ
10300	RB4259F	【‼️人気‼️】Ray-Ban レイバン サングラス RB4259F グラデーション - メルカリ
9000	BGT-2500CH	CASIO 限定品 Baby-G キューティーハニー コラボ ソーラー電波 - メルカリ
13500	ACCM-18066-03E	アレクサンドルドゥパリ ヘアクリップ べっ甲風 ブラウン フランス製 - メルカリ
8000	HZO-629	ワコール CW-X メンズタイツ Generator 紺 M - メルカリ
10000	170580 493075/	グッチ　マネークリップ グッチシマ 二つ折り 札入れ レザー メンズ　グレー - メルカリ
25000	6600	《極美品》2023年 フォクシー サマーニット切替ワンピース パーフェクトレディ - メルカリ
24600	OCW-T200S-1AJF	【OCEANUS】OCW-T200S-1AJF - メルカリ
8000	M2002REH	New Balance M2002REH DARK GRAY - メルカリ
22222	HG-B08-200	yohji homme アシンメトリーシャツ - メルカリ
11100	3B51-0AE0	稼働 セイコー ルキア 3B51 電波ソーラー 腕時計 スクエア ブラック文字盤 - メルカリ
11000	PT202	【Yama様専用】ISLAND SLIPPER ネイビー トングサンダル US8 - メルカリ
15900	V01-05006	COMOLI 22SS ウール天竺長袖クルー チャコール サイズ2 - メルカリ
20700	D-MC002	希少・完品　MACKINTOSH マッキントッシュ デニム ステンカラーコート - メルカリ
11000	H239-5020	SEIKO H239-5020「ロボットフェイス」アナログ・デジタルハイブリッド - メルカリ
9100	TF1053T	TIFFANY&Co. ティファニー TF1053T ツーポイント 一点物 - メルカリ
25200	58.121.2	稼働 Christian Dior 腕時計 シェル ゴールド ローマン 3261 - メルカリ
8980	59.98841	onクラウド5 グレー　サイズ41　59.98841 中古美品　防水防風 - メルカリ
12500	VN0A54F39GI	【極美品】Vans 36DX オールドスクール アナハイム レオパード 26.5 - メルカリ
12470	1183B421	【美品】Onitsuka Tiger DENTIGRE 27.5 厚底 白 - メルカリ
20000	TF402 01A	【Kitty様　専用】トムフォード サングラス Sedgewick - メルカリ
15000	MI93FK195	me ISSEY MIYAKE ストレッチプリーツ ハイネック - メルカリ
14000	535971	プレミアム アレキサンダーマックイーン オーバーサイズランナー ホワイト - メルカリ
14100	OV5562SU	た*く様 【大特価】Oliver Peoples Errisson Sun Bl - メルカリ
13000	NEOSCOOP / NSBP00	長渕剛 SPY サングラス NEOSCOOP ブラックパール希少モデル - メルカリ
15000	MI93FK195	me ISSEY MIYAKE ストレッチプリーツ ハイネック - メルカリ
14000	535971	プレミアム アレキサンダーマックイーン オーバーサイズランナー ホワイト - メルカリ
14100	OV5562SU	た*く様 【大特価】Oliver Peoples Errisson Sun Bl - メルカリ
13000	NEOSCOOP / NSBP00	長渕剛 SPY サングラス NEOSCOOP ブラックパール希少モデル - メルカリ
15900	24010240606030	美品✨NOBLE　ダブルクロスカラーレスジャケット　グレー　38 - メルカリ
25900	2625-0010	【希少/新品電池/稼働】セイコー 2625-0010 腕時計 オレンジ ダイバー - メルカリ
8300	7T92-0CA0	人気 SEIKO セイコー クロノグラフ 7T92-0BA0 シルバー 稼働 - メルカリ
20900	42309081	極美品 シャネル CHANEL メガネフレーム サングラス ココマーク ロゴ - メルカリ
18888	HJ-B73-515-1	リバーシブルシャツ yohji 23aw - メルカリ
19000	RG106	Louis Vuitton ブラックレザーブレスレット RG106 - メルカリ
16500	25SSE-WMO-BL05	25ss WACKO MARIA ナイロンコーチジャケット XL ブラック - メルカリ
16000	19AMSCO63	SHINZONE フィールドパーカー 19AMSCO63 ライナー付き 3way - メルカリ
12000	SL9S-829	洗える 美品 スローン 18G天竺 シルク 100％ ノースリーブ ポロ グレー - メルカリ
11900	578-5161001	2025SS✨マーガレットハウエル　コットンカシミヤニットベスト　ブラック - メルカリ
25000	kk2824	adidas SAMBA BOWLING 26.5cm atmos限定 - メルカリ
60000	RM222 NPL HNY87W	【最終値下】ルイヴィトン タイダイ Tシャツ XL オレンジロゴ イタリア製 - メルカリ
21900	HQ2050 300	NIKE VOMERO PREMIUM (ナイキ ボメロ プレミアム) 26cm - メルカリ
68000	RM222 IHN HNY83W	【最終値下】 LOUIS VUITTON デニム切替ジップアップパーカー - メルカリ
27000	SH-03-COW	【希少/美品】CCU 1 SH-03-COW カウレザー シャツ ジャケット 黒 - メルカリ
14980	A9SS01TS	【AURALEE】WASHED FINX TWILL STRIPE SHIRTS - メルカリ
25000	5278-A	【美品】CHANEL シャネル サングラス ココマーク 5278-A - メルカリ
11600	7122-8000 TYPE II	【美品・新品電池・新品ガラス・精度良好】SEIKO TYPE II - メルカリ
13300	307960-010	ナイキ　エアマックス95 トリプルブラック　26.5cm - メルカリ
12000	702719	近年 レリアン タック ロングワンピース 半袖 フレア 紺 9 M ギャザー - メルカリ
95000	RDT-A14	ROLLING DUB TRIOキャスパークロムエクセルサイドジップブーツUS9 - メルカリ
18700	D339-107880-187	ヴィヴィアンウエストウッド チェック ボウタイ ブラウス　美品 - メルカリ
8000	RB3183	レイバン　Ray-Ban サングラス　ハーフリム　シルバー　RB3183 ケース - メルカリ
12800	G171-P031	ゴーシュ◼︎カツラギワイドパンツ◼︎ネイビー - メルカリ
9800	960 6463 / 10044	【稼動品】ロンジン LONGINES クォーツ 腕時計 ゴールド - メルカリ
14000	DW-6900CC	G-SHOCK クレイジーカラーズ DW-6900CC パープル 廃盤 - メルカリ
110000	BUBBA-A MBK/GP-P	CHROME HEARTS(クロムハーツ)BUBBA-A - メルカリ
10500	AUS-034 DEGR	金子眼鏡 KANEKO OPTICAL サングラス - メルカリ
20000	PL43FH062	2024AW✨プランテーション　花柄ワンピース　グレー　M - メルカリ
18000	S74LB0938	DSQUARED2 Sexy Twist jean S74LB0938 44 - メルカリ
12100	H145-S073553	▽*▽様 CITIZEN 電波ソーラー H145 箱・余りコマ付 - メルカリ
8000	RB4260D 710/80	春いち様 サングラス RB4260D ブラウン べっ甲風 ブルーレンズ - メルカリ
12000	274702J	ジャックローズ　ダブルレザーライダース　Lサイズ - メルカリ
20000	M221 SH160 LF550	Lemaire Short Sleeve Shirt - メルカリ
12000	51351	専用★XXL大きいサイズ✨HOUSTON ベトジャン　スーベニアジャケット - メルカリ
498000	W2BB0009	カルティエ バロンブルー W2BB0009 中古 レディース - メルカリ
9500	AT9865-001	【GW最終日限定値下げ】美品ナイキエアマックス95エッセンシャル黒27cm箱あり - メルカリ
9800	91606	N.HOOLYWOOD エヌハリウッド ワイドイージーパンツ - メルカリ
15400	OO9206-4138	オークリー RADAR PATH OO9206 偏光風 スポーツサングラス 美品 - メルカリ
24500	NN-P4317	パンツ GORE-TEX ゴアテックス ノンネイティブ PANTS ブラック 黒 - メルカリ
8000	CT1268-100	ナイキ　エアマックス95 トリプルホワイト　26.5cm - メルカリ
18000	Y- 617 / BA11035H	【美品】G.H.BASS ローガン ペニーローファー BA11035H 黒 - メルカリ
13500	S32BN0122	【ちこ様専用】MM6 Maison Margiela テーラード 40 薄紫 - メルカリ
8000	JR7524	ABC-MART限定 adidas OZGAIA W アディダスオズガイアW - メルカリ
16000	GU223-80130B	Graphpaper High Density Knit Cardigan 黒 - メルカリ
13000	Rob SHIRT 038 / 20015	HEUGN 22SS Rob Bold Stripe SHIRT038 - メルカリ
36800	US7.5 / 30442	★専用bunsan7さん★7.5 希少DANNER LIGHT 80TH - メルカリ
15000	26030914YM096492778	【稼動品】 SEIKO セイコー V701-5E20 レクタンギュラー クオーツ - メルカリ
13400	GG2419	GUCCI sunglasses archive y2k unisex 00s - メルカリ
22222	597PAM13	Julius 17aw デストロイデニム セットアップ - メルカリ
80000	2583.8	オメガー　シーマスター - メルカリ
10300	NP11802	お値下げ中美品‼️NORTH FACE スーパーハイクパンツ　定価26800円 - メルカリ
8000	1183A711	美品 オニツカタイガー レザー スリッポン ホワイト　メキシコ66 27.5cm - メルカリ
21000	H765520	Hamilton Khaki パイオニアクロノ - メルカリ
13900	GW-M5610U-1BJF	カシオG-SHOCK /GWーM5610Uー1BJFソーラー電波／デジタル - メルカリ
12000	A6425	giab's ARCHIVIO MASACCIO 46 チャコールグレー - メルカリ
15200	SNM-078	ル*ジ様 STUDIO NICHOLSON CREAM Mサイズ - メルカリ
15000	35922	美品✨定価8万 デイジーリン フォクシー ウォッシャブルコルセットドレス ピンク - メルカリ
8000	OO9208-08 128	OAKLEY オークリー RADAR EV PATH レーダーEV - メルカリ
20000	Z01-05018	(1時間限定)24ss COMOLI ベースボールシャツ - メルカリ
18000	GT-P16-011	GroundY パンツ GT-P16-011 ワイド サルエル - メルカリ
44444	767FWM2	Julius 22ss-Pre レースアップブーツ - メルカリ
70000	2Q002729I	CELINE エディスリマン デニムトラッカージャケット 2Q002729I S - メルカリ
9500	RB3539-00293	【美品】Ray-Ban ERIKA METAL RB3539-00293 - メルカリ
10000	RB2140	美品✨ Ray-Ban サングラス WAYFARER ICE POP GRAPE - メルカリ
9800	40235	パタゴニア メンズ・R1エア・クルー Mサイズ ORTN 2023年モデル - メルカリ
10500	BB0006S 002	Balenciaga（バレンシアアガ）スクエア べっ甲柄 メンズ サングラス値下 - メルカリ
12000	MTWG1103-0231	MAATEE&SONS Silk Pants MTWG1103-0231 - メルカリ
15000	603083	き*こ様 Fendi ロゴ入りプラットフォームサンダル - メルカリ
800000	278609-6003	Chopard ショパールハッピースポーツ5p ダイヤモンドピンクゴールド - メルカリ
68000	M00919	新品仕上済 LOUIS VUITTON モノグラム タイドアップ ネックレス - メルカリ
55000	S50KA0530 S44330	Maison Margiela ブラック ストレートパンツ サイズ46 - メルカリ
16000	CAL44550	【ディオール】ディオール フュージョン スニーカ ビジュー メッシュスニーカー - メルカリ
10299	310	REGAL ストレートチップ レザー ブラック 内羽根26.5cm 3E - メルカリ
14500	OO9181-03 131	美品OAKLEY RADARLOCK 009181-03 交換レンズ ケース付 - メルカリ
19000	501XX	Levi's501XX BIGE 赤耳 裏555 W33 L36 バレンシア - メルカリ
13800	GS00699/05KIT	【着用一回のみ】ROTARY アビエイション 腕時計　クロノグラフ - メルカリ
11600	NY82212	N*K様 THE NORTH FACE ブラック ダウンジャケット(サンダージャ - メルカリ
8000	DO5254-180	25cm メゾン シャトー ルージュ × ナイキ エアジョーダン2 ハイ AJ2 - メルカリ
18900	VC-2647	ヴェリテクール　ウォッシュアウトオーバーオール サロペット Sage Gray - メルカリ
20000	MTA18S8036	TATRAS タトラス VARESE ジャージーブルゾン フルジップ ブラック - メルカリ
73000	CP1.210	【新型クリッパー】HERMES エルメス時計 CP1.210 ブラック☆極美品☆ - メルカリ
27000	DP-P043	AD2025 Comme des garçons homme deux - メルカリ
19600	Z0025E	Louis Vuitton サングラス - メルカリ
17000	4KC3231018	極美品 アレキサンダーワン ノースリーブ シャツ wang ロゴ刺繍 S グレー - メルカリ
21700	M-98	999.9 M98 度入り - メルカリ
20000	AD2019	【美品】コムデギャルソンオム／ワイドパンツ／XS／AD2019／ブラック - メルカリ
13500	H610-T015581	CITIZEN ATTESA エコドライブ 時計 - メルカリ
9200	W25636	HUNTER レインブーツ 26cm ショアディッチ 黒 防水 エンジニア風 - メルカリ
20000	Z907942	RAYMOND WEIL アナログ腕時計 - メルカリ
20250	TF5868-B ECO 001	極美品✨TOM FORD トムフォードTF5868-B メガネ　ブラック - メルカリ
12500	T348 y04230574-k	【稼動品】ラドー ダイヤスター 自動巻き 腕時計 325133 - メルカリ
17000	S017789D07RS	■ a727 CELINE デニムスカート ライトウォッシュ バッグスリット* - メルカリ
34000	53903F6	Patagonia 00s オンブレ チェックシャツ S シャドー - メルカリ
50000	MTG-B1000D-1AJF	G-SHOCK MT-G B1000D-1AJF - メルカリ
15000	1B35-0AB0/SSVV036	【稼働/電波ソーラー】SEIKO ルキア レディース 腕時計 1B35-0AB0 - メルカリ
15800	D341-705550-150	tricot COMME des GARCONS フリル ピンタック ブラウス - メルカリ
16000	GBM-2100A-1A2JF	カシオ Gショック GBM-2100A-1A2JF Bluetooth - メルカリ
8000	23-02697	sacai ポケットTシャツ XL 4 チャコールグレー 美品 サカイ - メルカリ
23000	S74LB1227	【新品 完売品】DSQUARED2 クールガイ ブラックデニム 黒 - メルカリ
16000	U1906LAI	【pennyさん用】New Balance 1906L ブラックスエード - メルカリ
12000	Q7402061	【美品】三陽山長 防水友二郎 ストレートチップ 25.5 7.5 - メルカリ
8100	OO9161-04	【美品】Oakleyオークリー サングラス PIT BULL ブラック ケース付 - メルカリ
15800	42968	FOXEY フォクシー ウール　ニット　トップス　セーター ロゴ刺繍 - メルカリ
15500	604133-050	美品✨ NIKE AIR MAX PLUS エアマックスプラス28cm 黒 - メルカリ
13000	810119AP00I0	まる。様専用✴︎ステラマッカートニー　チェーン　サンダル - メルカリ
11300	1500L	【美品】GUCCI 1500L ピンクシェル文字盤 シルバーバングル - メルカリ
8800	AX180	Christian Dior べっ甲 メガネ 小ぶり 上品 ディオール 眼鏡 - メルカリ
800000	278609-6003	Chopard ショパールハッピースポーツ5p ダイヤモンドピンクゴールド - メルカリ
68000	M00919	新品仕上済 LOUIS VUITTON モノグラム タイドアップ ネックレス - メルカリ
55000	S50KA0530 S44330	Maison Margiela ブラック ストレートパンツ サイズ46 - メルカリ
16000	CAL44550	【ディオール】ディオール フュージョン スニーカ ビジュー メッシュスニーカー - メルカリ
10299	310	REGAL ストレートチップ レザー ブラック 内羽根26.5cm 3E - メルカリ
14500	OO9181-03 131	美品OAKLEY RADARLOCK 009181-03 交換レンズ ケース付 - メルカリ
19000	501XX	Levi's501XX BIGE 赤耳 裏555 W33 L36 バレンシア - メルカリ
13800	GS00699/05KIT	【着用一回のみ】ROTARY アビエイション 腕時計　クロノグラフ - メルカリ
11600	NY82212	N*K様 THE NORTH FACE ブラック ダウンジャケット(サンダージャ - メルカリ
8000	DO5254-180	25cm メゾン シャトー ルージュ × ナイキ エアジョーダン2 ハイ AJ2 - メルカリ
18900	VC-2647	ヴェリテクール　ウォッシュアウトオーバーオール サロペット Sage Gray - メルカリ
20000	MTA18S8036	TATRAS タトラス VARESE ジャージーブルゾン フルジップ ブラック - メルカリ
73000	CP1.210	【新型クリッパー】HERMES エルメス時計 CP1.210 ブラック☆極美品☆ - メルカリ
27000	DP-P043	AD2025 Comme des garçons homme deux - メルカリ
19600	Z0025E	Louis Vuitton サングラス - メルカリ
17000	4KC3231018	極美品 アレキサンダーワン ノースリーブ シャツ wang ロゴ刺繍 S グレー - メルカリ
21700	M-98	999.9 M98 度入り - メルカリ
20000	AD2019	【美品】コムデギャルソンオム／ワイドパンツ／XS／AD2019／ブラック - メルカリ
13500	H610-T015581	CITIZEN ATTESA エコドライブ 時計 - メルカリ
9200	W25636	HUNTER レインブーツ 26cm ショアディッチ 黒 防水 エンジニア風 - メルカリ
20000	Z907942	RAYMOND WEIL アナログ腕時計 - メルカリ
20250	TF5868-B ECO 001	極美品✨TOM FORD トムフォードTF5868-B メガネ　ブラック - メルカリ
12500	T348 y04230574-k	【稼動品】ラドー ダイヤスター 自動巻き 腕時計 325133 - メルカリ
17000	S017789D07RS	■ a727 CELINE デニムスカート ライトウォッシュ バッグスリット* - メルカリ
34000	53903F6	Patagonia 00s オンブレ チェックシャツ S シャドー - メルカリ
50000	MTG-B1000D-1AJF	G-SHOCK MT-G B1000D-1AJF - メルカリ
15000	1B35-0AB0/SSVV036	【稼働/電波ソーラー】SEIKO ルキア レディース 腕時計 1B35-0AB0 - メルカリ
15800	D341-705550-150	tricot COMME des GARCONS フリル ピンタック ブラウス - メルカリ
16000	GBM-2100A-1A2JF	カシオ Gショック GBM-2100A-1A2JF Bluetooth - メルカリ
8000	23-02697	sacai ポケットTシャツ XL 4 チャコールグレー 美品 サカイ - メルカリ
23000	S74LB1227	【新品 完売品】DSQUARED2 クールガイ ブラックデニム 黒 - メルカリ
16000	U1906LAI	【pennyさん用】New Balance 1906L ブラックスエード - メルカリ
12000	Q7402061	【美品】三陽山長 防水友二郎 ストレートチップ 25.5 7.5 - メルカリ
8100	OO9161-04	【美品】Oakleyオークリー サングラス PIT BULL ブラック ケース付 - メルカリ
15800	42968	FOXEY フォクシー ウール　ニット　トップス　セーター ロゴ刺繍 - メルカリ
15500	604133-050	美品✨ NIKE AIR MAX PLUS エアマックスプラス28cm 黒 - メルカリ
13000	810119AP00I0	まる。様専用✴︎ステラマッカートニー　チェーン　サンダル - メルカリ
11300	1500L	【美品】GUCCI 1500L ピンクシェル文字盤 シルバーバングル - メルカリ
8800	AX180	Christian Dior べっ甲 メガネ 小ぶり 上品 ディオール 眼鏡 - メルカリ
14000	814-4233	ソログッド モンキーブーツ ルーファー USA製 9D ブラウン Y1693 - メルカリ
38000	AO033	セブンフライデー SEVENFRIDAY SF-Ｓ1 自動巻き　専用 - メルカリ
9800	24150SP19	パタゴニア フーディニ スナップT プルオーバー サイズS SBNE - メルカリ
15000	G27250	季節外処分シャネル CHANEL ロングブーツ 35 レザー チェーン - メルカリ
9900	STY52595SP19	パタゴニア パタロハ プルオーバー アロハシャツPullover Shirt - メルカリ
29999	45960 H	即出荷　ALDEN オールデン サービスブーツ クロムエクセル　7.5UK - メルカリ
15600	FQ1759-001	【極美品】ナイキ ジョーダン スパイジーク ロー "ブラックキャット 27.5㎝ - メルカリ
18000	PP93-J0556	美品 プリーツプリーズ PLEATS PLEASE ジオメトリック フリンジ - メルカリ
17000	GM-2100	CASIO G-SHOCK GM-2100メタル カシオーク 腕時計 人気 - メルカリ
9999	FXA87-022	【超美品】Burberrys 90s ノバチェック ロング プリーツスカート 7 - メルカリ
43000	AT8040-57L	【美品】シチズン アテッサ AT8040-57L 付属品完備 - メルカリ
52980	23SS / 2C947852C	セリーヌ 23SS エディ期 ビジュー刺繍 ハワイアン オープンカラー シャツ - メルカリ
14800	CB0011-69E	Citizen エコ・ドライブCB0011-69E サファイア 43.0mm - メルカリ
35000	745213	【⚠️本日削除‼️即日発送】デムナ期 BALENCIAGA　バギーデニムパンツ - メルカリ
8500	OPT1007B	OPTSTUFF DRAWSTRING BORDER T-SHIRT NAVY - メルカリ
8500	1220-5160	稼働　新品電池　EXCELINE　エクセリーヌ　1Pダイヤ　レディース - メルカリ
25500	T002.520.17.201.00	ティソ 腕時計 メンズ トニーパーカー限定モデル レーシングタッチ 黒 Y2K - メルカリ
55000	4R36-05V0 / MADE IN JAPAN SpecialEdition	セイコー　SEIKO srpa81 プロスペックス　ツナ缶 - メルカリ
20000	SP-5055-08	SPINNAKER FLEUSS - メルカリ
9199	ND91841	THE NORTH FACE ヌプシ　ダウンジャケット XL ブラック - メルカリ
11390	NP11712	☆ ザ・ノースフェイス クラウドジャケットGORE-TEX/ NP11712 - メルカリ
12500	51860-0010	極美品 リーバイス ビンテージクロージング LVC 519 ピケパンツ - メルカリ
11100	GM4268	HUMAN MADE × adidas スウェットトレーナー ヒューマンメイド - メルカリ
	S50GC0685	Maison Margiela 24ssオーバーダイロゴTシャ 山口一郎 - メルカリ
25000	IV9339	【完売品】adidas ADILENIUM トラックトップ IV9339 - メルカリ
15000	A9AS02TN	AURALEE フィンクスツイル ビッグシャツ 4 ベージュ - メルカリ
8200	14046	常田大希着用 Dr.Martens 3ホール VEGAN 14046 27cm - メルカリ
70000	GMW-BZ5000D-1JF	カシオ G-SHOCK GMW-BZ5000D-1JF フルメタル - メルカリ
8400	V806-0150	美品 稼働品 SEIKOセイコー アルバ アーバン サン＆ムーン ムーンフェイズ - メルカリ
28000	6121023	【AVIREX】アヴィレックス L スタジャン カウレザー 牛革 ワッペン - メルカリ
13500	NP22431R	THE NORTH FACE/Hydrena Triclimate Jacket - メルカリ
11900	H240-T020101	みゆママ専用　美品❣xC　サクラゴールド ティタニアライン　レッド　H240稼働 - メルカリ
9800	RB4259F	ブルーレンズRayBanレイバンRB4259F601/80 - メルカリ
11200	40235 FA22	美品　Patagonia R1エアクルー　men's L FA22 - メルカリ
23400	PP93-JH526	プリーツプリーズ 19AW 変形ロングワンピース マンスリー スリット 3 - メルカリ
8000	K100333-001	【専用】Camper TWINS スニーカー ブラック EU40 25.5 - メルカリ
8500	1201A424.005	【ASICS】GEL-NIMBUS 9 CREAM/BLACK 25.5cm - メルカリ
9800	340001 / 2604-00118-0423	箱付き リコー Limelight メンズ 腕時計 ダイバーズ 蓄光文字盤 - メルカリ
10000	T224 e04163267-k	【稼働品】SEIKO ソーラー 腕時計 6M26-8050 メンズ - メルカリ
19799	200M	稼働 訳アリ TAG HEUER タグホイヤー S99.008M ホワイト - メルカリ
15400	GM221-20060	Graphpaper（グラフペーパー） 春夏ガーメントテーラードジャケット - メルカリ
32000	L5.632.4	【稼働/新品電池.ベルト】ロンジン　フラッグシップ　腕時計　ローマン　メンズ - メルカリ
13500	1F21-0AV0	新品電池 SEIKO セイコー エクセリーヌ 15Pストーン 腕時計 レディース - メルカリ
18499	GST-W110-1AJF	CASIO G-SHOCK GST-W110 G-STEEL 電波ソーラー - メルカリ
26800	PT-116DC	【美品】MITTAN 大麻パンツ 草木染 柿渋 ベンガラ サイズ3 - メルカリ
64000	8229-0035X03	稼動品　250本限定　ポールスミス　腕時計　マスターピース　裏スケ　シルバー - メルカリ
34000	YA1264033  126.4	☆極美品 YA1264033 GUCCI グッチ 時計 Gタイムレス ビー 純正 - メルカリ
19999	ANC-CT57	ANCELLM 26SS DAMAGE WAFFLE TANK TOP - メルカリ
9800	LE070M	LEONARD レオナール リムレス メガネ 花装飾 日本製 - メルカリ
9400	21289-004	【大きいサイズ】CAMPER スパイラル コメット Vカット 黒 レザー - メルカリ
8800	7009-7031	【稼働品】SEIKO 5 セイコー5 自動巻き 7009 日本製 デイデイト - メルカリ
20500	HP03JF128	オムプリッセ イッセイミヤケ プリーツパンツ HP03JF128 サイズ3 - メルカリ
14060	1220-0020	新品電池　稼働品　SEIKO セイコー　レディース腕時計　クォーツ　ヴィンテージ - メルカリ
13500	1656	【濃紺】FULLCOUNT フルカウント 1656 双竜パッチ W34 - メルカリ
15000	AD2023	【極美品/23AW】JUNYA WATANABE MAN パッチカーゴパンツ - メルカリ
13900	XXW0LU05030LUBB015	極美品】TOD'S トッズ ゴンミーニ ドライビングシューズ ホワイト 34.5 - メルカリ
26980	SACM150	SEIKO sacm150 腕時計 クォーツ ゴールド - メルカリ
14900	E510-H28011	美品 シチズン エクシード メンズ 腕時計 ヴィンテージ パーペチュアル - メルカリ
23680	2E20-7460	SEIKO エクセリーヌ ダイヤ シェル ギョーシェ レディース 不動品 - メルカリ
8100	RB2132F	ヒ*ン様 Ray-Ban RB 2132-F NEW WAYFARER 902L - メルカリ
8500	BHS21S003	blurhms ブラームス Short Pants シアサッカー 2 - メルカリ
9700	D0461FJM009	XXL相当　パパス スイングトップ ブルゾン 裏地チェック ハリントン G9 - メルカリ
20000	XL1815	XL1815 KH ラインアート - メルカリ
32000	8J81-6A30	【新品電池✨稼働】SEIKO クレドール 8J81-6A30 腕時計 クォーツ - メルカリ
18000	Open Collar Western Shirt / ALAYA-SH-0005	ALAYA オープンカラーウエスタンシャツ - メルカリ
79000	Z1326E	ルイヴィトン サングラス Z1326E ミリオネア モノグラムデザインフレーム - メルカリ
12500	TF248 / AK-TF- 0509-2	TOM FORD トムフォード サングラス Henry（TF248） - メルカリ
75000	649	【極上美品・使用感少ない✨】プラダ モノリス ブラッシュドレザー ローファー 黒 - メルカリ
10300	NP12306	【美品】ノースフェイス　ベンチャージャケット　黒　L - メルカリ
9500	1183B969	【はちわれ様専用】Onitsuka Tiger SCLAW ブラックスニーカー - メルカリ
9700	D0461FJM009	XXL相当　パパス スイングトップ ブルゾン 裏地チェック ハリントン G9 - メルカリ
20000	XL1815	XL1815 KH ラインアート - メルカリ
32000	8J81-6A30	【新品電池✨稼働】SEIKO クレドール 8J81-6A30 腕時計 クォーツ - メルカリ
18000	Open Collar Western Shirt / ALAYA-SH-0005	ALAYA オープンカラーウエスタンシャツ - メルカリ
79000	Z1326E	ルイヴィトン サングラス Z1326E ミリオネア モノグラムデザインフレーム - メルカリ
12500	TF248 / AK-TF- 0509-2	TOM FORD トムフォード サングラス Henry（TF248） - メルカリ
75000	649	【極上美品・使用感少ない✨】プラダ モノリス ブラッシュドレザー ローファー 黒 - メルカリ
10300	NP12306	【美品】ノースフェイス　ベンチャージャケット　黒　L - メルカリ
9500	1183B969	【はちわれ様専用】Onitsuka Tiger SCLAW ブラックスニーカー - メルカリ
9300	321131073	まいまい様専用！グレースコンチネンタルワンピース - メルカリ
8000	M1500ONBP	New Balance M1500ONBP UK製 スニーカー 25.5cm - メルカリ
40000	B5000D	美品　G-SHOCK GMW-B5000D-1JF 電波ソーラー シルバー - メルカリ
10500	506	REGAL インターナショナルコレクション 506 ローファー 26.5cm 黒 - メルカリ
29800	M62485	✨極美品✨louis vuitton LV ネックレス モノグラム柄 付属品込み - メルカリ
37000	P4128	REPLICA SNEAKERS S37WS0566 サイズ42 - メルカリ
148000	75090	チューダー・サブマリーナー ヴィンテージモデル - メルカリ
8500	NP2852N	THE NORTH FACE PL Mountain Wind Parka - メルカリ
35000	SNKF11	【激レア】SEIKO SNK11 BFS ヴィンテージ - メルカリ
13300	609048-109	ナイキ　エアマックス95 オレオ　26.5cm - メルカリ
30100	23SAP-04-06H	さ*パ様 アブレッセ a.presse No.2 Washed Denim Pa - メルカリ
331111	3510.5	オメガ スピードマスター 時計 付属品付き - メルカリ
8500	2040-203411 K	新品電池 CITIZEN ゴールド クォーツ スクエア スモールセコンド - メルカリ
13800	2220-0530	SEIKO シャリオ 2220-0530 手巻き ローマ数字 稼動品 美品 - メルカリ
13980	472701	SALOMON XA PRO 3D V9 GORE-TEX 28.5cm 黒 - メルカリ
35000	FA00	2000年patagonia クラシックレトロカーディガンジャケット ・ベージュ - メルカリ
15500	GK4594	20AW Y-3 M CLASSIC WOOL CARGO PANTS - メルカリ
27000	BN0190-82E	CITIZEN プロマスター BN0190-82E ダイバー200m フルセット - メルカリ
9100	H07839	稼働品 新品電池 シチズン クロスシー ダブルフェイス スクエア クォーツ - メルカリ
22000	V01-02017	美品　COMOLI コモリ 22ss ベタシャンスキッパーシャツ - メルカリ
9800	PP05-JK600	ISSEY MIYAKE イッセイミヤケ　プリーツタンクトップ ブラック　銀タグ - メルカリ
24800	3SN272ZPR H969	【GW値下げ】diorスニーカー【定価17.5万円】！ - メルカリ
330000	WBP5111.BA0013	最終値下げ　タグ・ホイヤーアクアレーサー 300 ブルー - メルカリ
8800	FZ4238-001	AM SNDR GTX _エア マックス SNDR GORE-TEX 27センチ - メルカリ
8700	02920520220 / 10093047	AMERI アメリビスチェ付きジャケットドレス セット ロングワンピース S - メルカリ
59200	T055.427.16.017.00	Y*H様 TISSOT 自動巻クロノグラフ PRC200 - メルカリ
11000	J505-T021310	ポール スミス Paul Smith チャーチストリート ブラック 紫 - メルカリ
17000	921948-101	【極美品】NIKE AIR MORE UPTEMPO '96 KNICKS 26 - メルカリ
35000	806067	【BALENCIAGA】SUIT BELT 35 - メルカリ
15600	R01-01015	と*ぎ様 【20SS】COMOLI ヨリ杢コットン ジャケット ベージュ サイズ - メルカリ
9900	73422806	G/FORE ジーフォア ゴルフシューズ カモフラ MENS CAMO MG4+ - メルカリ
18000	8M37-7000	セイコー　SEIKO ヨットタイマー 8M37-7000 - メルカリ
16000	452133	【希少☆良品】adidas PROMODEL VINTAGE／2005年製 - メルカリ
8000	OO9102-68	y2k Oakley Holbrook サングラス　ブラック OO9102-68 - メルカリ
19000	69454	LOUIS VUITTON コリエ LVインクルージョン ネックレス モノグラム - メルカリ
253800	47501-0077 / 786524	NEIGHBORHOOD × LVC 1974モデル 501xx ジーンズ - メルカリ
15300	39951	《極美品》フォクシー 定価10万 プリーツフレアワンピース レース ミッドナイト - メルカリ
11150	5M24-0E50	SEIKO AGS 自動巻き時計 オレンジダイヤル - メルカリ
138000	SBEJ029	SBEJ029 SEIKO セイコー PROSPEX プロスペックス - メルカリ
11000	171257C	お値下げ中【国内未発売】 KIM JONES × CONVERSE チャック70 - メルカリ
14000	GG0080SK	専用です。グッチ サングラス GG0080SK べっ甲 インターロッキングG - メルカリ
20000	26080500801010	2026SS✨ドゥーズィエムクラス　ベーシックニット　グレー - メルカリ
21000	M9841	LOUIS VUITTON M9841 エルドラド バックル サンチュール ロゴ - メルカリ
19000	GM252-50058N	希少 25SS完売 グラフペーパー スーピマシャンブレーシャツ 1 - メルカリ
14500	FW5305	Reebok × adidas インスタポンプフューリーブースト 28 シトロン - メルカリ
9500	GMF00115.F000324.10276	【ゴールデングース】SLIDE スニーカー レザースウェード グレー a640* - メルカリ
19000	NP12301	＊ THE NORTH FACE / All Mountain Jacket - メルカリ
10790	600G	1990年代製 FENDI フェンディ ユニセックス 新品電池 ヴィンテージ品 - メルカリ
13000	F-9052	【美品】スコッチグレイン F-9052 ストレートチップ 黒 25cm EEE - メルカリ
10000	SM-YS8-0000-056	セントマイケルEASY SHORTS/CREATION Mサイズ - メルカリ
15200	100 0531 8	【極美品 箱付】GUCCI ホースビットローファー 25cm GG柄 - メルカリ
9400	5J21-0A30	美品 SEIKO DOLCE KINETIC AUTORELAY 自動巻 稼働品 - メルカリ
30000	5500L	稼働 GUCCI 腕時計 5500L 11Pダイヤ ブラック デイト 3389 - メルカリ
13500	56916J	FOOT-JOY (フットジョイ) ゴルフシューズ 27cm WH 56916J - メルカリ
48500	1430	希少 文字盤意匠 オメガ シーマスター クォーツ ゴールド文字盤 デイト - メルカリ
9800	NP72230	【タイムセール】ノースフェイス NP72230 DG グリーン L - メルカリ
28900	5M62-0BL0	値下！セイコー キネティックダイバー 200m 純正ブレス＆ゴムバンド付 稼働品 - メルカリ
48000	MTG-B1000B-1AJF	カシオ G-SHOCK MTG-B1000B-1AJF - メルカリ
10000	CM996XA2	New Balance 996 グレー スニーカー - メルカリ
12000	21M-S-02-02	SIVA 21SS ARMED WIDE SHIRT アームドワイドTシャツ - メルカリ
550000	W4BL0002	カルティエ バロン ブラン ドゥ カルティエ W4BL0002 腕時計 - メルカリ
8500	NP22202	【美品】ノースフェイス スワローテイルフーディ ブラック L - メルカリ
26220	454725 Y943O	希少 サンローランパリ 16SS シワ加工 オンブレチェックシャツ M エディ - メルカリ
115000	AI6008-SS002-330-2	【5/6までGW限定価格】モーリス・ラクロア　アイコン　自動巻き　ブラック - メルカリ
43000	U03-03014	a*d様 21AW COMOLI コモリ 5Pブリーチデニム サイズ1 - メルカリ
9800	BE-52025	DAIWA PIER39 ダイワピア　パーカー SWEAT ZIP PARKA - メルカリ
30000	7183	【美品・稼働品】モンブラン Montblanc プロファイル シェル 7183 - メルカリ
9500	CK1907-600	Nike CORTEZ × STRANGER THINGS 26㎝ 美品 - メルカリ
31500	pmd56-2981	希少 チタン CITIZEN プロマスター エアダイバー エコドライブ ブラウン - メルカリ
17000	SSVV036/1B35-0AB0	稼働【極上美品16㎝】セイコー SEIKO ルキア 電波ソーラー　ピンクゴールド - メルカリ
9000	NP72230	THE NORTH FACE Compact Jacket コンパクトジャケット - メルカリ
8000	BC0417	アディダス スタンスミス ベルクロ 白 29.5 本革 - メルカリ
13500	NP10924 / 10924	【GORE-TEX】ノースフェイス レインテックスフライト 上下セット メンズM - メルカリ
	MTAT24S8195	24SS TATRAS 半袖Tシャツ ブラック　M - メルカリ
8000	1108038	アグ スニーカー ミオ トレーナー ロー モノ 26.0 ブラック Y1655 - メルカリ
84450	RU02D6366-TE	RICK OWENS WIDE BELA PANTS サイズ48 - メルカリ
9500	517-09	00s 日本製 リーバイス 517 先染め ブラックデニム ブーツカット W30 - メルカリ
8000	NB32301	THE NORTH FACE アルパインライトパンツ　ブラック　M - メルカリ
16700	S71LB1180 S30733	【23年製】ディースクエアード Super Twinky 黒 デニム 48 - メルカリ
8400	8114-217-0679	StevenAlan BRSH CTN 2PLEATED SLACKS XL - メルカリ
11000	MF-1194	Masaki Matsushima マサキマツシマ MF-1194 日本製 - メルカリ
30500	2311V201962	＊Vieux Paris＊ ウェディングドレス　SF-108 - メルカリ
8000	81061307	MIHARA YASUHIRO Big Zip Nylon Coat 46 - メルカリ
21000	1B22-0CS0	【稼働/限定モデル】セイコー ルキア 腕時計 電波ソーラー 1B22-0CS0 - メルカリ
35000	A23SP02SD	AURALEE 黒　SELVEDGE LIGHT DENIM デニム　パンツ　3 - メルカリ
9000	CWF0211043	【CELFORD】フラワーレースワンピース（サイズ34）総レース　ネイビー - メルカリ
8800	JY251C03	DENIM DELIGHT DAYS 別注レギュラーウエイトスウェット - メルカリ
13000	IH2946	2bガレジ様 専用 ダイム × アディダス ガゼル ADV - メルカリ
12800	1500L	【美品】GUCCI 1500L ピンクシェル文字盤 シルバーバングル - メルカリ
12000	1500L	【美品】GUCCI 1500L ピンクシェル文字盤 シルバーバングル - メルカリ
9000	C22295	COLE HAAN ZERØGRAND ウィングチップ オックスフォード9.5W - メルカリ
9800	RB4259F	【‼️人気‼️】Ray-Ban レイバン サングラス RB4259F グラデーション - メルカリ
18000	RW335	ニードルズ/ヒザデルパンツ/ブライトジャージー/H.D.PANT/Mサイズ - メルカリ
8000	MFB-1400	Max Fritz MFB-1400 ライディングジャケット 50 - メルカリ
8080	CZ0931-003	NIKE ACG Watercat+ 28cm ブラック - メルカリ
8300	EB-04 C.01	アイブレラ EB-04 ロイヤル 瞳に優しい多機能サングラス　マーブル 度なし - メルカリ
8000	AR11186	稼働品 エンポリオ アルマーニ 腕時計 メンズ ブラック 黒 y2k 0378 - メルカリ
8499	MBCMY1612	【セイバー様専用】1964 THE CLOCK HOUSE MBCMY1612 - メルカリ
35550	GMW-B5000	G-SHOCK GMW-B5000 - メルカリ
12670	TF5433-F / AK-TF-0509-3	TOM FORD TF5433-F 眼鏡 ブラック メガネフレーム - メルカリ
64000	460UR6BRA.36SI / 14824	✨極美品✨セリーヌ　トリオンフ　グルメット　スモールチェーン　ネックレス - メルカリ
19500	501XX	ビンテージリーバイス　501xx アメリカ製 - メルカリ
13000	IH2946	2bガレジ様 専用 ダイム × アディダス ガゼル ADV - メルカリ
12800	1500L	【美品】GUCCI 1500L ピンクシェル文字盤 シルバーバングル - メルカリ
12000	1500L	【美品】GUCCI 1500L ピンクシェル文字盤 シルバーバングル - メルカリ
9000	C22295	COLE HAAN ZERØGRAND ウィングチップ オックスフォード9.5W - メルカリ
9800	RB4259F	【‼️人気‼️】Ray-Ban レイバン サングラス RB4259F グラデーション - メルカリ
18000	RW335	ニードルズ/ヒザデルパンツ/ブライトジャージー/H.D.PANT/Mサイズ - メルカリ
8000	MFB-1400	Max Fritz MFB-1400 ライディングジャケット 50 - メルカリ
8080	CZ0931-003	NIKE ACG Watercat+ 28cm ブラック - メルカリ
8300	EB-04 C.01	アイブレラ EB-04 ロイヤル 瞳に優しい多機能サングラス　マーブル 度なし - メルカリ
8000	AR11186	稼働品 エンポリオ アルマーニ 腕時計 メンズ ブラック 黒 y2k 0378 - メルカリ
8499	MBCMY1612	【セイバー様専用】1964 THE CLOCK HOUSE MBCMY1612 - メルカリ
35550	GMW-B5000	G-SHOCK GMW-B5000 - メルカリ
12670	TF5433-F / AK-TF-0509-3	TOM FORD TF5433-F 眼鏡 ブラック メガネフレーム - メルカリ
64000	460UR6BRA.36SI / 14824	✨極美品✨セリーヌ　トリオンフ　グルメット　スモールチェーン　ネックレス - メルカリ
12600	6106-7420	美品/稼働/SEIKO5 ACTUS 23石 アンティークウォッチ 1970年製 - メルカリ
8000	H058-T017568	稼働 シチズン クロスシー 電波ソーラー コンビ オクタゴン レディース - メルカリ
11000	SS19	【希少 】ヴィヴィアンウエストウッド MAN PIG ORB ネックレス 豚 - メルカリ
125000	SGB685S211	4*送様 プラダ フード付 Re-Nylonジャケット SGB685S211 サ - メルカリ
8000	7T92-0DW0 / 021826	メンズ 腕時計 セイコー クロノグラフ 100M防水 ホワイト文字盤 稼働品 - メルカリ
9800	4-480121	稼働 新品電池 シチズン コスモトロン X8 電磁テンプ デイト 白 36mm - メルカリ
8172	RB4259-F 601/19	美品✨Ray-Ban サングラス RB4259-F ブルーグラデーション - メルカリ
19000	U1906LBN	New Balance ローファー U1906LBN ブラック 27.5cm - メルカリ
8980	718321-001	美品　NIKE エクスプローラーBOA　ゴルフシューズ　スパイクレス　ブラック - メルカリ
120000	7N01-HDC0	世界300本限定シリアルNo0001 SEIKO ウルトラマン 腕時計 　完品 - メルカリ
8500	LM7254	Lee リー オーバーオール ヒッコリーストライプ LM7254 日本製 XL - メルカリ
9000	RB2140-F	レイバン ウェイファーラー 偏光 サングラス RB2140F 901/58 52 - メルカリ
19530	TF5918 D-B ECO 001	美品✨TOMFORD トムフォード TF5918-D-B ECO 001 メガネ - メルカリ
51000	T137.407.11.041.00	TISSOT PRX Powermatic 80 - メルカリ
59000	794439	BALENCIAGA リヨセル　オーバーサイズ ブレザー 2 ブラック - メルカリ
8500	SH4710	ブラック　ラコステ アシンメトリーボーダーハイネックジャケット LACOSTE - メルカリ
11000	8725-S122155 / BU4030-91E	稼働 CITIZEN エコドライブ 8725-S122155 黒 デイデイト - メルカリ
12000	STY28150	patagonia 廃盤　バギーズジャケット　ナイロンジャケット　M - メルカリ
18200	1F20-6D90	【新品電池/稼働】セイコー ラサール 腕時計 1F20-6D90 カットガラス - メルカリ
10000	SILVER925	【美品】✨GUCCI✨ ノット インフィニティ ネックレス 50cm Ag925 - メルカリ
12600	20AW A-2	コ*ラ様 Dairiku タッセルローファー 厚底 - メルカリ
8100	DA6672-201	y*6様 Nike x Tom Sachs General Purpose "B - メルカリ
120000	111881	モンブラン MONTBLANC 111881スターローマンスモールセコンド - メルカリ
15700	GG 2457/S	【希少】GUCCI グッチ サングラス GG2457/S Gロゴ ブラウン - メルカリ
68000	54321	ラストチャンスGW特別価格‼️ ALDEN 54321 Vチップ　コードバン #8 - メルカリ
15980	DW-6900PL	【美品】G-SHOCK DW-6900PL ピンク CASIO クレイジーカラー - メルカリ
93500	CAZ1010.FT8024	最終値下　TAG HEUERタグホイヤー フォーミュラ1 クロノグラフ - メルカリ
40500	H820-T021701	【稼働/付属品】シチズン　エコドライブ　電波ソーラー　ダブルダイレクト　腕時計 - メルカリ
8000	T240-3/4 y04160454-k	【稼働品】SEIKO 自動巻き 21石 腕時計 7S26-00D0 - メルカリ
9500	FSW-22-SH_16	FreshService コーポレートシャツ ネイビー F ブロード - メルカリ
17780	0703-7020	電池交換済 稼動 SEIKO エルニクス ローマンインデックス 70s腕時計. - メルカリ
12000	SO-AR-20D-LL	SIXPAD リカバリーウェア　半袖 - メルカリ
9990	NPW22430	美品！ノースフェイス☆Short Compact Jacket ブラック　L - メルカリ
47400	SKX779	【極美品・精度良好】SKX779 7S26-0350 ブラックモンスター 初代 - メルカリ
16000	COM-545 NT	BJ CLASSIC COLLECTION COMBI メガネフレーム - メルカリ
48800	640L	箱付 極美品 稼働 FENDI フェンディ 640L カメレオン 替ベルト5色 - メルカリ
32000	152.0202.3	【美品】RADO DIASTAR 152.0202.3 ダイアスター 腕時計 - メルカリ
18500	332550-101	ナイキ エアジョーダン1 レトロ ディファイニング モーメンツ セルティックス… - メルカリ
27840	J0144	​JURGEN LEHL シルク混 チャイナボタン セットアップ ベージュ M - メルカリ
17500	48 21 145	EYEVAN Quincy 48 21 145 BLK - メルカリ
8400	RB4246	Ray-Ban RB 4246 サングラス /ボストン / クラブマスター - メルカリ
16000	MJSS-29	稼働　SAAD　オニキス　時計　黒文字盤　ローマン数字　スモセコ　箱付き美品 - メルカリ
30000	D78-109	稼働品/美品 チェンジベルト ディオール D78-109 マリス シェル文字盤 - メルカリ
30000	DW-5600FS-3JF	美品新品ベルト付 カシオ G-SHOCK DW-5600FS キムタク同型同色 - メルカリ
9000	A00P01DM	Auralee HARD TWIST DENIM 5P PANTS - メルカリ
11800	SD24S-SH05	SEDAN ALL-PURPOSE ドビーチェック 半袖シャツ L 裾ロゴ - メルカリ
16700	H330-T011721 XCB38-8861	なつひな様専用稼働/美品/箱付 CITIZEN xC 白蝶貝シェル文字盤 レース - メルカリ
10000	CLS-SH-2411	CLESSTE 　“C”CITY GAME S/S SHIRT シャツ - メルカリ
10000	GG2592-S	【美品 GUCCI】シェリーライン サングラス GGロゴ グラデーションレンズ - メルカリ
19000	PINO01	GENTLE MONSTER ジェントルモンスター PINO01 サングラス - メルカリ
20000	SSVW079  1B22-0AX0	極美品 SSVW079 ルキア 電波ソーラー ダイヤ セイコー 時計 ネイビー - メルカリ
8000	2930-291450	【美品/希少/電池交換済】CITIZEN レディース腕時計 新品ベルト - メルカリ
10999	CKS 1015	Blue Water CKS1015 ドリズラー 黒 XL 日本製 美品 - メルカリ
8800	7T32-6F70	美品 稼働 SEIKO クロノグラフ 7T32 リザード ベルトユニセックス - メルカリ
8600	WGZ1022301A0001	【美品】ウィムガゼット サイドスリット タイトスカート 黒 F ジャージー - メルカリ
19000	PREM-144S	BJ CLASSIC COLLECTION PREM 144S DT サングラス - メルカリ
15000	W410-S114187 / BZ4005-03E	CITIZEN エコドライブ Bluetooth W410-S114187 美品 - メルカリ
15000	S09ME016-1	suzuki takayuki 比翼仕立て リネンバンドカラーシャツコート - メルカリ
8580	NP72230	【美品】ノースフェイス コンパクトジャケット ブラックM - メルカリ
11500	IK411	Engineered Garments × K-WAY 21SS CREPIN - メルカリ
10240	EF6-101	【美品】miu miu ミュウミュウ メガネ フレーム ロゴ 赤 54□16 - メルカリ
9800	NP21863	クリーニング済　ロールパックジャーニーズコート オフホワイト　L ノースフェイス - メルカリ
10000	s022487	【希少・美品】シチズン エコドライブ ソーラー レディース腕時計 ダイヤ レトロ - メルカリ
150100	2561.8	さ*く様 OMEGAシーマスター300プロフェッショナル　2561.80 36m - メルカリ
11000	HW2410	BARNYARDSTORM × SURT ルーズシルエットデニム　ハイウエスト - メルカリ
11599	7T92-0CC0	SEIKO パンダクロノ　クロノグラフ 7T92-0CC0 メンズ腕時計 - メルカリ
8000	MNBLSEM3W00128	【至高の混紡素材】ポロ ラルフローレン プレミアム ケーブル編み ニット L - メルカリ
24800	3050/3950	超美品☆ ケース付 ルミノックス ネイビーシールズ 3050/3950 - メルカリ
10000	1127110	UGG スニーカー CA805 V2 - メルカリ
16300	A00P03TN	AURALEE WASHED TWILL EASY WIDE PANTS XL - メルカリ
13500	19AMSOP01	【sale】 THE SHINZONE ポピードレス 花柄ワンピース - メルカリ
18750	129.4077.4N	RADO ラドー 129.4077.4N クォーツ サファイアガラス - メルカリ
15000	PUJU0021Q0	【サーファー様専用】MARNI ダークデニム ストレートパンツ - メルカリ
295000	4520-8000	【稼働】グランドセイコー 4520-8000 手巻き CAP GOLD 金張り - メルカリ
105000	CL1	稼働品★電池交換済み エルメス CL1.310 クリッパー ピンクシェル 時計 - メルカリ
11500	KH0323M007475	【美品】グッチ　137.1 シンク　腕時計　メンズ　GG ホワイト　ラバーベルト - メルカリ
20000	8052650	【美品】バーバリー アイコンストライプ ロゴプリント コットン Tシャツ - メルカリ
17500	5421-H10031	【稼働/新品電池】イヴ・サンローランYSL 黒文字盤 ユニセックス腕時計 - メルカリ
15000	1101501	最終値下げモンベルパーマフロストライトダウンパーカ 1101501 M ブラック - メルカリ
8000	W626-4000	美品 稼働品 セイコー アルバ スプーン メンズ腕時計 デジタル 防水 クオーツ - メルカリ
15200	SSVW048	【新品ベルト/稼働】セイコー ルキア 電波ソーラー 1B22-0AP0 デイト - メルカリ
22000	16233	ロレックスデイトジャストジュビリーブレス あまりゴマ2コマ - メルカリ
8800	T024741	ポールスミス 腕時計 クローズドアイズ シルバー 稼働品 Paul Smith - メルカリ
30000	MRB310	J5138美品 ウノピゥウノウグァーレトレ ストレッチサマーイージースーツ 黒Ⅳ - メルカリ
10800	39712 / ase691	美品✨フォクシー 近年 定価5.2万 ボウタイブラウス バイカラー - メルカリ
9700	04136455Y2154	【稼働】 SEIKO クロノス 5H23-5100 スクエア デイデイト 腕時計 - メルカリ
20000	6400L	【今邑さま専用】グッチ 腕時計 6400L ホースビット シルバー 稼働品 箱付 - メルカリ
24999	CTE-26S308 / 31900	COOTIE PLAITED JERSEY FOOTBALL S/S TEE - メルカリ
20000	T188　y041200221-a	【稼動品】セイコー ジュエリーウォッチ 腕時計 ブレスウォッチ 新品電池 - メルカリ
160000	CV201AG.BA0725	タグ・ホイヤー カレラ クロノグラフ キャリバー16 デイデイト CV201AG - メルカリ
41000	2HC282/2DMI/P101 2021 19398	PRADA プラダ バケットハット ホワイト 2HC282 リナイロン - メルカリ
9800	H240-T019081	訳あり　シチズン クロスシー エコドライブ ハッピーフライト電波ソーラー腕時計 - メルカリ
20000	MIL-J-82790J	ALPHA 迷彩MA-1フライトジャケット 型番:MIL-J-82790J XL - メルカリ
8800	BB550WWW	ニューバランスの「550」シリーズ（型番：BB550WWW） - メルカリ
24999	CTE-26S308 / 31900	COOTIE PLAITED JERSEY FOOTBALL S/S TEE - メルカリ
20000	T188　y041200221-a	【稼動品】セイコー ジュエリーウォッチ 腕時計 ブレスウォッチ 新品電池 - メルカリ
160000	CV201AG.BA0725	タグ・ホイヤー カレラ クロノグラフ キャリバー16 デイデイト CV201AG - メルカリ
41000	2HC282/2DMI/P101 2021 19398	PRADA プラダ バケットハット ホワイト 2HC282 リナイロン - メルカリ
9800	H240-T019081	訳あり　シチズン クロスシー エコドライブ ハッピーフライト電波ソーラー腕時計 - メルカリ
9499	AB03-209	ATTACHMENT ダブルフェイス　MA-1 ジャケット　ブラック - メルカリ
20100	M5633	P*2様 Tricker's × JUNYA WATANABE ウィングチップ - メルカリ
8690	AH5802	LACOSTE ラコステ ウール100% Vネック カーディガン グレー XL - メルカリ
29200	MTD-1043	【極美品/稼働】CASIO ダイバーズウォッチ MTD-1043 デイト 腕時計 - メルカリ
20000	130835-111	【超希少！未使用！】NIKE AIR BAKIN（エア ベイキン）27.5 - メルカリ
12700	NN-P3962	39th nonnative SOLDIER 6P EASY SHORTS - メルカリ
19000	GSR-H1000	稼働 カシオ G-SHOCK 充電式 アシックス スマートウォッチ - メルカリ
29000	533882W09E19000	専用　BALENCIAGA トリプルS スニーカー 24.5㎝ - メルカリ
28500	B01-02012-BLK-4	COMOLI KHADIコットンオープンカラーシャツ　4 25SS - メルカリ
21000	AT8696-100	NIKE AIR MAX 95 White Crystal Blue 28cm - メルカリ
18000	D121011 / 18000	【GWセール】 ダナー フィールド ビリーズ別注 D121011 26cm 美品 - メルカリ
13000	H240-T019081 EC1034-59W	新品二次電池 シチズン クロスシー ハッピーフライト ピンク コンビ ソーラー - メルカリ
100000	7017-6020	【希少OH済】セイコー5スポーツ　スピードタイマー 7017-6020 - メルカリ
10000	GI-J061	COMME des GARÇONS コムデギャルソン ジャケット オリーブ - メルカリ
19000	MT5103-0605	d*r様 25SS フリンジシャツ MAATEE&SONS マーティアンドサンズ - メルカリ
9000	121	クリスチャンディオール バギラ ブラックムーン ゴールド 黒文字盤 動作未確認 - メルカリ
8780	FN8454002	Nike ズーム フライ 6 - メルカリ
37500	T137.410.11.041.00	TISSOT PRX 40mmクォーツ 純正革ベルト付き - メルカリ
27000	HP21JF128	オムプリッセ　イッセイミヤケ　プリーツパンツ　ワイドパンツ　ブラック　サイズ1 - メルカリ
60000	OCW-G2000G-1AJF	CASIO OCEANUS OCW-G2000G カシオ オシアナス 腕時計 - メルカリ
22900	678660	GUCCI グッチ インターロッキングG ブレスレッ卜　17 - メルカリ
9200	RB3539	サングラス　レイバン　Ray-Ban ERIKA METAL EVOLVEレンズ - メルカリ
90000	8X53-0AJ0-2 / SBXB063	希少人気モデル　新品ベルト　セイコー　GPS 　　8X53 チタニウム - メルカリ
14900	T323 e04212057-k	【稼働品】SEIKO デジタル クォーツ 腕時計 D229-5010 新品電池 - メルカリ
8200	300GA480-0850	ENFOLD エンフォルド ホワイト COLLAGE Tシャツ 38 - メルカリ
11500	LQ526	NEEDLES(ニードルズ) トラック パンツ ジャガード プリント スター - メルカリ
23000	Tackett AG / mdy-290	EYEVAN Tackett 度なし ボストン 伊達めがね レンズ新品 - メルカリ
9800	B2290	ブッテロ ブーツ サイドジップ レースアップ 39 ブラウン Y1720 - メルカリ
11000	B612-S117581	【美品・稼働品】CITIZEN シチズン エコドライブ クロノグラフ B612 - メルカリ
15000	M01-02001	COMOLI シャツ　サンドピンク　2 コモリ - メルカリ
17000	L41617400	Salomon XA PRO 3D ブラック 24.0cm - メルカリ
9300	221WVDT-PTM07	WTAPS TUCK / SHORTS / COTTON - メルカリ
13800	146438	【美品】グッチ GG ゴールド ベルト ヴィンテージ - メルカリ
16000	LH22A-PT040	極美品❤︎LOHEN デニムライクフォルムパンツ コクーン グレーインディゴ 38 - メルカリ
9800	NB31948	ノースフェイス バーサタイルパンツ Lサイズ ブラック NB31948 - メルカリ
8000	BV55/S	ボッテガヴェネタ BV55/Sサングラス ティアドロップ イントレチャート - メルカリ
8300	RB4259F	RB4259F　レイバン　正規品　美品　ベージュ　サングラス Ray-Ban - メルカリ
16000	PJ-T017	コムデギャルソンオムプリュス 22AW エステル フリルTシャツ - メルカリ
8000	31301810	CONVERSE コンバース ALL STAR COUPE OX 25.0cm - メルカリ
16000	863DS11A4210	Dior HOMME （ディオールオム） スリムストレッチ デニムパンツ - メルカリ
8800	100632 001	Carhartt カーハート レインディフェンダー フルジップパーカー M - メルカリ
12000	NPW12003	THE NORTH FACE クライムライトジャケット インパチェンスピンク - メルカリ
8500	T81.7.221.12	ティソ（TISSOT）/T81.7.221.12/ ナースウォッチ シルバー - メルカリ
15000	2289	PRADA プラダ レザー ローファー スリッポン 6 1/2 - メルカリ
218900	9F62-0AB0	Grand Seiko SBGX261 9F62-0AB0 - メルカリ
20000	CJ0588-001	NIKE AIR MAX 95 PRM Pink Foam ピンクグラデ27cm - メルカリ
9900	A20ST01KB	AURALEE ハードツイストボーダー　Tシャツ　オーラリー - メルカリ
15000	S30357	Dsquared2　ディースクエアード　スケーター　デニム　46 人気モデル - メルカリ
25800	AT8040-57E	シチズンアテッサ　ダイレクトフライト　エコドライブ　電波時計　軽量チタン製 - メルカリ
18000	28666	【最終値下げ】FOXEY♡シャンパンフルートコート - メルカリ
14999	PX2351 00	【希少/アーカイブ】PUMA YUKE 360 27.0cm 忍 足袋 - メルカリ
10000	TZ-B004	tricot COMME des GARÇONS 丸襟 半袖ブラウス 白　M - メルカリ
9300	BH528EL	【美品】LACOSTEラコステ ピケ ダウンジャケット メンズ黒 - メルカリ
9500	A1000M-1B	CACIO A1000 - メルカリ
12000	AW25BRENCT01NTL	ENNOY Border Crew Neck Sweat "Navy"2XL - メルカリ
119800	114858	モンブラン 4810 デュアルタイム 114858 自動巻 箱付 メンズ 美品 - メルカリ
8000	010DAA12-1800-4	美品MOUSSY　MVS FLARE　デニム　濃紺　サイズ23　ワンウォッシュ - メルカリ
60000	CTL57-1221	ザ・シチズン クロノマスター CTL57-1221 年差±5秒 腕回り17cm弱 - メルカリ
26500	142.3	GUCCI グッチ　142.3 デイト　ブラック　腕時計 - メルカリ
26900		デッド 90sラルフローレン bonnardオープンカラーシャツ コットンシルク - メルカリ
22800	YA1264007A	【稼働/新品電池】GUCCI グッチ Gタイムレス 蛇 キングスネーク - メルカリ
14000	PRG-600-1jf	【美品】CASIO PRO TREK PRG-600-1JF 腕時計 ブラック - メルカリ
420000	IW459402	IWC ポートフィノ オートマティック ムーンフェイズ IW459402 自動巻 - メルカリ
13100	9000L Cream	⭐*️様 ◆稼働◆ グッチ 9000L クリーム クオーツ レディース 腕時計 - メルカリ
8500	K1441-00	MAVERICK（WranglerJapan）ストレートデニム ダークブルー - メルカリ
13000	AX-T804	PLAY ギャルソン スタッズTシャツ - メルカリ
34000	CB5037-84E	【ボヤッキー様専用】シチズンプロマスター CB5037-84E 現行モデル - メルカリ
14500	505-0217	【90s USA製】Levi's リーバイス 505 ボタン裏532 - メルカリ
18000	NN-F4257	スニーカー nonnative MIZUNO WAVE MUJIN TL MID - メルカリ
1000000	AVEQHM21WW241 / 2088000	えりこ様専用ページ - メルカリ
9999	oo9206-02	OAKLEY レーダーロック パス 　マット ホワイト x スレート イリジウム - メルカリ
16500	M990GY3	new balance 990v3 M990 GY3 27.5cm - メルカリ
12800	A20AS02TN	AURALEE WASHED FINK TWILL BIG SHIRTS ３ - メルカリ
8000	bROOTS25S34A	最終値下げblurhmsrootstock BRITPOP Tシャツ - メルカリ
10799	SWFA196	SEIKO セイコー セレクション SWFA196 レディース ソーラー 腕時計 - メルカリ
60000	H244110	【稼働/新品電池、ベルト】ハミルトン　ベンチュラ　腕時計　黒文字盤　メンズ - メルカリ
10500	1183A966	Onitsuka Tiger REBILAC SANDAL 24 白 サンダル - メルカリ
17000	T101410A / 101410	美品　TISSOT PR100 T101410A クオーツ時計 - メルカリ
58000	T322 e042103751-k	【稼働品】タバー　サガ　ギョーシェ スクエア クォーツ 腕時計 S.3026 - メルカリ
33000	221SZNH-JKM01	y*a様 ネイバーフッド スウェードジャケット　SUEDE JKT 黒　レザー - メルカリ
8500	STY53330SP19	Patagonia ウエスタンシャツ シャドーチェック 天然植物繊維 S - メルカリ
21800	1063A029	ASICS アシックス ballaholic GLIDE NOVA FF2 27 - メルカリ
20000	EU-A21-0000-055	SAINT MICHAEL×Emotionally Unavailable EU - メルカリ
28380	M4246 / BC1215	LOUIS VUITTON 25年 ブレスレット・キャッチ イット モノグラム - メルカリ
8000	IM7259-010	ナイキ　テック　オーバーサイズド　ウーブン　パンツ L - メルカリ
10000	UR36-14R005	URBAN RESEARCH ¥30,580 ストレッチポンチ セットアップ - メルカリ
16000	2102XX	フルカウント　2102 サイズ44 - メルカリ
18000	PP53-JD451	PLEATS PLEASE カーディガン プリーツ プリーズ - メルカリ
13000	163D006A1114	dior homme kris van assche pants size30 - メルカリ
9000	NP11834	THE NORTH FACE マウンテンパーカー イエロー/ブラック - メルカリ
13500	NT5108N	ノースフェイス パープルレーベル ワイドテーパードパンツ ネイビー 36 - メルカリ
24000	W514	リーガル Imperial Grade コードバン プレーントゥ23.5〜24 - メルカリ
10000	6131017	【GW売切値下げ】AVIREX アヴィレックス レザージャケット 羊革 L - メルカリ
10000	T227-1/4　y04120005-a	【稼動品】セイコー　ダイバー　クォーツ　腕時計　シルバー　7N35-600A - メルカリ
19000	EC1115-08A  H240-T021999	極美品 EC1115 08A クロスシー 電波ソーラー シチズン 時計 ゴールド - メルカリ
9700	FF0317/S	【美品】FENDI スクエアサングラス クリアブラウン FF0317/S - メルカリ
14000	GW8206	専用 美品 アディダス タバコ グルーエン 28センチ - メルカリ
12299	0112AM02	アーカイブ ヒステリックグラマー スカル ヘリンボーン カーゴショーツ - メルカリ
88888	PP-P025	25aw COMMEdesGARCONS HOMME PLUS 寅壱 M - メルカリ
15000	4336-8040	【風防新品交換済】SEIKO TYPE II 1977年製 縦リネン文字盤 稼働 - メルカリ
20000	SN004	SAN MARTIN サンマーティンSN004 レトロ ダイバーズ オマージュ - メルカリ
11000	MALUMA 01	ADSR MALUMA 01 赤西仁 マルーマ サングラス エーディーエスアール - メルカリ
19000	EC1115-08A  H240-T021999	極美品 EC1115 08A クロスシー 電波ソーラー シチズン 時計 ゴールド - メルカリ
9700	FF0317/S	【美品】FENDI スクエアサングラス クリアブラウン FF0317/S - メルカリ
14000	GW8206	専用 美品 アディダス タバコ グルーエン 28センチ - メルカリ
12299	0112AM02	アーカイブ ヒステリックグラマー スカル ヘリンボーン カーゴショーツ - メルカリ
88888	PP-P025	25aw COMMEdesGARCONS HOMME PLUS 寅壱 M - メルカリ
15000	4336-8040	【風防新品交換済】SEIKO TYPE II 1977年製 縦リネン文字盤 稼働 - メルカリ
20000	SN004	SAN MARTIN サンマーティンSN004 レトロ ダイバーズ オマージュ - メルカリ
11000	MALUMA 01	ADSR MALUMA 01 赤西仁 マルーマ サングラス エーディーエスアール - メルカリ
11800	SUCS810	【名作】nanamica ALPHADRY Club Pants W30ネイビー - メルカリ
12000	H800-S084610	シチズン CITIZEN クロノグラフ 電波ソーラー メンズ 白文字盤 メンズ - メルカリ
9500	VN000VAQBK / VN0A5DXUBKA	新品VANS SKATE LOAFER ブラック - メルカリ
10000	NPW22430	THE NORTH FACE ショートコンパクトジャケット L NPW22430 - メルカリ
8990	no.50 / 16500	中川政七商店　麻布ワンピース　ピンク - メルカリ
42000	70506-0259	【ECC様専用70506-0259 USA製　リーバイス80's サイズ38 - メルカリ
8000	bBOOTS25S35D	最終値下げblurhms rootstock ARMEE Tシャツ - メルカリ
26000	2102023	美品　マラリウス スペイ SPEY Barbour バブアー - メルカリ
9500	CQ9327-401	【美品】NIKE カイリー7 EP ミッドナイトネイビー 28cm バッシュ - メルカリ
16000	S-658T	999.9 S-658T - メルカリ
12000	PP66-JK181	PLEATS PLEASE フリンジ プリーツ ノースリーブ 緑 イッセイミヤケ - メルカリ
20000	OV5526SU 100587 Kienna 51-21-145 3N	Oliver Peoples サングラス　Kienna - メルカリ
8270	K201486-003	人気サンダル✨カンペール DANA サンダル ホワイト レザーサンダル 23.5 - メルカリ
22000	9874	【最終価格】Louis Vuitton ヴェルニベルト 85 cm - メルカリ
13400	SPR11N	プラダ サングラス 三角ロゴ Y2K 鼈甲 ブラウン - メルカリ
9900	248056467260	【美品】トゥモローランド×ハリスツイード ヘリンボーン生地 テーラードジャケット - メルカリ
13000	CM996XB2	美品✨NEW BALANCE CM996 ゴアテックス ブラック27cm - メルカリ
8800	47501	リーバイス　LVC 47501 W31 日本製 - メルカリ
9000	ORB4171F ERIKA	極美品✨　レイバン　サングラス　ORB4171F　エリカ - メルカリ
11800	28151 SP20	超美品/廃盤/旧型　patagonia バギーズジャケット men's XL - メルカリ
77000	DU02E7351-BW	25AW Rick Owens DRKSHDW GETH CUT 31 BW - メルカリ
9600	EM6Q-C0-CA	ORIENT オリエント スリースター 自動巻き ブルー EM6Q-C0-CA - メルカリ
13000	1110510	【新品未使用】ホカオネオネ　クリフトンエッジ 28.0 アーモンド　ベージュ - メルカリ
9199	525	REGAL リーガル 0525 ストレートチップ 26.5cm ブラック 本革 - メルカリ
8980	DC7294-103	ナイキ エアジョーダン1 MID 27cm グリーン 美品 DC7294-103 - メルカリ
12500	B01-05010	COMOLI 25SS コットンジャージー半袖Tシャツ　コモリ - メルカリ
8300	RB3016	レイバン クラブマスター サングラス RB3016 ブラック×ゴールド - メルカリ
8900	oo9331-08	OAKLEY STRAIGHTLINK【正規品】オークリー ストレイトリンク - メルカリ
12800	02243-0021	CONFECT リネン和紙トラックパンツ 黒 4 - メルカリ
11000	98322 / 11120	ジャランスリワヤ98322チャッカブーツ11120 茶 UK9.5（28cm） - メルカリ
11000	CQ2870	adidas Stan Smith スニーカー 8 (US) - メルカリ
11670	AIRFORCE1	26cm コンバース×ロンハーマン オールスターOX s2461 ALLSTAR - メルカリ
24999	SRPD51 4R36-07G0	SEIKO 5スポーツ SRPD51K1 セイコー 5 Sports - メルカリ
13000	7640	稼働　新品電池　ZEPPELIN　ツェッペリン 100周年　7640　社外ベルト - メルカリ
14800	S50GC0672 S50GC0680	5/2限定値下❣️Maison Margiela メゾンマルジェラ ブラックXL - メルカリ
30100	SO33A100	Y*S様 【極美品】オメガ×スウォッチ ミッション・トゥ・マーキュリー／別注レザ - メルカリ
13000	037 01 13 1511	【中古／美品】75・30 GUCCI レザー ベルト GGゴールド金具 - メルカリ
10500	0205SP	【美品】0205SP 桃太郎ジーンズ 出陣 W31 スリムストレート - メルカリ
57900	C00096	a*d様 Acne Studios ワイドバギーレッグ ルーズフィットジーンズ - メルカリ
35000	U2-1/3 y04250005-k	【稼動品】SEIKO ラサール クリスタルストーン 腕時計 1E50-0129 - メルカリ
18000	jm01-1	BED J.W. FORD Double-Zip MA-1 23ss - メルカリ
9800	T370-2/2 y0422158-k	【稼動品】SEIKO プレサージュ クォーツ 腕時計 コンビ 3E29-0110 - メルカリ
16980	BU1601	箱付き美品✨️　BURBERRY 腕時計 稼働品 デイデイト　クォーツ - メルカリ
20000	CL40233I-4948E	セリーヌ　CELINE サングラス　Deuxime Classe - メルカリ
15000	TF638-K	TOM FORD トムフォード サングラス TF638 ベッコウ柄 ケース付 - メルカリ
8000	W0 1002 0933 P4A	LANVIN 2010 エルバズ期 トレンチコート フランス製 - メルカリ
16500	1F21-5A00	【新品電池】 SEIKO ブレスウォッチ ドレス ゴールド ヴィンテージ - メルカリ
15000	MGL1001	KIYOKO HATA ミグリオラーレ MGL1001 ウェディングドレス - メルカリ
33000	H32411735	【極美品】HAMILTON ハミルトン　ジャズマスター ジェント クォーツ - メルカリ
13800	90091	美品　チペワ　Chippewa 90091 ワークブーツ ブラック　8D - メルカリ
188000	WA549RC	バルチック BALTIC トリコンパックス 手巻　ツアーオート2024　限定 - メルカリ
25000	D1GD261401	MIZUNO WAVE PROPHECY MOC 28.0cm ブラック 美品 - メルカリ
19000	RO140	USA製 TONY LAMA トニーラマ ウエスタンブーツ　27cm - メルカリ
8888	SSC085P1	⭐ SEIKO 時計 クロノグラフ ソーラー SSC085P1 - メルカリ
20000	BU7702	【極美品・電池交換済】バーバリー スポーツ BU7702 クロノグラフ メンテ済 - メルカリ
32500	2102413	【GW限定】 3ワラント Barbour バブアー SPEY スペイ ジャケット - メルカリ
20000	BB-800	CASIO BB-800 80s“Old CASIO”Solar Vintage - メルカリ
25000	W770-S115035	稼働/極美品 シチズン エコドライブ Bluetooth搭載 メンズ腕時計 - メルカリ
13000	H110-T009417	シチズン エクシード 電波ソーラー H110-T009417 チタンモデル - メルカリ
11800	7S26-01VO	セイコー 7S26-01VO 自動巻き セイコー5 メンズ 腕時計 - メルカリ
26000	V175-0AD0	SEIKO ダイバーズ V175-0AD0　二次電池交換済 - メルカリ
16000	T354-2/2　y04236913-a	【稼働品】SEIKO クロノス　23石 手巻き　腕時計　シルバー　J14028 - メルカリ
12799	2976 AW006	Dr.Martens MONO サイドゴアブーツ チェルシーブーツ UK9 - メルカリ
20000	T106417A	TISSOT ティソ V8 クロノグラフ サファイアガラス 電池交換済 稼働品 - メルカリ
20000	JS38226A	lotus様専用JIL SANDER スリングバックポインテッドトゥパンプス36 - メルカリ
10000	T06234	kolor BEACON ブラック トレーナー - メルカリ
20100	HF0836-010	マ*ん様 キムタク　私物　Supremd Jordan パーカー　M - メルカリ
19990	501XX	リーバイス501(R) Selvedge Paint Splatters W34 - メルカリ
15000	251M40SP03	即完売 Dickies × MR.BROTHERS バーバーパンツ L ブラック - メルカリ
19800	K2505SP216	KAPITAL パッチワーク柄 イージー ショートパンツ 日本製 4 - メルカリ
12000	579-120204	【美品】マーガレットハウエル リネン混 ダブルブレストジャケット 背抜き M - メルカリ
24000	GE-P18-101	Ground Y ヴィンテージフラノ ラップパンツ　GE-P18-101 - メルカリ
	2304100 / 2306401 / BARGMAN TS / ATRIA2	極美品 22年♡セオリーリュクス セットアップ エグゼクティブ テーラード 38 - メルカリ
90000	2583.8	オメガ OMEGA シーマスター 300 デイト ダイバー 2583.80 - メルカリ
10000	No0476	Tonino Lamborghini トリプルカレンダー メンズ 時計 新品電池 - メルカリ
35000	242111	美品稼働✨ ハミルトン ベンチュラ H242111 ブラック文字盤 腕時計 - メルカリ
11000	PI-B031	あ*さ様 コムデギャルソンオムプリュス 綿ブロード レースアップシャツ ホワイト - メルカリ
22000	M65456 / 65456	ポンド様専用　Louis Vuitton ルイヴィトン　バーグシャンゼリゼ - メルカリ
18000	made in JAPAN	人気モデル GUCCI メタルフレーム GG0396S 001 - メルカリ
13400	OO9206-27 / 009206-27	オークリー レーダーロックパス ケース付Prizm Road OO9206-27 - メルカリ
9999	H058-T016553	【稼働・美品】CITIZEN シチズン xC クロスシー H058ピンク文字盤 - メルカリ
11500	7N35-600A	200m防水セイコー スキューバ 7N35-600A - メルカリ
90000	G36646	CHANEL シャネル ターンロック ローファー サイズ37 グレー シルバー - メルカリ
13490	BJ2-2142505JC	ケイタマルヤマ インターシャ ネイビー 長袖ニットセーター ユニセックス　M - メルカリ
20100	CA0045U	R*s様 Herno ブラック チェスターコート - メルカリ
11000	TF5398-F 052	TOM FORD メガネ TF5398-F 052 - メルカリ
15000	1B35-0AB0	SEIKO ルキア 1B35-0AB0 電波ソーラー コンビ レディース腕時計 - メルカリ
338000	H0968	【CHANEL】J12 H0968 白セラミック クォーツ 完品 極美品 - メルカリ
19000	T120.417.11.051.00	TISSOTシースタ− クロノグラフ【電池切れ間近】 - メルカリ
12000	OO9286A	美品オークリー　サーソー　プリズムゴルフ　国内正規品 - メルカリ
123000	54331	⭐︎Alden 54331 コードバン 8.5D　オールデン　vチップ⭐︎ - メルカリ
10000	HJ3847-010	外箱付 26cm NIKE AIR MAX 90 LV8 厚底 エア良好 ガム - メルカリ
15000	JMJL0914	美品 ニューバランス THE CITY セットアップ ストレッチ　洗える　グレー - メルカリ
65000	AK-10507D	桂由美 YUMI KATSURA カラードレス ウェディングドレス rp - メルカリ
9500	NP72131	THE NORTH FACE ブラックナイロンジャケット XL NP72131 - メルカリ
35000	RU15S4751-AR	rick owens 1B テーラード ジャケット 42 - メルカリ
9500	EH1788	【美品】Reebokポンプフューリー 香港返還モデル 27cm 限定カラー 復刻 - メルカリ
19800	02461 91235	❤️シャネル　サングラス　ココマーク べっ甲柄　02461 91235 - メルカリ
20000	KAS-18	お値下げ　金子眼鏡　KAS-18 創業昭和三十三年 - メルカリ
30000	M9821	美品　LOUIS VUITTON モノグラム　ベルト　LVバックル　m9821 - メルカリ
8000	RB4387F 126774 55	Ray-Ban サングラス　RB4387F 126774 55 - メルカリ
11500	1212A211-001	アシックス／ペダラ☆スニーカー レザー リボン ブラック コンフォート23.5 - メルカリ
9500	NF51997	【美品】THE NORTH FACE ベロシティ ニットミッド GORE-TEX - メルカリ
10000	5H25-6020	【新品電池/稼働】セイコー SCUBA クォーツ ダイバー デイト メンズ腕時計 - メルカリ
12800	02243-0021	CONFECT リネン和紙トラックパンツ 黒 4 - メルカリ
11000	98322 / 11120	ジャランスリワヤ98322チャッカブーツ11120 茶 UK9.5（28cm） - メルカリ
11000	CQ2870	adidas Stan Smith スニーカー 8 (US) - メルカリ
11670	AIRFORCE1	26cm コンバース×ロンハーマン オールスターOX s2461 ALLSTAR - メルカリ
24999	SRPD51 4R36-07G0	SEIKO 5スポーツ SRPD51K1 セイコー 5 Sports - メルカリ
13000	7640	稼働　新品電池　ZEPPELIN　ツェッペリン 100周年　7640　社外ベルト - メルカリ
14800	S50GC0672 S50GC0680	5/2限定値下❣️Maison Margiela メゾンマルジェラ ブラックXL - メルカリ
30100	SO33A100	Y*S様 【極美品】オメガ×スウォッチ ミッション・トゥ・マーキュリー／別注レザ - メルカリ
13000	037 01 13 1511	【中古／美品】75・30 GUCCI レザー ベルト GGゴールド金具 - メルカリ
10500	0205SP	【美品】0205SP 桃太郎ジーンズ 出陣 W31 スリムストレート - メルカリ
57900	C00096	a*d様 Acne Studios ワイドバギーレッグ ルーズフィットジーンズ - メルカリ
35000	U2-1/3 y04250005-k	【稼動品】SEIKO ラサール クリスタルストーン 腕時計 1E50-0129 - メルカリ
18000	jm01-1	BED J.W. FORD Double-Zip MA-1 23ss - メルカリ
9800	T370-2/2 y0422158-k	【稼動品】SEIKO プレサージュ クォーツ 腕時計 コンビ 3E29-0110 - メルカリ
16980	BU1601	箱付き美品✨️　BURBERRY 腕時計 稼働品 デイデイト　クォーツ - メルカリ
20000	CL40233I-4948E	セリーヌ　CELINE サングラス　Deuxime Classe - メルカリ
15000	TF638-K	TOM FORD トムフォード サングラス TF638 ベッコウ柄 ケース付 - メルカリ
8000	W0 1002 0933 P4A	LANVIN 2010 エルバズ期 トレンチコート フランス製 - メルカリ
16500	1F21-5A00	【新品電池】 SEIKO ブレスウォッチ ドレス ゴールド ヴィンテージ - メルカリ
15000	MGL1001	KIYOKO HATA ミグリオラーレ MGL1001 ウェディングドレス - メルカリ
33000	H32411735	【極美品】HAMILTON ハミルトン　ジャズマスター ジェント クォーツ - メルカリ
13800	90091	美品　チペワ　Chippewa 90091 ワークブーツ ブラック　8D - メルカリ
188000	WA549RC	バルチック BALTIC トリコンパックス 手巻　ツアーオート2024　限定 - メルカリ
25000	D1GD261401	MIZUNO WAVE PROPHECY MOC 28.0cm ブラック 美品 - メルカリ
19000	RO140	USA製 TONY LAMA トニーラマ ウエスタンブーツ　27cm - メルカリ
8888	SSC085P1	⭐ SEIKO 時計 クロノグラフ ソーラー SSC085P1 - メルカリ
20000	BU7702	【極美品・電池交換済】バーバリー スポーツ BU7702 クロノグラフ メンテ済 - メルカリ
32500	2102413	【GW限定】 3ワラント Barbour バブアー SPEY スペイ ジャケット - メルカリ
20000	BB-800	CASIO BB-800 80s“Old CASIO”Solar Vintage - メルカリ
25000	W770-S115035	稼働/極美品 シチズン エコドライブ Bluetooth搭載 メンズ腕時計 - メルカリ
13000	H110-T009417	シチズン エクシード 電波ソーラー H110-T009417 チタンモデル - メルカリ
11800	7S26-01VO	セイコー 7S26-01VO 自動巻き セイコー5 メンズ 腕時計 - メルカリ
26000	V175-0AD0	SEIKO ダイバーズ V175-0AD0　二次電池交換済 - メルカリ
16000	T354-2/2　y04236913-a	【稼働品】SEIKO クロノス　23石 手巻き　腕時計　シルバー　J14028 - メルカリ
12799	2976 AW006	Dr.Martens MONO サイドゴアブーツ チェルシーブーツ UK9 - メルカリ
20000	T106417A	TISSOT ティソ V8 クロノグラフ サファイアガラス 電池交換済 稼働品 - メルカリ
20000	JS38226A	lotus様専用JIL SANDER スリングバックポインテッドトゥパンプス36 - メルカリ
10000	T06234	kolor BEACON ブラック トレーナー - メルカリ
20100	HF0836-010	マ*ん様 キムタク　私物　Supremd Jordan パーカー　M - メルカリ
19990	501XX	リーバイス501(R) Selvedge Paint Splatters W34 - メルカリ
15000	251M40SP03	即完売 Dickies × MR.BROTHERS バーバーパンツ L ブラック - メルカリ
19800	K2505SP216	KAPITAL パッチワーク柄 イージー ショートパンツ 日本製 4 - メルカリ
12000	579-120204	【美品】マーガレットハウエル リネン混 ダブルブレストジャケット 背抜き M - メルカリ
24000	GE-P18-101	Ground Y ヴィンテージフラノ ラップパンツ　GE-P18-101 - メルカリ
19000	2304100 / 2306401 / BARGMAN TS / ATRIA2	極美品 22年♡セオリーリュクス セットアップ エグゼクティブ テーラード 38 - メルカリ
90000	2583.8	オメガ OMEGA シーマスター 300 デイト ダイバー 2583.80 - メルカリ
10000	No0476	Tonino Lamborghini トリプルカレンダー メンズ 時計 新品電池 - メルカリ
35000	242111	美品稼働✨ ハミルトン ベンチュラ H242111 ブラック文字盤 腕時計 - メルカリ
11000	PI-B031	あ*さ様 コムデギャルソンオムプリュス 綿ブロード レースアップシャツ ホワイト - メルカリ
22000	M65456 / 65456	ポンド様専用　Louis Vuitton ルイヴィトン　バーグシャンゼリゼ - メルカリ
18000	made in JAPAN	人気モデル GUCCI メタルフレーム GG0396S 001 - メルカリ
13400	OO9206-27 / 009206-27	オークリー レーダーロックパス ケース付Prizm Road OO9206-27 - メルカリ
9999	H058-T016553	【稼働・美品】CITIZEN シチズン xC クロスシー H058ピンク文字盤 - メルカリ
11500	7N35-600A	200m防水セイコー スキューバ 7N35-600A - メルカリ
90000	G36646	CHANEL シャネル ターンロック ローファー サイズ37 グレー シルバー - メルカリ
13490	BJ2-2142505JC	ケイタマルヤマ インターシャ ネイビー 長袖ニットセーター ユニセックス　M - メルカリ
11000	TF5398-F 052	TOM FORD メガネ TF5398-F 052 - メルカリ
15000	1B35-0AB0	SEIKO ルキア 1B35-0AB0 電波ソーラー コンビ レディース腕時計 - メルカリ
338000	H0968	【CHANEL】J12 H0968 白セラミック クォーツ 完品 極美品 - メルカリ
19000	T120.417.11.051.00	TISSOTシースタ− クロノグラフ【電池切れ間近】 - メルカリ
12000	OO9286A	美品オークリー　サーソー　プリズムゴルフ　国内正規品 - メルカリ
123000	54331	⭐︎Alden 54331 コードバン 8.5D　オールデン　vチップ⭐︎ - メルカリ
10000	HJ3847-010	外箱付 26cm NIKE AIR MAX 90 LV8 厚底 エア良好 ガム - メルカリ
15000	JMJL0914	美品 ニューバランス THE CITY セットアップ ストレッチ　洗える　グレー - メルカリ
65000	AK-10507D	桂由美 YUMI KATSURA カラードレス ウェディングドレス rp - メルカリ
9500	NP72131	THE NORTH FACE ブラックナイロンジャケット XL NP72131 - メルカリ
35000	RU15S4751-AR	rick owens 1B テーラード ジャケット 42 - メルカリ
9500	EH1788	【美品】Reebokポンプフューリー 香港返還モデル 27cm 限定カラー 復刻 - メルカリ
19800	02461 91235	❤️シャネル　サングラス　ココマーク べっ甲柄　02461 91235 - メルカリ
20000	KAS-18	お値下げ　金子眼鏡　KAS-18 創業昭和三十三年 - メルカリ
30000	M9821	美品　LOUIS VUITTON モノグラム　ベルト　LVバックル　m9821 - メルカリ
8000	RB4387F 126774 55	Ray-Ban サングラス　RB4387F 126774 55 - メルカリ
11500	1212A211-001	アシックス／ペダラ☆スニーカー レザー リボン ブラック コンフォート23.5 - メルカリ
9500	NF51997	【美品】THE NORTH FACE ベロシティ ニットミッド GORE-TEX - メルカリ
10000	5H25-6020	【新品電池/稼働】セイコー SCUBA クォーツ ダイバー デイト メンズ腕時計 - メルカリ
14800	RB4175 877/30	Ray-Ban　レイバン　サングラス　クラブマスター　付属品付き　RB4175 - メルカリ
20700	1B32-0AE0	SEIKO ルキア ソーラー電波 レディース 腕時計 1Pダイヤ 120 - メルカリ
19800	PP82-JT922	ほぼ綺麗☆ PLEATS PLEASE A-POC 黒ハイネックトップス L - メルカリ
11899	1128770	モンベル　サンダーパスジャケット　メンズ　ブラック　Lサイズ - メルカリ
14500	M68332	ルイヴィトン サンチュール クラシック エピ ブラック メンズ ベルト シルバー - メルカリ
8000	D507L	Onitsuka Tiger MEXICO レザー トリコロール 27cm - メルカリ
8800	924453-004	NIKE エア ヴェイパー マックス トリプルブラック 27.5㎝ - メルカリ
8900	GW0297	adidas YEEZY BOOST 700 ENFLAME AMBER 27 - メルカリ
21000	3526BL	【美品】スコッチグレイン 革靴 アシュランス 3526 内羽根 ブラック Q2 - メルカリ
10500	a0367-4750	STACCATO スタッカート メイジーパールプラットフォーム 23.5 - メルカリ
21900	5H23-6B90	【稼働/新品電池】SEIKO コンテンポラリー メンズ腕時計 全機能良好 希少 - メルカリ
12000	Y215PT11	YANTOR Sumi-Dyed 6ply Khadi Himo Pants - メルカリ
25000	V175-0AD0	セイコー V175-0AD0 プロスペックス ソーラー クロノ ダイバーズ 稼働 - メルカリ
8000	DZ-4290	DIESEL 時計 メガチーフ 黒文字盤 クロノグラフ 新品電池 y2k - メルカリ
12000	NP62135	Sサイズ ノースフェイス カモフラ マウンテンライトジャケット - メルカリ
8480	J567113	MERRELL メレル ジャングルモック レザー ブラック 26.5cm - メルカリ
17500	GM-2100G-1A9JF	美品/電池新品✨G-SHOCK GM-2100 ゴールド カシオーク 腕時計 - メルカリ
19980	CLG-PT019-005	希少 CHALLENGER チャレンジャー オリジナルナイロンパンツ ブラック - メルカリ
13800	2600 M / 6330-2512-A08	稼動品　オールド　グッチ　腕時計　レクタンギュラー　スクエア　白文字盤　レザー - メルカリ
18600	YD-D24-801	古着 Y's コットンワンピース ヨウジヤマモト ワンピース ワイズ - メルカリ
13500	H240-T1019081/EC1034-59W	美品⭐CITIZEN xC シチズン クロスシー ハッピーフライト 電波ソーラー - メルカリ
8900	RB2140	レイバン サングラス ウェイファーラー RB2140 ティファニーカラーブラック - メルカリ
10000	6038-L16274	シチズン インディペンデント - メルカリ
16400	STY85140FA25	patagonia メンズ・ボルダー・フォーク・レイン・ジャケット sサイズ - メルカリ
12000	OV5362	美品 オリバーピープルズ OV5362 Marret 有村架純 サングラス - メルカリ
8600	4207-01F0	セイコー5 自動巻き 4207-01F0 レディース 腕時計 デイデイト 稼働品 - メルカリ
11400	GG2419	y2k GUCCI sunglasses archive G logo 00 - メルカリ
9600	M-0565	【希少】OAKLEY eyepatch2 オークリー アイパッチ2 サングラス - メルカリ
8450	9613-S082510	新品電池✨稼働マーガレットハウエル 9613-S082510 腕時計 シルバー - メルカリ
13000	IC-TC22	COMME des GARCONS HOMME HOMME ロンT AD2001 - メルカリ
29000	3486	極美品✨レッドウィング ポストマンシューズ 3486キャリア ブラック - メルカリ
23000	KV-34	金子眼鏡　KV -34 VINTAGE - メルカリ
11000	SPR 53S	【 付属品付き 】 プラダ　サングラス　キャットアイ　メタルゴールド　ブラック - メルカリ
30000	656263	美品 バレンシアガ LOOP XXS ピアス シルバー BALENCIAGA - メルカリ
56980	8J86-7A00	【新品電池交換済】SEIKO CREDOR ゴールド文字盤 デイト メンズ - メルカリ
13000	IC-TC22	COMME des GARCONS HOMME HOMME ロンT AD2001 - メルカリ
29000	3486	極美品✨レッドウィング ポストマンシューズ 3486キャリア ブラック - メルカリ
9800	GG1126/F/S	✨美品✨ GUCCI GG1126 サングラス ウェブラインGGロゴイタリア製 - メルカリ
23000	KV-34	金子眼鏡　KV -34 VINTAGE - メルカリ
11000	SPR 53S	【 付属品付き 】 プラダ　サングラス　キャットアイ　メタルゴールド　ブラック - メルカリ
30000	656263	美品 バレンシアガ LOOP XXS ピアス シルバー BALENCIAGA - メルカリ
56980	8J86-7A00	【新品電池交換済】SEIKO CREDOR ゴールド文字盤 デイト メンズ - メルカリ
9500	H500-S061083	CITIZEN クロノグラフ 腕時計 - メルカリ
29500	US7	美品RED WINGレッドウィング ラインマン ブライアーオイルスリック 25 - メルカリ
17000	FQ8182-100	NIKE AIR MORE UPTEMPO '96 (2024) 27.5cm - メルカリ
29999	L08-5701	XJAPANサングラスLEMONeD レモネード hide - メルカリ
45000	SSVW191/1B32-0AR0	【SSVW191】SEIKO セイコー時計 ルキア ダイヤモンドベゼル☆極美品☆ - メルカリ
9800	TH4D4L	美品 オニツカタイガー コレソンロー 白 24.5 日本製 - メルカリ
23000	GST-B400-1AJF	【美品】G-SHOCK G-STEEL GST-B400-1AJF - メルカリ
	4206-5700	希少 稼動品 SEIKO 5 4206-5700 自動巻 セイコー 極美品 時計 - メルカリ
15000	2E20-7510	SEIKO セイコー ラサール ヴィンテージ レディース腕時計 バングルウォッチ - メルカリ
9500	2022SS	【URU】TASLAN NYLON / EASY PANTS - メルカリ
9999	RB4258F	【‼️美品‼️】セールRayBanレイバン RB4258F 601/19 啓之輔さん - メルカリ
8900	GMP3-S2079	GRAMICCI × ADAM ET ROPE 別注 ワイドテーパードパンツ L - メルカリ
12000	W2833	レイバン B&L W2833 ボシュロム レイバン サングラス ブラック　① - メルカリ
12000	R01-02004	COMOLI ベタシャンプルオーバーシャツ - メルカリ
8700	MS044	桃太郎ジーンズ『5oz.シャンブレーワークシャツ』Msize - メルカリ
180000	4522-8000	【稼働・美品】グランドセイコー 4522 ハイビート36000 手巻 メダリオン - メルカリ
50000	1M-P006	BLACK COMME des GARCONS 24ss エステル 切替パンツ - メルカリ
13500	T-110	泰八郎謹製 T-110 黒縁メガネ ケース付き 日本製 伊達可 - メルカリ
9500	GL37544	【再値下げ】 GOLD 東洋エンタープライズ ハワイアンシャツ アロハシャツ - メルカリ
13000	114876　1766 75 30	✨美品✨ GUCCI グッチ ベルト GG キャンバス インターロッキング - メルカリ
13000	RB 2132-F 901/58 3P	美品✨ RayBan RB2132F NEWWAYFARER 偏光 ブラック - メルカリ
17000	JN-SS24-020	junnakayamaフレアデニム NUBIANペイント加工ブーツカットL〜LL - メルカリ
14800	PP91FK313	プリーツプリーズPLEATS PLEASEイッセイミヤケプリーツバルーンカットソ - メルカリ
15800	AT3010-55E	シチズン　アテッサ　エコドライブ　クロノグラフ　軽量スーパーチタン　 電波時計 - メルカリ
25800	05976 94305	​極美品✨ CHANEL サングラス サイドココマーク パープルレンズ ブラック - メルカリ
12000	98B152	ブローバ BULOVA プレシジョニスト クォーツ デイト メンズ ジャンク - メルカリ
10000	10000	and wander アンドワンダー　シャツ　ノーカラー　AW93-FT042 - メルカリ
8100	7T32-6E40 / 022101	メンズ 腕時計 セイコー クロノグラフ 10BAR防水 ブラック文字盤 稼働品 - メルカリ
21000	02223AP01	ヒステリックグラマー リジットデニム ストレート バギーパンツ 32インチ - メルカリ
12000	23030208101010	【296】HARDY NOIR アルディーノアール ストライプ イージーパンツ - メルカリ
22500	BE011 ALMOND/L.BRN	美品 BLANC.. ブラン ウェリントン サングラス ベージュ BE011 - メルカリ
24000	MRG-7100BJ	と*シ様 G-SHOCK MRG-7100BJ 電波ソーラー - メルカリ
85000	Vinson　djcb	vanson×Calee djcb レザートラッカージャケット 36 - メルカリ
22500	PP23JK431	プリーツプリーズ変形トップス　PLEATS PLEASE - メルカリ
59000	1100-L	GUCCI チェンジベゼル 腕時計 Sサイズ ゴールド 箱付き 不動品 - メルカリ
10500	201	【美品】0201 桃太郎ジーンズ W31 スリムストレート - メルカリ
15000	GG0735S 001	専用です。極美品 グッチ サングラス GG0735S 001 完備品 黒 金 - メルカリ
11500	ORB2140F	Ray-Ban ウェイファーラー ブラックサングラス - メルカリ
30000	006M	TAG Heuer S/el セルシリーズ ユニセックス 【不動】 - メルカリ
8500	TF5284 071	美品 トムフォード TF5284 べっ甲 メガネ 伊製 - メルカリ
8980	CW2288-111	【定番】ナイキ エアフォース1 '07 ホワイト 27.5cm - メルカリ
89800	F-0559	KS キングセイコー　ファーストモデル　OH済　傷なし！　超美品！ - メルカリ
159800	43999	GS グランドセイコー　43999 クロノメーター　OH済　傷なし！　超美品！ - メルカリ
164800	6246-9001	GS グランドセイコー　6246-9001 CAP レア品OH済傷なし！超美品！ - メルカリ
18980	GBA-800EL-4AJR	カシオ 腕時計 メンズ エバーラストコラボ Gショック 赤 白 ボクシングカラー - メルカリ
10500	609048-092 / kn00989	【美品箱付 】NIKE エアマックス95 トリプルブラック 29cm - メルカリ
18500	J.H-007	ジョンハリソン J.HARRISON 自動巻 ダイバーズウォッチ J.H-007 - メルカリ
8440	318.0567.3	RADO ラドー ダイヤスター コンビ クォーツ 稼働品 318.0567.3 - メルカリ
60000	SDGZ001	セイコー　ブライツ　メカニカルクロノグラフ　SDGZ001 - メルカリ
32000	Z1955E	ルイヴィトン Z1955E サンセット グラディエント サングラス - メルカリ
8000	RB4165-F JUSTIN	Ray-Ban RB4165-F JUSTIN サングラス - メルカリ
15000	4130-9001	[美品]1975年製セイコーシャリオ駆動品 - メルカリ
27500	BEANIE47	ayame BEANIE 47 アヤメ ビーニー47 ブラック&ゴールド - メルカリ
9500	601/19	【人気モデル】Ray-Ban RB4259-F 601/19 サングラス - メルカリ
8000	NB32287	THE NORTH FACE TECHAIR SWEAT JOGGER PANT - メルカリ
25599	WMBLWOVS2A00029	美品 ラルフローレン シルク100% サテン ホルターネック y2k 激レア - メルカリ
12800	SILVER925	【美品】GUCCI 4面カット あずきチェーン 42.5cm SV925 希少品 - メルカリ
220000	A17313	BREITLING CHRONOMETER COLT A17331 - メルカリ
120000	SARB017	【実働】セイコー　アルピニスト　6R15-00E1 自動巻　希少　替ブレス付 - メルカリ
8000	24010912301010	ゆっぴ様専用　　スローブイエナ　ドライボクシージャケット - メルカリ
22860	02253AB06	【美品】ヒステリックグラマー DIZZY MILKY スタジャン L 赤 HYS - メルカリ
14000	CT8532-111	g*d様 【新品】NIKE AIR JORDAN 3 RETRO "Pure W - メルカリ
60000	Slim Straight	The Soloist. カートコバーンセットアップ 木村拓哉ＧＷ限定値下げ 。 - メルカリ
11520	102317-10-500-04-360	23SS ANAYI コットンメッシュ　ギャザーブルゾン 白 S 美品　アナイ - メルカリ
19000	TF5040 B5	【美品】トムフォード TF5040 B5 サングラス 52□20 140ブラック - メルカリ
10399	H110-T011331	【ツカ様専用】CITIZEN ATTESA ソーラー 箱付き 時計 稼働 - メルカリ
14280	1E20-6230	【希少・極美品】電池交換済 80年代 SEIKO ティセ ブレスウォッチ 箱保付 - メルカリ
10800	GST-210B	稼働 G-SHOCK 腕時計 GST-210B アナデジ ブラック 2845 - メルカリ
39800	SHAMAN FORK	I A ND I様専用　visvim FBT SHAMAN FORK 9.5 - メルカリ
8500	JL1041	JOHN LENNON ラウンドフレーム メガネフレーム - メルカリ
11900	L03-01003	o*n様 COMOLI コットンネルジャケット 1 黒 - メルカリ
18999	COM-510NT	【極美品】BJ CLASSIC COM-510NT 星野源さん着用 - メルカリ
14390	JW0109	adidas ワッフル トラック トップ JW0109 美品 3XL - メルカリ
10000	200-8989	極上 真紺！USA製 Lee 200-8989 W32 濃紺 毛羽立ち ザラ感 - メルカリ
190000	556.0116	【世界限定400本】Sinn 556 CarnelianRed 自動巻 - メルカリ
49800	BB26SS	BVLGARI ブルガリ 腕時計 ブラック文字盤 SS レディース - メルカリ
14000	9620-H13821	【付属品有 稼働】イヴサンローラン YSL メンズ腕時計 9620-H13821 - メルカリ
13700	77-251	ティムコ サイトマスター バレル ブラック 偏光サングラス タレックスレンズ内蔵 - メルカリ
15000	9040L	稼働　GUCCI 9040L レディース腕時計 ブラック文字盤 - メルカリ
8000	501XX	激レア】リーバイス 501xx Levi's キムタク着モデル ワッペン デニム - メルカリ
25200	100623	f*9様 CITIZEN ECO-DRIVE 時計 青緑 - メルカリ
34000	H20918C00007 8390T	MONCLER Tシャツ スタッズロゴ ホワイト RFID 定価65,800円 - メルカリ
15000	WINS442	も*や様 Carhartt 金ボタン 極上フェード スペシャル 雰囲気抜群 レザ - メルカリ
10000	DQ8426-060	NIKE Air Jordan 1 Mid "27cm - メルカリ
38400	5500L	【稼働/付属品完備】フェンディ　ダイヤインデックス　デュアルタイム　腕時計 - メルカリ
13600	GM202-50614B	Graphpaper グラフペーパー S/S バンドカラープルオーバーシャツ - メルカリ
10100	MP-Y05-007	c*様 Y’s for men コットンジャケット ブラック - メルカリ
9000	MK-6789	稼働品 MICHAEL KORS 腕時計 ラインストーン MK-6789 箱付き - メルカリ
8790	CT2858-001	NIKE AIRFORCE 1 GTX ANTHRACITE GORE-TEX - メルカリ
12400	501070-2	専用 美品 MANA 厚底 レースアップ レザー シューズ 黒 501070 - メルカリ
36300	VW-3055 9294	【稼働/新品電池】ヴィヴィアンウエストウッド　トランプ　ドクロ　腕時計　メンズ - メルカリ
13800	E-22101	美品 EEL Products バッカーズジャケットS ブラウン E-22101 - メルカリ
12000	1100	MOTO　moto レースアップ ブーツ　1100　ブラウン　　サイズ2 - メルカリ
11300	382354	3冠シーズン スナイデル期 インテル10-11ホームユニフォームM フルパッチ - メルカリ
15880	4N20-1060	【新品電池 稼動】SEIKO エクセリーヌ シェル文字盤 ブレスウォッチ QZ - メルカリ
24500	R208 e02247865-k	【稼働品】SEIKO セイコーマチック 33石 自動巻き 腕時計 ヴィンテージ - メルカリ
8700	DG708S	Dolce & Gabbana DG708S サングラス ブラック フルセット - メルカリ
9800	4206-0510	稼働 美品 セイコーファイブ レディース腕時計 4206-0510 自動巻き 白 - メルカリ
10000	1183B874-103 / 18700	Onitsuka Tiger オニツカタイガー デレシティー 26 《美品》 - メルカリ
8000	NT52927	ノースフェイス アルパインライトパンツ NT52927 XL ブラック 美品 - メルカリ
49800	X01-03019	COMOLI カナパドローストリングパンツ サイズ1 23SS - メルカリ
36300	VW-3055 9294	【稼働/新品電池】ヴィヴィアンウエストウッド　トランプ　ドクロ　腕時計　メンズ - メルカリ
13800	E-22101	美品 EEL Products バッカーズジャケットS ブラウン E-22101 - メルカリ
12000	1100	MOTO　moto レースアップ ブーツ　1100　ブラウン　　サイズ2 - メルカリ
11300	382354	3冠シーズン スナイデル期 インテル10-11ホームユニフォームM フルパッチ - メルカリ
15880	4N20-1060	【新品電池 稼動】SEIKO エクセリーヌ シェル文字盤 ブレスウォッチ QZ - メルカリ
24500	R208 e02247865-k	【稼働品】SEIKO セイコーマチック 33石 自動巻き 腕時計 ヴィンテージ - メルカリ
8700	DG708S	Dolce & Gabbana DG708S サングラス ブラック フルセット - メルカリ
9800	4206-0510	稼働 美品 セイコーファイブ レディース腕時計 4206-0510 自動巻き 白 - メルカリ
10000	1183B874-103 / 18700	Onitsuka Tiger オニツカタイガー デレシティー 26 《美品》 - メルカリ
8000	NT52927	ノースフェイス アルパインライトパンツ NT52927 XL ブラック 美品 - メルカリ
49800	X01-03019	COMOLI カナパドローストリングパンツ サイズ1 23SS - メルカリ
10000	M1906RG	ニューバランス M1906RG スニーカー 29.0 - メルカリ
11000	JB0998	カーハート デニムジャケット 裏地ブランケット トラッカージャケット 3XL - メルカリ
22500	SNKA05K	[マルキュー様専用] セイコーパイロット・セイコー5 2本セット - メルカリ
8500	GA44-24M003	かぐれ アーバンリサーチ コットンクロップドパンツ ブラック - メルカリ
16600	GM-2100-1AJF	美品/電池新品✨G-SHOCK GM-2100 シルバー カシオーク 腕時計 - メルカリ
45000	L1S151200032S0003	STONE ISLAND STRETCH COTTON TELAシャツジャケット - メルカリ
9600	RB4258F	美品　RayBanレイバン RB4258F 601/19 啓之輔 - メルカリ
9000	GM201-40082B	Graphpaper(グラフペーパー) ストレッチ タイプライター クックパンツ - メルカリ
12563	232849　212956  85 34	✨ 激レア✨GUCCIベルト インターロッキング  ゴールド　 ブラック - メルカリ
130200	25-03707M	中*一様 sacai × Levi's Denim x Nylon リバーシブル - メルカリ
9900	402429012000	【希少】アディダスオリジナルス デニム切替 ボンバージャケット Mサイズ - メルカリ
70000	RM192M NPN HHY14W	国内正規品 ルイヴィトン フルモノグラム スウェット2019AW美品 希少モデル - メルカリ
10900	D46-154-4	Christian Dior バギラ D46-154 ゴールド 腕時計　ジャンク - メルカリ
9500	AA626	BURBERRY BLACK LABEL デニムジャケット Gジャン - メルカリ
29980	FZ0841	【美品】MARGIELA×REEBOK TABI PUMPFURY US10.5 - メルカリ
30400	short derby	A*.様 NORIEI short derby コードバン 43 - メルカリ
18800	H122110	HAMILTON ベントン クォーツ 伸縮ブレス コンビカラー 新品電池 稼働 - メルカリ
16100	1183B787	希少！美品！ オニツカタイガー REBILAC RUNNER MP 28.5 - メルカリ
22700	9521-5210	セイコー ドルチェ 2Pダイヤ　メンズ　腕時計　ゴールド　 ヴィンテージ 稼働 - メルカリ
10000	ID0478	adidas SAMBA OG W アディダス　サンバ - メルカリ
21200	U600-T011497	動作良好✨シチズン アテッサ ソーラー 腕時計 メンズ ワールドタイム U600 - メルカリ
11200	CZ9084-001	ま*ゃ様 ステューシー × ナイキ エアフォースワンロー27センチ トリプルブラ - メルカリ
17000	G9HG4T/FS52K	DOLCE&GABBANA HOODED PULLOVER JACKET - メルカリ
8000	862216 / 862217	希少　廃盤品　美品　PUMA プーマ　 ジャージ上下　セットアップ　Y2K L - メルカリ
20000	5221.01	GaGa MILANO マヌアーレ 5221.01 PGP スターダスト - メルカリ
8500	RS-52135	大きいサイズ ラッセルノ Russeluno ルチャ 覆面 パーカー ゴルフ L - メルカリ
12000	7N01-0BR0	【美品/電池交換済】SEIKO　腕時計　新品ベルト　ゴールド　クォーツ　セイコー - メルカリ
17000	CB1020-54A	【くまぞう様専用】シチズン クロスシー XC CB1020-54A - メルカリ
10000	T231　y04160585-a	【稼動品】セイコー アベニュー ムーンフェイズ 腕時計 6F34-6000 - メルカリ
36500	VW-0079	希少✨Vivienne Westwood 腕時計 ハート オーブ シルバー 箱付 - メルカリ
12800	RN139488	【美品】mnml ダメージ加工 ストレッチ スキニー デニム 29 ミニマル - メルカリ
13500	414962-105 / kn01119	【美品】NIKE エアモアアップテンポ UNIVERSITY 26.5cm - メルカリ
39999	B5000D	CASIO G-SHOCK GMW-B5000D-1JF 電波ソーラー シルバー - メルカリ
10000	M80659	ルイヴィトンカップ サングラス M80659 ケース付 - メルカリ
87500	Ref. 2501.31	オメガの「シーマスター 120m」（Seamaster 120m） - メルカリ
28900	H804-T018696 / 018696	【美品/稼働】CITIZEN エコドライブ H804-T018696 腕時計 - メルカリ
13500	5170	CROCKETT&JONES ロウンズ ダブルモンクスエード ブラウン - メルカリ
8666	10-503	トゥルーレリジョン JOEY ブーツカット デニム 栄光商事 正規品 USA製 - メルカリ
57000	T120407A	TISSOT シースター1000 パワーマティック80 Silicium 自動巻 - メルカリ
11600	H240-T020291	【稼働】シチズン クロスシー ハッピーフライト ピンクゴールド ソーラー電波 - メルカリ
25880	E168-S111501	極美品　CITIZEN Eco-Drive ダイバーズウォッチ 200m - メルカリ
12800	AR4473-100	ナイキ　エアマックス95 ERDL PARTY 26.5cm - メルカリ
20000	HA-0001 / 022-5-CCM-RL	Polo ポロバイラルフローレン バルマカーンコート ステンカラーM ライナー - メルカリ
27000	G209U8G00007 809F4	【美品】MONCLER FRGMT スター パーカー S - メルカリ
10500	GA-B2100-2AJF	CASIO G-SHOCK カシオ Gショック GA-B2100-2A - メルカリ
8000	8514-144-0001	コンテ シンメトリータックパンツ - メルカリ
26400	0215033119-690d362.34	✨美品・新品電池✨サンローラン 腕時計 クォーツ ラウンド ムーンフェイズ 日付 - メルカリ
13000	8055307	BURBERRY ブラック Tシャツ Lサイズ - メルカリ
10240	Razor slim fit	【限定】DENHAM デンハム RAZOR MIJ リペア加工 シリアル入り - メルカリ
45000	Y03-01010 / 90800	COMOLI 縮絨ウール ミリタリージャケット size3 - メルカリ
8100	555088-701	AIRJORDAN JORDAN1 POLLEN 27.5 ジョーダン1 パラン - メルカリ
28000	AW24BRENJK01AK	The Ennoy Professional SHELL JACKET - メルカリ
9280	8139-B 504/13	【期間限定値下げ】BVLGARI 8169-B 504/13 サングラス - メルカリ
15000	5143-A	美品✨️希少カラー　CHANEL サングラス バイカラー ココマーク - メルカリ
27400	ES1034-55A	美品動作良_CitizenExceedEuros35周年記念モデル_ソーラー電波 - メルカリ
9500	GH-1422	【ビンテージ スカジャン】白虎 ヨコスカ JAPAN サテン 白✕黒 ドルマン袖 - メルカリ
8320	OR-0012	Orobianco オロビアンコ レッタンゴラ トノー型 デイ 新品電池 稼働 - メルカリ
11000	RB2140	木村拓哉さん着用モデルと同型！レイバン ウェイファーラー RB2140F 黒 - メルカリ
42000	X01-02017	COMOLI リネンWクロスプルオーバーシャツ size3 - メルカリ
11900	Y950-5060 / 032414	稼働品 SEIKO ALBA メンズ 腕時計 アラームクロノグラフ シルバー - メルカリ
8100	GE_FR0604PF	FIRMUM コットン ヘヴィータイプライター スーパーワイドシルエットパンツ - メルカリ
15000	870165-002	希少 AIRMAX96XX US10 - メルカリ
10500	J-705550-144	2024　CLANE×KIJIMA TAKAYUKI スカーフ6PANELハット - メルカリ
25000	U990BB6	New Balance U990 V6 "Triple Black" - メルカリ
12000	7731-5150	【稼働/新品電池】SEIKO DOLCE スクエア メンズ腕時計 クォーツ - メルカリ
19000	HL-B004	アーカイブ AD2003 コムデギャルソンオム 異素材切り替え 田中オム - メルカリ
84800	SBGX053	Grand Seiko SBGX053 白文字盤 - メルカリ
9000	A22C-09PT01C	マーカウェア　カーゴパンツ - メルカリ
10800	467206	【稼働品】Mercedes-Benz メンズ腕時計 デイト SWISS クォーツ - メルカリ
35000	5740-8000	【美品/稼働】セイコー ロードマーベル 5740-8000 自動巻き 腕時計 - メルカリ
13999	WB-B006	【名作】JUNYA WATANABE MAN リフレクター切替 ストライプシャツ - メルカリ
23500	Puerto47 PBK 47 22-145 / 42000	EYEVAN サングラス　ブラック Puerto 47 アイバン - メルカリ
29800	6400L	新品電池交換/極美品/稼働 グッチ 6400L ホースビット クォーツ シルバー - メルカリ
14000	BMSGFYJE0102BK	ADER ERROR アーダーエラー TRS TAG JEANS BLACK - メルカリ
11000	03-2204102-048-038	theory luxe ノーカラージャケット Kelin リネン 黒 38 美品 - メルカリ
28500	3447JM R	良品】カナダグース ジャスパー グラファイト Mサイズ 3447JM グリフィン - メルカリ
41280	L6.122.2	739 ロンジン　L6.122.2 シェル　ラウンド　腕時計　美品 - メルカリ
18200	K01-02013	COMOLI コモリ ベタシャンスキッパー半袖シャツ ブラック - メルカリ
15000	HP55JF451	オムプリッセ 消しプリーツパンツ サイズ3 BASICS HP55JF451 - メルカリ
27000	Z0339U	Louis Vuitton アティテュードパイロット Z0339U ゴールド - メルカリ
21800	PT-115	【美品】MITTAN 竹パンツ 草木染 炭 ワイド イージー サイズ2 - メルカリ
11000	S-10T	名作フォーナインズ　999.9 S-10t チタン　メガネ - メルカリ
18180	1CL857	【稀少・美品】CONVERSE ADDICT ジャックパーセル 人気モデル - メルカリ
8200	RB3025	【美品】レイバン RB3025 アビエーター ティアドロップ 58 - メルカリ
12000	TF595-F	TOM FORD Eric-02 サングラス ブラック - メルカリ
22999	M8395E	【極美品】ルイヴィトン モノグラム LVトランク ブレスレット M8395E - メルカリ
16800	ES8000-59W	✴美品稼働品 シチズン エクシード ダイヤ18P 白蝶貝 電波ソーラー 16.5 - メルカリ
8500	size - xs	Dries Van Noten 半袖ニット - メルカリ
35000	H68551933	GWセール ハミルトン カーキフィールド クォーツ H68551933 おまけ付 - メルカリ
9000	4N21-5190	セイコー スピリット レディース腕時計 スクエア ゴールド 新品電池 動作確認済 - メルカリ
70000	S95.206E	【希少】美品TAG Heuer プロフェッショナルシリーズ　電池交換済 - メルカリ
38000	1E70-2050	極美品/18K金コンビ セイコー クレドール 1E70-2050 ラグ装飾 稼働 - メルカリ
15000	S03-03004	COMOLI コットンサテンドローストリングパンツ - メルカリ
36000	GM-B2100GD-9AJF	G-SHOCK　GM-B2100GD-9AJF 　フルメタルゴールド - メルカリ
39980	GWF-1000-1JF	【美品】CASIO G-SHOCK フロッグマン GWF-1000-1JF - メルカリ
14000	1E20-0430	稼働 希少極美品 SEIKO ゴールド ルビー ブレスレット 腕時計 クォーツ② - メルカリ
20000	MIL-J-82790J	ALPHA 迷彩MA-1フライトジャケット 型番:MIL-J-82790J XL - メルカリ
8700	RGM32107	Romeo Gigli 腕時計 【型番:RGM32107】 スカル文字盤 - メルカリ
8800	BB550WWW	ニューバランスの「550」シリーズ（型番：BB550WWW） - メルカリ
18200	K01-02013	COMOLI コモリ ベタシャンスキッパー半袖シャツ ブラック - メルカリ
15000	HP55JF451	オムプリッセ 消しプリーツパンツ サイズ3 BASICS HP55JF451 - メルカリ
27000	Z0339U	Louis Vuitton アティテュードパイロット Z0339U ゴールド - メルカリ
21800	PT-115	【美品】MITTAN 竹パンツ 草木染 炭 ワイド イージー サイズ2 - メルカリ
11000	S-10T	名作フォーナインズ　999.9 S-10t チタン　メガネ - メルカリ
18180	1CL857	【稀少・美品】CONVERSE ADDICT ジャックパーセル 人気モデル - メルカリ
8200	RB3025	【美品】レイバン RB3025 アビエーター ティアドロップ 58 - メルカリ
12000	TF595-F	TOM FORD Eric-02 サングラス ブラック - メルカリ
22999	M8395E	【極美品】ルイヴィトン モノグラム LVトランク ブレスレット M8395E - メルカリ
16800	ES8000-59W	✴美品稼働品 シチズン エクシード ダイヤ18P 白蝶貝 電波ソーラー 16.5 - メルカリ
8500	size - xs	Dries Van Noten 半袖ニット - メルカリ
35000	H68551933	GWセール ハミルトン カーキフィールド クォーツ H68551933 おまけ付 - メルカリ
9000	4N21-5190	セイコー スピリット レディース腕時計 スクエア ゴールド 新品電池 動作確認済 - メルカリ
70000	S95.206E	【希少】美品TAG Heuer プロフェッショナルシリーズ　電池交換済 - メルカリ
38000	1E70-2050	極美品/18K金コンビ セイコー クレドール 1E70-2050 ラグ装飾 稼働 - メルカリ
15000	S03-03004	COMOLI コットンサテンドローストリングパンツ - メルカリ
36000	GM-B2100GD-9AJF	G-SHOCK　GM-B2100GD-9AJF 　フルメタルゴールド - メルカリ
39980	GWF-1000-1JF	【美品】CASIO G-SHOCK フロッグマン GWF-1000-1JF - メルカリ
14000	1E20-0430	稼働 希少極美品 SEIKO ゴールド ルビー ブレスレット 腕時計 クォーツ② - メルカリ
8500	57111231	ヤヌーク Trick Really Light ボーイズストレート LEA - メルカリ
12000	3503	【美品】COLE HAAN コールハーン ピンチ ペニーローファー 03503 - メルカリ
11000	M2002RXB	ニューバランス　NEW BALANCE M2002RXB GORE－TEX - メルカリ
29700	542023	バレンシアガ　BALENCIAGA track 26.5ブラック グレー レッド - メルカリ
10500	7B42-0AK0	【電波ソーラー、美品】SEIKO　セイコー　コンビ　7B42-0AK0 - メルカリ
109800	H10911A00050549ML	⭐︎良品⭐︎MONCLER モンクレール　VESSILL サイズ2 - メルカリ
8000	7S26-3040	【2000年製】SEIKO 5 自動巻き 7S26-3040 黒文字盤 完動品 - メルカリ
10000	417413	AV4043 SALOMON XT-6 EXPANSE 417413 - メルカリ
10800	SILVER925	【美品】✨GUCCI✨ GGロゴ ネックレス 50cm SILVER925 - メルカリ
29800	MR993GR	NewBalance MR993GR グレー 28.5cm USA製 美品 - メルカリ
11000	DBC-630	【新品電池/稼働】カシオ DBC-630 データバンク テレメモ メンズ 腕時計 - メルカリ
8500	162-6006-0	【美品】LIZ LISA リズリサ ローズリボン柄 ワンピース ピンク 姫ギャル - メルカリ
10000	M6716E	ルイヴィトン　ダミエ　アンフィニ　ブラスレ　チェックイット　ブレスレット ブルー - メルカリ
9500	OO9188-08	Oakley（オークリー）Flak 2.0 XL 箱無し - メルカリ
29900	AQ3692 004	Nike Air Force 1 Low パラノイズ3.0 ピースマイナスワン - メルカリ
13850	2023 SS	値下げ The Ennoy Professional ナイロンショーツ XL - メルカリ
10000	162050C	コンバース チャックテイラー オールスター 70 77-YK2605-18 - メルカリ
49000	M0149	ルイヴィトン メンズ ネックレス モノグラム ロウ LV シルバー - メルカリ
11000	D05385	G-Star RAW D-Staq 3D Slim W32 L32 ブラック - メルカリ
12000	GAA6-23M001	25AW かぐれ コットンシルクシアーフーディシャツ オフホワイト - メルカリ
19700	8064881	Burberry バーバリー チェック ネルシャツ 8064881 Mサイズ - メルカリ
12500	SNK361	【稼働品】SEIKO 5 セイコー5 自動巻き 7S26-01V0 裏スケブルー - メルカリ
17300	TF972 K 01A	TOM FORD サングラスTF972 K 01A アジアンモデル - メルカリ
48800	B1000B	カシオ G-SHOCK MTG-B1000B-1AJF - メルカリ
24000	H124510	【新品電池 稼働】HAMILTON バグリー H124510 クォーツ スモセコ - メルカリ
9000	CF4741-99	現行品　ラコステ ストライプクロップドシャツ 長袖シャツジャケットブラウス　美品 - メルカリ
120000	2019SS	ディオール 19SS フラワー刺繍 総柄 シルク シアー ボンバージャケット - メルカリ
26091	7912-222-0058	美品★ブラミンク 25SS コットン ジップ パーカー ロゴ刺繍 ホワイト0 - メルカリ
33000	7X52-0AK0	SEIKO ASTRON 7X52-0AK0 - メルカリ
10300	AR2210-410	NIKE ナイキ ナイロンジャケット ウィンドブレーカー - メルカリ
40000	GPW-2000-1A2	G-SHOCK GRAVITYMASTER GPW-2000 - メルカリ
19400	GST-W300G-1A9JF	美品✨G-SHOCK GST-W300G 電波ソーラー ゴールド メンズ腕時計 - メルカリ
12900	TF4079-F 8163-3C	ティファニー　TF4079-F 8163-3C 美品 - メルカリ
23000	B117-T000908TA	シチズン プロマスターエコドライブ ソーラー チタン腕時計 - メルカリ
18000	TF9 692	トムフォード サングラス ホイットニー Whitney TF9 692 ブラウン - メルカリ
49800	F900-T021531	【付属品】シチズン　アテッサ　サテライトウェーブ　腕時計　F900 動作未確認 - メルカリ
22000	GWN-1000B	【稼働/新品電池】カシオ　ジーショック　ガルフマスター　ソーラー　腕時計　メンズ - メルカリ
65000	180	【美品・ツリー付】J.M.WESTON ローファー 180 ダークブラウン 6D - メルカリ
19800	PP64-JJ425	プリーツプリーズ イッセイミヤケ　希少サイズ4 着こなしが映える - メルカリ
8500	GW-M5610	G-SHOCK GW-M5610　本体のみ - メルカリ
9999	LF33113461	TOM FORD TF 0345 サングラス ケース付き - メルカリ
10300	HW006	極美品　ハンティングワールド クロノグラフ quartz 腕時計 - メルカリ
9500	CZ3589-100	RERDYMADEレディメイド×NIKE BLAZER MID 26.5 - メルカリ
8500	U2002RBL	New Balance 2002R ローカットスニーカー - メルカリ
8400	US517-0003	【USA製】00s Levi's 517 W30 真紺　希少US517-0003 - メルカリ
15450	01450 94305	【極美品】シャネル サングラス マトラッセ ココマーク 黒 金 ケース付 - メルカリ
10000	7S26-03B0	稼働品　セイコー5　自動巻き時計　7S26-03B0　裏スケルトン　ブラック - メルカリ
48900	MTG-B1000D-1AJF	CASIO G-SHOCK MTG-B1000D-1AJF 腕時計　カシオ - メルカリ
71820	CC4004-58E/F950-T024521	シチズン アテッサ エコ・ドライブ GPS ブラックチタン CC4004-58E - メルカリ
8000	SL621 005	ゆう様専用⭐︎SAINT LAURENT サンローラン メガネフレーム 正規品 - メルカリ
9100	ML5086	MONCLER モンクレール メガネ ML5086 003 BLACK 黒 - メルカリ
30500	6915552A3	STONE ISLAND ニット　ワインレッド - メルカリ
11999	L242APQCO0439AA	【本日限定価格】　ARKLEY PUFF SLEEVE - メルカリ
8910	C300-T009603	シチズン 不動 プロマスター アナデジ　腕時計 C300-T009603　メンズ - メルカリ
14980	A8SB01GL	【AURALEE】LINEN GABARDINE OVER SHIRTS - メルカリ
17000	OCW-60	稼働　CASIO　OCEANUS　OCW-60　シェル文字盤 ダイヤベゼル - メルカリ
63000	M02225 / OB5204	LOUIS VUITTONルイヴィトンネックレス M02225 シルバー メンズ - メルカリ
12000	HP6770	ほぼ未使用NEIGHBORHOOD × adidas ADIMATIC 黒グレー - メルカリ
9500	16-5406005	Helmut Lang 16ss ワイドレッグスラックス フリンジ フレアパンツ - メルカリ
16000	34331	《美品》フォクシー 9.6万 ウールニットツインセット アンサンブル グレージュ - メルカリ
8000	1012B753	asics GEL-NIMBUS27 レディースシューズ 24.5cm - メルカリ
12000	14573001	【極美品・箱付き】Dr.Martens ADRIAN タッセルローファー UK7 - メルカリ
10800	BMW35-002-02	BURBERRY BLACK LABEL 半袖シャツ モノグラム総柄 ホースロゴ - メルカリ
32800	DURHAM	クロケットアンドジョーンズ　uチップ　25cm - メルカリ
42000	24-03333M	【SACAI】24SS Jacquard Knit Cardigan - メルカリ
10380	2810700093 / 1034256	美品✨フランクアンドアイリーン 定番EILEEN ストライプ シャツ 大きめ - メルカリ
12000	25138	パタゴニアPatagonia R2ジャケット　ブルー　Lサイズ - メルカリ
9999	HQ1056	アディダスバイステラマッカートニー Court 厚底スニーカー　ホワイト24cm - メルカリ
12000	OO9206-26	OAKLEY オークリー レーダーロック パス サングラス　ブルー/ホワイト - メルカリ
8000	1F20-00B0	【電池交換済】 WAKO レディース腕時計 1F20-00B0 新品ベルト - メルカリ
8000	RB 2140-F	Ray-Ban Wayfarer RB 2140-F ブラック - メルカリ
28000	8680-4	新品電池 ツェッペリン 腕時計 メンズ 日本限定クロノグラフ 100周年記念 - メルカリ
10680	f12281872421	ポリスPOLICE ボガートラインVogart Line サングラス アイウエア - メルカリ
16000	A00P01DM	AURALEE HARD TWIST DENIM 5P PANTS - メルカリ
9400	BE0001	美品✨DOLCE&GABBANA レザーベルト イタリア製 バックロゴロゴ 黒色 - メルカリ
15800	300DS330-1770	【美品】ENFOLD サマーダブルクロスノーカラージャケット ブラック 38 - メルカリ
15000	501-0660	Levi’s 501 USA製 W32 L30 ブラック デニム ボタンフライ - メルカリ
75000	FC-310MC5B6	フレデリックコンスタント（FC-310MC5B6） - メルカリ
18900	114876	レア グッチ インターロッキング シルバー レザー パイソン ブラック - メルカリ
47000	24-03338M	24ss sacai Chalk Stripe Jacket サイズ1 - メルカリ
12000	5517-299-0894	UNITED ARROWS DAISUKE OBANA I D/SL TEE - メルカリ
11000	GM233-50021B	Graphpaper Shirt グラフペーパー ボタンダウン シャツ - メルカリ
48000	SBDJ065	セイコー SBDJ065 プロスペック ダイバースキューバ ソーラー 時計 - メルカリ
25000	C03-02001	COMOLI コモリ 25AW コモリシャツ ホワイト サイズ3 - メルカリ
14999	5421-H04732	【希少】 YSL イヴサンローラン 黒文字盤 レクタンギュラー　稼動品 - メルカリ
64800	1AAEBX	美品 ルイヴィトン プール ピロー ミュール モノグラム サンダル 38 - メルカリ
10500	DC0774-200	美品 ナイキ ウィメンズ エアジョーダン1 ロー シャドウブラウンモカ 27.5 - メルカリ
21600	SBTM217	生産終了モデル SEIKO SBTM217 電波ソーラー チタン 黒文字盤 - メルカリ
14100	N-22724	極稀少 ニバダ モザイク オパール文字盤 シルバー スクエア 4石 クォーツ - メルカリ
11000	8T63-00D0	美品/SEIKO CHRONOGRAPH メンズ/8T63-00D0 駒有 - メルカリ
30300	Z01-02005	R*y様 K*U様 24SS COMOLI (コモリ) レーヨン オープンカラー - メルカリ
11000	GM233-50021B	Graphpaper Shirt グラフペーパー ボタンダウン シャツ - メルカリ
48000	SBDJ065	セイコー SBDJ065 プロスペック ダイバースキューバ ソーラー 時計 - メルカリ
25000	C03-02001	COMOLI コモリ 25AW コモリシャツ ホワイト サイズ3 - メルカリ
14999	5421-H04732	【希少】 YSL イヴサンローラン 黒文字盤 レクタンギュラー　稼動品 - メルカリ
64800	1AAEBX	美品 ルイヴィトン プール ピロー ミュール モノグラム サンダル 38 - メルカリ
10500	DC0774-200	美品 ナイキ ウィメンズ エアジョーダン1 ロー シャドウブラウンモカ 27.5 - メルカリ
21600	SBTM217	生産終了モデル SEIKO SBTM217 電波ソーラー チタン 黒文字盤 - メルカリ
14100	N-22724	極稀少 ニバダ モザイク オパール文字盤 シルバー スクエア 4石 クォーツ - メルカリ
11000	8T63-00D0	美品/SEIKO CHRONOGRAPH メンズ/8T63-00D0 駒有 - メルカリ
30300	Z01-02005	R*y様 K*U様 24SS COMOLI (コモリ) レーヨン オープンカラー - メルカリ
15000	SILVER925	【極美品】✨GUCCI インターロッキングGG LARGE 50cm Ag925 - メルカリ
35000	S0640	トシ様専用 ☆極美品 S0640 ティファニー 時計 アトラス ラウンド - メルカリ
8500	HW-918	y*m様 ハンティングワールドオーシャンブリー型番HW-918 クォーツ - メルカリ
13000	BRG241M66	【美品】ブリーフィング ゴルフ ポロシャツ 迷彩 ホワイトL BRIEFING - メルカリ
8980	F335-T010482 TA	ポールスミス ファイブアイズ 青文字盤 箱付き - メルカリ
23100	RNB-5500	k*u様 児島ジーンズ　2ndデニムジャケット 21oz　L - メルカリ
8200	2177	リーガル|コインローファー|2177|黒|25.5EE|i1883 - メルカリ
48000	A24AP02DH	【AURALEE】SELVEDGE FADED HEAVY DENIM - メルカリ
8500	EK-1350XHA	kapital 5G ウール 3×3リブ ハンティングニットCAP 完売品 - メルカリ
35500	MTAT22A4858-L	【GWセール】TATRAS BOMOS ブラック size3 正規品 - メルカリ
8500	WFS4001RMA	HUNTER ブラック 長靴 UK5 24cm - メルカリ
13000	2221-910	LAD MUSICIAN 21AW MONK STRAP HEEL SHOES - メルカリ
10000	51CAR03	TROVE 18SS ドレープショートガウンシャツ DRAPE COEUR - メルカリ
8200	21-SS-011	✨美品✨ CULLNI 21SS アシンメトリーサイドベルトシャツ グリーン 1 - メルカリ
62800	SBSA223	SEIKO 55周年記念 初代5スポーツ復刻限定モデル3年保証付✨️新品未使用品✨️ - メルカリ
25000	bo-24s-p02	barbell object knee pt バーベルオブジェクト　2 - メルカリ
11900	1245-NOJ	GRAMICCI グラミチ ナローショートパンツ - メルカリ
22000	ZNLS0003-50	ZOCALO ヘリンボーン ネックレス M 50cm シルバー 美品 - メルカリ
27400	22-02846M	Sacai サカイ22AW Cotton Weather レイヤード - メルカリ
15500	DV0819-001	ナイキ エア モア アップテンポ '96 "コバルトブリス" 26.5cm - メルカリ
14800	RB3569	Ray-Banサングラス+タレックス偏光レンズ - メルカリ
26100	si1dl0002 s54946	T*M様 Maison Margiela ストライプシャツ - メルカリ
105000	SBXC003	【GW限定特別お値下げ中！】SBXC003 5X53-0AB0 アストロン - メルカリ
21490	DS15S9228-F	【即購入OK】RICK OWENS ダークダスト サイズXS ブラウン - メルカリ
31000	995.706K	稼働 TAG Heuer タグホイヤー 995.706K 2000 メンズ - メルカリ
12100	03501-01	W36 リーバイス 501 コーンミルズ ヒゲ 03501-01 フィリピン - メルカリ
20000	CPBL01	✨美品✨完品✨KARL-LEIMON カルレイモン クラシックパイオニア ブルー - メルカリ
14200	SGP30-SS	【稼働/極美品】セイコー ドルチェ SGP30 リアルクロコベルト ゴールド - メルカリ
45800	SBEE00F	セイコー PROSPEX ダイバーズ ジウジアーロ SHIPS限定 - メルカリ
13500	K01-02013	COMOLI コモリ　ベタシャン スキッパー半袖シャツ　サイズ1 - メルカリ
23000	A3727	ジャブスアルキヴィオ 【干場義雅×菅原靴店 コラボ別注モデル】　ブラック　44 - メルカリ
16000	S79MU0026	ディースクエアード DSQUARED2⭐️ショートパンツ - メルカリ
21000	S74LB0748	ディースクエアード DSQUARED2⭐️SEXY TWIST - メルカリ
15300	6030-5550	【美品/稼働】SEIKO DOLCE 腕時計 6030-5550 ヴィンテージ - メルカリ
24800	5200M.1	【稼働/新品電池】グッチ　5200M ローマン　腕時計　黒文字盤　メンズ - メルカリ
39300	H32451641	【箱付/稼働/美品】ハミルトン ジャズマスター メンズ腕時計 クォーツ 青文字盤 - メルカリ
22999	MRG-110 / 03602	【希少 美品】CASIO　MRG-110T　初代フルメタル　チタン - メルカリ
9500	ARB0002AT	レイバン、型番 RB3447、サイズ 50 、 カラー 927533 - メルカリ
17000	32381	25cm Danner VERTIGO 917 ライトブラウン 美品 ダナー - メルカリ
8000	S030757	CITIZEN エコドライブ チタン クロノ H570-S030757 赤文字盤 - メルカリ
8900	2177	【名作】REGAL リーガル 2177 コインローファー ブラック 26.5cm - メルカリ
16800	98811	ジャランスリワヤ EDWARD タッセルローファー 98811 茶色 - メルカリ
8000	7731-5120	SEIKO Dolce 腕時計クオーツ - メルカリ
18000	U990GR4	【美品 箱付】New Balance 990v4 グレー25.5 U990GR4 - メルカリ
10000	FN-MN-SWEA000176	【美品】Acne Studios ネックロゴスウェット ブラック Mサイズ - メルカリ
34000	16384	【希少カラー】LEATHER & SILVER MOTO レザー - メルカリ
19800	Z01-03014	COMOLI 24ss KHAKIチノパンツ サイズ2 - メルカリ
68000	6552/864	OMEGA コンステレーションミニ クォーツ ローマン レディース腕時計 - メルカリ
9400	4620-E60957 Y / 022503284-681.27	✨美品・稼働✨サンローラン 腕時計 クォーツ ラウンド 白文字盤 Lサイズ - メルカリ
18800	GM212-40261	Selvage Wool Wide Tuck Chef Shorts ブラック - メルカリ
14500	BRM223M21	BRIEFING GOLF ブリーフィング ハーフパンツ ブラック Mサイズ - メルカリ
13500	FB8934-001	Supreme Nike Air Zoom Courtposite Black - メルカリ
40000	J14100	【稼働】セイコークラウンスペシャル 手巻 金張 SDダイヤル 金無垢インデックス - メルカリ
9720	1045-T023509	美品＊Paul Smith ポールスミス 腕時計 1995 復刻版 ゴールド - メルカリ
20900	2625-0010	SEIKO 2625-0010 セイコー レトロ 貴重 ダイバーズ オレンジ美品 - メルカリ
16000	SILVER925	【美品】✨GUCCI インターロッキングGG アラベスク LARGE Ag925 - メルカリ
21500	U991KK2	New Balance 991V2 Triple Black【28cm】 - メルカリ
8500	R01-BLK	カーハート オーバーオール ダブルニー R01 黒 32×30 - メルカリ
11100	BS231409 / AZPSYCHEDELICJQSJ	ボディソング × A2Z ジャガードシャツ 星チェーン ニコちゃん 刺繍 L - メルカリ
11000	240 / 91/36	ジョルジオアルマーニ　ベルト　パイソン　黒　シルバー - メルカリ
8900	7T92-0BS0	【美品/電池交換済】SEIKO　腕時計　クロノグラフ　デイト　クォーツ スモセコ - メルカリ
13100	5010 c.513/67	CHANEL サングラス ココマーク ブラック×イエロー レンズ 53□19 - メルカリ
11500	VP51-306	VEIN (ヴェイン) レーヨンサテン ワイドイージーパンツ サイズ2 日本製 - メルカリ
36000	CUMU0061A3 TW839	MARNI マルニ トロピカルウール シャツ ネイビー 46 - メルカリ
8500	NF52246	美品✨ THE NORTH FACE ベロシティ ニット GORE-TEX - メルカリ
18000	6020-5470	セイコー　不動　メンズ　スクエア　タンク　ローマン　ブラック　シルバー - メルカリ
27000	01-05022	COMOLI （コモリ)サマーウール 長袖クルー23SS サイズ3 - メルカリ
8200	80361350000	★良品★ナイジェルケーボン　ミリタリーカーゴパンツ　GROUND PANTS - メルカリ
10000	U993WS	ニューバランス 993 Sea Salt U993WS - メルカリ
12000	567106	GUCCI ブラックレザー スリッポン - メルカリ
20000	102KH-1001	＊KIYOKO HATA＊ ウェディングドレス - メルカリ
12000	1010-14350 / 10208	MAMMUT アウトドアジャケット　ゴアテックスPRO - メルカリ
13800	F9052	スコッチグレイン ストレートチップ F9052 24.5 EEE - メルカリ
11100	CQ3033	n*o様 adidas Stan Smith recon CQ3033 27.5 - メルカリ
40000	AT8181-71L	CITIZEN 限定モデル メンズ 電波 腕時計AT8181-71L - メルカリ
11500	26155519	【極美品】クラークス ワラビー ブラックスエード UK7.5 26.5cm - メルカリ
46900	2078P	epos エポス 2078P 懐中時計 スケルトン 手巻き タイムピース 稼働 - メルカリ
8000	BGA-2500-4AJF	【美品】Baby-G baby-g ☆電波ソーラー ☆ピンク ☆動作良好 - メルカリ
8400	CU0675-300	【美品】NIKE AIR MAX 90 クロコ柄×カーキカモ　28.5 迷彩 - メルカリ
9000	H060-T023894/ES9392-51W	美品 CITIZEN シチズン xC クロスシー 電波ソーラー時計 レディース - メルカリ
12000	CG3160	【希少】Y-3 KOZOKO HIGH 26.5cm BOOST搭載 黒 - メルカリ
9800	WFS2020RMA	HUNTER original play boot short 25㎝ - メルカリ
14000	PD-1661	新品同様⭐️稼働PAGANI DESIGN パガーニデザイン 自動巻腕時計 - メルカリ
28000	NJ0151-88M	値下最終日　CITIZEN TSUYOSAコレクション　美品 - メルカリ
32000	5A74-0020	18KT✨ クレドール クォーツ 腕時計 シルバー ゴールド SEIKO - メルカリ
45000	SBDL115	【美品】セイコー・プロスペックス・スピードタイマーSBDL115 - メルカリ
113500	2511.2	☆極美品 2511 20 オメガ シーマスター120 時計 ホワイト メンズ - メルカリ
9600	MF-1263	Masaki Matsushima マサキマツシマ メガネ MF-1263 - メルカリ
46000	18014521	【ティファニー】TIFFANY&Co. 時計 アトラス メンズモデル☆極美品☆ - メルカリ
23000	IS-J004 / 14751	COMME des GARCONS ブラック ジャンパー M - メルカリ
23500	MELROSE01	GENTLE MONSTER ジェントルモンスター MELROSE01 - メルカリ
28880	OCW-S2000	CASIO OCEANUS マンタ デイト チタン メンズ ソーラー電波 不動 - メルカリ
10000	t102010005	E932　TFW49　半袖ポロシャツ　COLLAR LESS POLO　黒　M - メルカリ
10499	V196CF CN	Vans V196CF CN Loafer ブラック 　ローファー　30cm - メルカリ
12690	EF2922	リーボック　インスタポンプフューリー　サンダル　28㎝ - メルカリ
19900	CL306030ER	美品✨カレンソロジー　レイヤードギャザーブラウス　ホワイト - メルカリ
11500	RB2140F	レイバンサングラスWAYFARERRB2140Fブラック ブラウングラデーション - メルカリ
9400	FCB85-425-09	美品 バーバリーロンドン テーラードジャケット 48 L レディース ブラック - メルカリ
8300	AB-0002010101	Aloha Blossom キスマークドット アロハシャツ サイズ40 ブラック - メルカリ
46900	2078P	epos エポス 2078P 懐中時計 スケルトン 手巻き タイムピース 稼働 - メルカリ
8000	BGA-2500-4AJF	【美品】Baby-G baby-g ☆電波ソーラー ☆ピンク ☆動作良好 - メルカリ
8400	CU0675-300	【美品】NIKE AIR MAX 90 クロコ柄×カーキカモ　28.5 迷彩 - メルカリ
9000	H060-T023894/ES9392-51W	美品 CITIZEN シチズン xC クロスシー 電波ソーラー時計 レディース - メルカリ
12000	CG3160	【希少】Y-3 KOZOKO HIGH 26.5cm BOOST搭載 黒 - メルカリ
9800	WFS2020RMA	HUNTER original play boot short 25㎝ - メルカリ
14000	PD-1661	新品同様⭐️稼働PAGANI DESIGN パガーニデザイン 自動巻腕時計 - メルカリ
28000	NJ0151-88M	値下最終日　CITIZEN TSUYOSAコレクション　美品 - メルカリ
32000	5A74-0020	18KT✨ クレドール クォーツ 腕時計 シルバー ゴールド SEIKO - メルカリ
45000	SBDL115	【美品】セイコー・プロスペックス・スピードタイマーSBDL115 - メルカリ
113500	2511.2	☆極美品 2511 20 オメガ シーマスター120 時計 ホワイト メンズ - メルカリ
9600	MF-1263	Masaki Matsushima マサキマツシマ メガネ MF-1263 - メルカリ
23000	IS-J004 / 14751	COMME des GARCONS ブラック ジャンパー M - メルカリ
23500	MELROSE01	GENTLE MONSTER ジェントルモンスター MELROSE01 - メルカリ
28880	OCW-S2000	CASIO OCEANUS マンタ デイト チタン メンズ ソーラー電波 不動 - メルカリ
10000	t102010005	E932　TFW49　半袖ポロシャツ　COLLAR LESS POLO　黒　M - メルカリ
10499	V196CF CN	Vans V196CF CN Loafer ブラック 　ローファー　30cm - メルカリ
12690	EF2922	リーボック　インスタポンプフューリー　サンダル　28㎝ - メルカリ
19900	CL306030ER	美品✨カレンソロジー　レイヤードギャザーブラウス　ホワイト - メルカリ
11500	RB2140F	レイバンサングラスWAYFARERRB2140Fブラック ブラウングラデーション - メルカリ
9400	FCB85-425-09	美品 バーバリーロンドン テーラードジャケット 48 L レディース ブラック - メルカリ
8300	AB-0002010101	Aloha Blossom キスマークドット アロハシャツ サイズ40 ブラック - メルカリ
30000	M4245TR	OurLegacy THIRDCUT Real Black ChainTwill - メルカリ
14000	0243AP16	kido takeru様専用 ヒステリックグラマー ダメージ 木村拓哉 野口強 - メルカリ
8500	57103072	YANUK　ヤヌーク　Lilith　リリス　24 デニムパンツ - メルカリ
30000	GBD-H2000-1AJR	カシオ　G-SHOCK　GBD-H2000 BRACK×ORANGE - メルカリ
20000	501XX	Levi's S501XX W34 L36 - メルカリ
8300	1021-00420	MammutTrekkers2.0Pants AF WomenXLasia - メルカリ
21500	6030	《美品》フォクシー 定価10万 ウォッシャブルVネックタックフレアワンピース - メルカリ
15999	357-01-56022	ヴィヴィアンウエストウッド レッドレーベル 変形 ワンピース アシメトリー - メルカリ
12500	oo9171-16	【廃盤レア】OAKLEY Racing jacket レーシングジャケット - メルカリ
16900	EF2561	フ*マ様 美品⭐︎タグ付✴︎Y-3 KAIWA EF2561✴︎オールブラック✴ - メルカリ
8200	578-0153612	【美品】マーガレットハウエル リネン ロングシャツ バンドカラー 春水色 М - メルカリ
17400	HJ4292-001	Nike エア ジョーダン ミュールWmns Air Jordan Mule - メルカリ
8000	RB3016 W0366	Ray-Ban CLUBMASTER RB3016 W0366 美品 - メルカリ
9000	MF-1242	【美品】MF-1242 マサキマツシマ MasakiMatsushima メガネ - メルカリ
21000	8J81-6A30	セイコー　クレドール　SEIKO Credor 腕時計 ゴールド　メンズ - メルカリ
13400	3006	1980's Dior クリスチャンディオール ユニセックス 新品電池 箱付き - メルカリ
60000	SARY105	限定7000本　SARY105 seiko presage セイコープレサージュ - メルカリ
9000	SS37472	SUN SURF サンサーフ アロハシャツ S 総柄 黒 ブラック - メルカリ
33800	DA1472-300	希少モデル　ナイキ　エアマックスプラス　シュプリーム 　DA1472-300 - メルカリ
22500	S126081	＊桃太郎ジーンズ インディゴ 百虎 リネン アロハシャツ 日本製 40 - メルカリ
8000	1183B874	Onitsuka Tiger スニーカー - メルカリ
28800	SAGA251	セイコー ブライツ SAGA251 - メルカリ
16000	0842-8050	希少 1975年製 SEIKO セイコー 0842-8050 メンズ 新品電池 - メルカリ
15300	27786 SP19	廃盤/超希少　Patagonia テズロン・ジャケット　men's M SP19 - メルカリ
16300	40255 SP22	美品⭐︎Patagonia 　R1エア・フルジップ・フーディ　SP22 - メルカリ
20000	H246-T024688/EC1165-51W	美品 箱付 シチズン xC チタニウム 電波ソーラー時計 ハッピーフライトモデル - メルカリ
10000	FV3286	adidas SUPERSTAR 金ベロ 天然皮革 厚底 26.5 - メルカリ
15000	S-846T	【美品✨】フォーナインズ メガネ S-846T チタン ハーフリム ブラウン - メルカリ
24000	V145-0CC0	SEIKO プロスペックス ダイバー ソーラー 200m防水 - メルカリ
175000	7996	66年 TUDOR 7966 デカ薔薇 プリンスオイスターデイト メンズ 自動巻 - メルカリ
15000	SBTR029 8t67-00c0	SEIKO クロノグラフ　文字盤アイスブルー 【美品】【稼働品】 - メルカリ
11500	IM41KN517	ISSEY MIYAKE ボートネック ドルマンスリーブ ニット プルオーバー - メルカリ
19400	PRT-420	美品✨ CASIO プロトレック ハンティングワールド PRT-420 チタン - メルカリ
19200	PP63-JT573	【PLEATS PLEASE プリーツプリーズ】プルオーバー ボーダー 3 - メルカリ
27000	8C7C600 8390T	【極美品】モンクレール　センタービッグ　メタル系ロゴ　ワッペン付　tシャツ - メルカリ
23000	UCM595	PRADA poplin dress shirt - メルカリ
9900	08501-0198	リーバイス 08501-0198 USA w34 ヒゲ ハチノス - メルカリ
11400	9000M 086-657	【稼働品】　グッチ クォーツ 時計 9000M コンビ デイト ロゴ　GG - メルカリ
8000	RB 2140F	Ray-Ban Wayfarer RB 2140F 901 ブラック - メルカリ
8000	1183A872	【Onitsuka Tiger】MEXICO66 SD クリーム/紫 24cm - メルカリ
10600	5P31-5D40	美品 1987年製SEIKO セイコー シャリオ メンズ 新品電池/ベルト - メルカリ
102000	H70405130	美品　ハミルトン　マーフ38mm - メルカリ
8000	03595 / 000364	90s BALENCIAGA ウールスラックス ワイドストレート archive - メルカリ
8000	NB81306	極美品 THE NORTH FACE パンツ ナイロン アウトドア ブラック M - メルカリ
14800	AT3034-57E	シチズン クロノグラフ　エコドライブ　ジャパネットコラボ　電波時計　20気圧防水 - メルカリ
8750	PP63-JK101	PLEATS PLEASE／イッセイミヤケ　ノースリーブ 【中古】サイズ3 - メルカリ
70000	1339	Aldenオールデン1339 コードバン チャッカーブーツ　7 1/2D - メルカリ
12680	HQ3461-191	Nike エアフォース1 ホワイト シルバー グリッター ラメ 23cm - メルカリ
8700	RB2140-F　901 / 24000	Ray-Ban wayfarer ウェイファーラー ブラック サングラス - メルカリ
24999	010451GR2	2025 ヌキテパ Cotton Voile Stripe Waist ドレス - メルカリ
13000	5409M	美品 HOUSTON 米軍 M-51 フィッシュテールパーカー ブラック XXS - メルカリ
35000	110.0009.2 / 2060.14	美品✨グッチ ホースビット ローファー スエード 40E 25.5cm相当 - メルカリ
8000	CT8532-145	Nike Air Jordan 3 Retro Racer Blue27.5cm - メルカリ
14890	28150 SP17	極美品/廃盤/旧型　patagonia バギーズジャケット men's L - メルカリ
25000	23SAP-04-24H	ク*バ様 A.PRESSE | Washed Denim Pants E: サイ - メルカリ
8000	GUCCI	GUCCI Gリング 指輪 シルバー Ag925 リングサイズ17号 - メルカリ
8000	NB42371	THE NORTH FACE 　エンデュリストレイルショーツ　Mサイズ - メルカリ
9999	531-1240917	ADORE アドーア 2WAYニット×ストライプワンピース ジレ レイヤード - メルカリ
10000	PRG-130Y	カシオ プロトレック PRG-130Y メンズ腕時計 海外モデル 希少 動作良好 - メルカリ
8000	18S55	山内 フリーカット強撚ポンチTシャツ - メルカリ
9000	TF58 01A	✨TOM FORD トムフォード サングラス TF58 Cary 【美品】 ✨ - メルカリ
9090	NP22030	THE NORTH FACE コーチジャケット ナイロンジャケット L ブラック - メルカリ
14000	HP63JF165	オムプリッセ イッセイミヤケ プリーツパンツ ダークグリーン 2 - メルカリ
22000	ANC-PT59	ANCELLM AGING WIDE 5P DENIM PANTS / BLK - メルカリ
16200	STY 22975 FA22	【廃盤品】パタゴニア シンチラ カーディガン M ブラック - メルカリ
31500	1417	【ユニセックス】オメガ デヴィル オクタゴン 腕時計 ゴールド 1417 - メルカリ
15500	2002R	newbalance M2002RXD GORE-TEX 27.0cm - メルカリ
9600	GM223-50062B / 27500	Graphpaper グラフペーパー バンドカラーシャツ - メルカリ
19500	37567	美品★フォクシー 襟付き ノースリーブ フレアワンピース ストレッチ ピンク38 - メルカリ
13900	100071	Carhartt ダブルニー ペインターパンツ 30×30 メキシコ製 ベージュ - メルカリ
56800	Z0V0	付属完備✨ルイヴィトン タンブールホライゾン Z0V0 スマートウォッチ 訳あり - メルカリ
13500	FQ7860-002	美品　NIKEナイキ　AirMaxDn8 エアマックスDn8　30cm　ブラック - メルカリ
8500	501XX	LEVI'S PREMIUM 501 BigE w31 濃紺 ダークインディゴ - メルカリ
17300	EC1144-51W	✨極美品✨CITIZEN シチズン クロスシー ソーラー ピンクゴールド - メルカリ
15800	BBG221M11	美品 BRIEFING GOLF 3Dロゴパーカーグレー S BBG221M11 - メルカリ
20000	EQB-501DB-2AJF	【CASIO】箱付き美品！EDIFICE EQB-501DB-2AJF BLUE - メルカリ
27000	B01-05038 / 05038	ぽ*ち様 COMOLI コットンメッシュショーツ - メルカリ
17500	CONIC01	GENTLE MONSTER ジェントルモンスター CONIC01 サングラス - メルカリ
13800	10601-169-726-1 / 40915303	ウエストゴム✨COGTHEBIGSMOKE セミワイドトラウザーパンツ ブラック - メルカリ
9900	942450	PATRIC パトリック MARATHON マラソン 38 スズラン スニーカー - メルカリ
55000	665.706F	稼働 TAG HEUER 腕時計 プロフェッショナル 機械式 3301 - メルカリ
102000	H70405130	美品　ハミルトン　マーフ38mm - メルカリ
8000	03595 / 000364	90s BALENCIAGA ウールスラックス ワイドストレート archive - メルカリ
8000	NB81306	極美品 THE NORTH FACE パンツ ナイロン アウトドア ブラック M - メルカリ
14800	AT3034-57E	シチズン クロノグラフ　エコドライブ　ジャパネットコラボ　電波時計　20気圧防水 - メルカリ
8750	PP63-JK101	PLEATS PLEASE／イッセイミヤケ　ノースリーブ 【中古】サイズ3 - メルカリ
70000	1339	Aldenオールデン1339 コードバン チャッカーブーツ　7 1/2D - メルカリ
12680	HQ3461-191	Nike エアフォース1 ホワイト シルバー グリッター ラメ 23cm - メルカリ
8700	RB2140-F　901 / 24000	Ray-Ban wayfarer ウェイファーラー ブラック サングラス - メルカリ
24999	010451GR2	2025 ヌキテパ Cotton Voile Stripe Waist ドレス - メルカリ
13000	5409M	美品 HOUSTON 米軍 M-51 フィッシュテールパーカー ブラック XXS - メルカリ
35000	110.0009.2 / 2060.14	美品✨グッチ ホースビット ローファー スエード 40E 25.5cm相当 - メルカリ
8000	CT8532-145	Nike Air Jordan 3 Retro Racer Blue27.5cm - メルカリ
14890	28150 SP17	極美品/廃盤/旧型　patagonia バギーズジャケット men's L - メルカリ
25000	23SAP-04-24H	ク*バ様 A.PRESSE | Washed Denim Pants E: サイ - メルカリ
8000	GUCCI	GUCCI Gリング 指輪 シルバー Ag925 リングサイズ17号 - メルカリ
8000	NB42371	THE NORTH FACE 　エンデュリストレイルショーツ　Mサイズ - メルカリ
9999	531-1240917	ADORE アドーア 2WAYニット×ストライプワンピース ジレ レイヤード - メルカリ
10000	PRG-130Y	カシオ プロトレック PRG-130Y メンズ腕時計 海外モデル 希少 動作良好 - メルカリ
8000	18S55	山内 フリーカット強撚ポンチTシャツ - メルカリ
9000	TF58 01A	✨TOM FORD トムフォード サングラス TF58 Cary 【美品】 ✨ - メルカリ
9090	NP22030	THE NORTH FACE コーチジャケット ナイロンジャケット L ブラック - メルカリ
14000	HP63JF165	オムプリッセ イッセイミヤケ プリーツパンツ ダークグリーン 2 - メルカリ
22000	ANC-PT59	ANCELLM AGING WIDE 5P DENIM PANTS / BLK - メルカリ
16200	STY 22975 FA22	【廃盤品】パタゴニア シンチラ カーディガン M ブラック - メルカリ
31500	1417	【ユニセックス】オメガ デヴィル オクタゴン 腕時計 ゴールド 1417 - メルカリ
15500	2002R	newbalance M2002RXD GORE-TEX 27.0cm - メルカリ
9600	GM223-50062B / 27500	Graphpaper グラフペーパー バンドカラーシャツ - メルカリ
19500	37567	美品★フォクシー 襟付き ノースリーブ フレアワンピース ストレッチ ピンク38 - メルカリ
13900	100071	Carhartt ダブルニー ペインターパンツ 30×30 メキシコ製 ベージュ - メルカリ
56800	Z0V0	付属完備✨ルイヴィトン タンブールホライゾン Z0V0 スマートウォッチ 訳あり - メルカリ
13500	FQ7860-002	美品　NIKEナイキ　AirMaxDn8 エアマックスDn8　30cm　ブラック - メルカリ
8500	501XX	LEVI'S PREMIUM 501 BigE w31 濃紺 ダークインディゴ - メルカリ
17300	EC1144-51W	✨極美品✨CITIZEN シチズン クロスシー ソーラー ピンクゴールド - メルカリ
15800	BBG221M11	美品 BRIEFING GOLF 3Dロゴパーカーグレー S BBG221M11 - メルカリ
20000	EQB-501DB-2AJF	【CASIO】箱付き美品！EDIFICE EQB-501DB-2AJF BLUE - メルカリ
27000	B01-05038 / 05038	ぽ*ち様 COMOLI コットンメッシュショーツ - メルカリ
17500	CONIC01	GENTLE MONSTER ジェントルモンスター CONIC01 サングラス - メルカリ
13800	10601-169-726-1 / 40915303	ウエストゴム✨COGTHEBIGSMOKE セミワイドトラウザーパンツ ブラック - メルカリ
9900	942450	PATRIC パトリック MARATHON マラソン 38 スズラン スニーカー - メルカリ
55000	665.706F	稼働 TAG HEUER 腕時計 プロフェッショナル 機械式 3301 - メルカリ
12480	903J	サンプル級 UES Gジャン 903J 2 ウエス デニム ジーンズ - メルカリ
19800	H392510	美品 HAMILTON バリアント シェル文字盤 ローマン レディース腕時計 - メルカリ
10600	1220-0300 / SE600	SEIKO エクセリーヌ スクエア レディース 腕時計 ブラック文字盤 ゴールド - メルカリ
10900	1F21-0AJ0	新品電池 稼働品 SEIKO EXCELINE 腕時計 クォーツ レディース - メルカリ
9700	1E20-6190	電池交換済 SEIKO セイコー オーバル ビジュー 1E20-6190 白 - メルカリ
30000	8875	良品 レッドウイング 8875 犬タグ復刻 赤茶　アイリッシュセッター 28.5 - メルカリ
39800	2HC248	PRADA プラダ バケットハット ナイロン 2HC248 キャップ 帽子 - メルカリ
24580	1E20-0660	【美品・電池交換済】セイコー 2連バングル レディース ヴィンテージ - メルカリ
10800	NPM-21	999.9 NPM-21 黒 日本製 正規 美品 メガネ - メルカリ
17000	GW-P07-100	Ground Y DROP HIP PANTS ヨウジヤマモト　グラウンドワイ - メルカリ
35200	BU1176	【新品電池 希少廃盤】 バーバリー エングレーブド ブレスウォッチ 幾何学模様 - メルカリ
12000	X000007746	ARC'TERYX ARC'Multi Bird Logo LS 白 L ロンT - メルカリ
40100	Q03-01006	オ*ス様 comoli 1st Gジャン デニムジャケット インディゴ - メルカリ
8500	V338-6020	【極美】 SEIKO ALBA V338-6020 1988年 ムーンフェイズ - メルカリ
198000	AR4.810	アルソー GM HERMES エルメス 腕時計 レザーベルト 時計 ブラック - メルカリ
12800	500249_4522552244573	MERRELL MOAB 3 SYNTHETIC MID GTX® - メルカリ
13800	NN-F4454	rig リグ サンダル BAWAKA nonnative ノンネイティブ 9 - メルカリ
13500	L47270100	SALOMON XA PRO 3D V9 GORE-TEX 27cm - メルカリ
10000	AMGS259508	の*り様 【美品】DEVICE レザースニーカー グレー 26.5cm - メルカリ
56666	11/12	GUCCI チェンジベゼルウォッチ ベゼル6個付 - メルカリ
13700	ST.499	stein DOUBLE WIDE TROUSERS - メルカリ
13000	524039 W2FA5 6900	【美品】BALENCIAGA　バレンシアガ　TripleS スニーカー　22.5 - メルカリ
8000	DP-B034	コムデギャルソン HOMME DEUX 無地 長袖シャツ L ピンク - メルカリ
10500	S79GC0026	DSQUARED2 ICON イブラヒモビッチ ロゴプリント半袖Tシャツ - メルカリ
11000	AD1996	コムデギャルソン ウール100% ニット セーター 黒 AD1996 厚手 - メルカリ
11100	1071720010 / MADE IN JAPAN	極美品✨️junhashimoto 16CM BIAS PANT スラックス 黒 - メルカリ
22000	5606-7010	【稼働/新品ベルト】セイコー　ロードマチック　25石　腕時計　ヴィンテージ - メルカリ
15000	m4878	Tricker'sサイドゴアブーツ 7.5 山田蓮　東洋エンタープライズgold - メルカリ
13000	DZ-4459	《超美品 稼働品》 ディーゼル メガチーフ メンズ腕時計 クロノグラフ クオーツ - メルカリ
8000	STY57021	【希少カラー】パタゴニア バギーズショーツ Sサイズ イエロー 2020年製 - メルカリ
30000	PM 0706	グッチ GG アンカーチェーン ブレスレット シルバー トム・フォード期 - メルカリ
35000	7915102WN	STONE ISLAND ストーンアイランド ガーメントダイ 後染め ジャケット - メルカリ
10900	C34798 / 34798	【美品】 コールハーン グランドプロ トップスピン ホワイト 26.5cm - メルカリ
8000	9FIFTY	ダウンタウンコラボNew Era ベースボールキャップ レア　ニューエラ - メルカリ
8900	VW-7043N	ヴィヴィアンウエストウッド 腕時計 VW-7043N オーブ シルバー 稼動品 - メルカリ
158000	2351-304-0010-9100	インボイス付★クロムハーツCROSS SML Wボロチップ - メルカリ
8500	S71LA0507	美品　DSQUARED　ディースクエアード　イタリア製ダメージデニムパンツ - メルカリ
19999	GST-W110D-1A9JF	G-SHOCK GST-W110D タフソーラー ブラック ゴールド - メルカリ
14800	6145 40	ヴィンテージ ダンヒル サングラス 6145 Dunhill 極美品 彫金 - メルカリ
8000	GL28063	GOLD ストライプシャツ ボーダー ペイント 東洋エンタープライズ アナーキー - メルカリ
35000	H242112 / 242112	【美品/稼働品】ハミルトン ベンチュラ H242112 クォーツ 腕時計 - メルカリ
9500	RB3565 001/86	美品 Ray-Ban jack RB3565 サングラス ゴールド ブルー ① - メルカリ
90000	M68272	ルイヴィトン LOUIS VUITTON コリエ LVチェーンリンクス アブロー - メルカリ
16800	D0441FJM001	パパス 裏地アロハ リネン混　ブラックデニム カバーオール L相当 ロゴ刺繍 - メルカリ
8500	BL0151	STILL BY HAND ネイビー ジャケット 48 - メルカリ
10000	23AWCS04	【最終価格】定価39,600円　SUGARHILL AGED HOODIE - メルカリ
43500	99411	美品　パラブーツ　Paraboot REIMS ランス　ローファー　8 - メルカリ
9400	GD2273 / 7-340-3240620044-05-07	アディダスオリジナルス　リラックス　ワイドパンツ　バギーパンツ　GD2273 - メルカリ
20000	315	⭐️美品⭐️JOHNLOBB LEVAH　ジョンロブ　スニーカー　レヴァー - メルカリ
13700	BT4-010-70 / 37400	【未使用品】Paul Smith Dial Mini 腕時計 - メルカリ
10200		GUCCI グッチ　GG 1640/S E4W オーバル　グレーレンズ　ケース付 - メルカリ
11000	245-402	【希少/当時物】　LIZ LISA 薔薇総レース ジャンパースカートワンピース - メルカリ
17000	22-02NC	NEAT Chino Gray 22AW - メルカリ
23800	DC02AX686 CTDR2	[美品レア]ConversexDRKSHDWChuck70 DRKSTAR9.5 - メルカリ
12900	7T92-0MF0	【新品電池】 セイコー クロノ デイト スモセコ イエロー針 イエローステッチ - メルカリ
16900	1SMT23F	TAGLIATORE タリアトーレ エルボーパッチ 胡桃ボタン Lサイズ - メルカリ
8900	5E31-6A10	【希少/電池交換済】SEIKO　SPIRIT　HIGH STANDARD 腕時計 - メルカリ
50000	BB23SS	ブルガリ(BVLGARI) ブルガリブルガリ レディース 電池式 本体のみ - メルカリ
23080	9000L	極美品✨稼働 グッチ 9000L ブレスウォッチ ゴールド文字盤 デイト コンビ - メルカリ
11500	OO9206-06	希少 OAKLEY sunglasses 長渕剛 RADARLOCK BLACK - メルカリ
11200	GG1622/S	GUCCI グッチ サングラス GG1622/S シェリーライン べっ甲柄 - メルカリ
9000	L2823	Ray Ban サングラスB&L ボシュロム L2823 ヴィンテージ62 - メルカリ
28100	112	【希少/稼働品】GUCCI トワール 112 GG柄 シェル バングルウォッチ - メルカリ
23800	AT8040-57A	◆CITIZEN アテッサ AT8040-57A ソーラー電波・チタン - メルカリ
10000	AR7719-100	ナイキ AF1 Utility 白 26cm JUST DO IT - メルカリ
102000	H70405130	美品　ハミルトン　マーフ38mm - メルカリ
8000	03595 / 000364	90s BALENCIAGA ウールスラックス ワイドストレート archive - メルカリ
8000	NB81306	極美品 THE NORTH FACE パンツ ナイロン アウトドア ブラック M - メルカリ
14800	AT3034-57E	シチズン クロノグラフ　エコドライブ　ジャパネットコラボ　電波時計　20気圧防水 - メルカリ
8750	PP63-JK101	PLEATS PLEASE／イッセイミヤケ　ノースリーブ 【中古】サイズ3 - メルカリ
70000	1339	Aldenオールデン1339 コードバン チャッカーブーツ　7 1/2D - メルカリ
12680	HQ3461-191	Nike エアフォース1 ホワイト シルバー グリッター ラメ 23cm - メルカリ
8700	RB2140-F　901 / 24000	Ray-Ban wayfarer ウェイファーラー ブラック サングラス - メルカリ
24999	010451GR2	2025 ヌキテパ Cotton Voile Stripe Waist ドレス - メルカリ
13000	5409M	美品 HOUSTON 米軍 M-51 フィッシュテールパーカー ブラック XXS - メルカリ
35000	110.0009.2 / 2060.14	美品✨グッチ ホースビット ローファー スエード 40E 25.5cm相当 - メルカリ
8000	CT8532-145	Nike Air Jordan 3 Retro Racer Blue27.5cm - メルカリ
14890	28150 SP17	極美品/廃盤/旧型　patagonia バギーズジャケット men's L - メルカリ
25000	23SAP-04-24H	ク*バ様 A.PRESSE | Washed Denim Pants E: サイ - メルカリ
8000	GUCCI	GUCCI Gリング 指輪 シルバー Ag925 リングサイズ17号 - メルカリ
8000	NB42371	THE NORTH FACE 　エンデュリストレイルショーツ　Mサイズ - メルカリ
9999	531-1240917	ADORE アドーア 2WAYニット×ストライプワンピース ジレ レイヤード - メルカリ
10000	PRG-130Y	カシオ プロトレック PRG-130Y メンズ腕時計 海外モデル 希少 動作良好 - メルカリ
8000	18S55	山内 フリーカット強撚ポンチTシャツ - メルカリ
9000	TF58 01A	✨TOM FORD トムフォード サングラス TF58 Cary 【美品】 ✨ - メルカリ
9090	NP22030	THE NORTH FACE コーチジャケット ナイロンジャケット L ブラック - メルカリ
14000	HP63JF165	オムプリッセ イッセイミヤケ プリーツパンツ ダークグリーン 2 - メルカリ
22000	ANC-PT59	ANCELLM AGING WIDE 5P DENIM PANTS / BLK - メルカリ
16200	STY 22975 FA22	【廃盤品】パタゴニア シンチラ カーディガン M ブラック - メルカリ
31500	1417	【ユニセックス】オメガ デヴィル オクタゴン 腕時計 ゴールド 1417 - メルカリ
15500	2002R	newbalance M2002RXD GORE-TEX 27.0cm - メルカリ
9600	GM223-50062B / 27500	Graphpaper グラフペーパー バンドカラーシャツ - メルカリ
19500	37567	美品★フォクシー 襟付き ノースリーブ フレアワンピース ストレッチ ピンク38 - メルカリ
13900	100071	Carhartt ダブルニー ペインターパンツ 30×30 メキシコ製 ベージュ - メルカリ
56800	Z0V0	付属完備✨ルイヴィトン タンブールホライゾン Z0V0 スマートウォッチ 訳あり - メルカリ
13500	FQ7860-002	美品　NIKEナイキ　AirMaxDn8 エアマックスDn8　30cm　ブラック - メルカリ
8500	501XX	LEVI'S PREMIUM 501 BigE w31 濃紺 ダークインディゴ - メルカリ
17300	EC1144-51W	✨極美品✨CITIZEN シチズン クロスシー ソーラー ピンクゴールド - メルカリ
15800	BBG221M11	美品 BRIEFING GOLF 3Dロゴパーカーグレー S BBG221M11 - メルカリ
20000	EQB-501DB-2AJF	【CASIO】箱付き美品！EDIFICE EQB-501DB-2AJF BLUE - メルカリ
27000	B01-05038 / 05038	ぽ*ち様 COMOLI コットンメッシュショーツ - メルカリ
17500	CONIC01	GENTLE MONSTER ジェントルモンスター CONIC01 サングラス - メルカリ
13800	10601-169-726-1 / 40915303	ウエストゴム✨COGTHEBIGSMOKE セミワイドトラウザーパンツ ブラック - メルカリ
9900	942450	PATRIC パトリック MARATHON マラソン 38 スズラン スニーカー - メルカリ
55000	665.706F	稼働 TAG HEUER 腕時計 プロフェッショナル 機械式 3301 - メルカリ
12480	903J	サンプル級 UES Gジャン 903J 2 ウエス デニム ジーンズ - メルカリ
19800	H392510	美品 HAMILTON バリアント シェル文字盤 ローマン レディース腕時計 - メルカリ
10600	1220-0300 / SE600	SEIKO エクセリーヌ スクエア レディース 腕時計 ブラック文字盤 ゴールド - メルカリ
10900	1F21-0AJ0	新品電池 稼働品 SEIKO EXCELINE 腕時計 クォーツ レディース - メルカリ
9700	1E20-6190	電池交換済 SEIKO セイコー オーバル ビジュー 1E20-6190 白 - メルカリ
30000	8875	良品 レッドウイング 8875 犬タグ復刻 赤茶　アイリッシュセッター 28.5 - メルカリ
39800	2HC248	PRADA プラダ バケットハット ナイロン 2HC248 キャップ 帽子 - メルカリ
24580	1E20-0660	【美品・電池交換済】セイコー 2連バングル レディース ヴィンテージ - メルカリ
10800	NPM-21	999.9 NPM-21 黒 日本製 正規 美品 メガネ - メルカリ
17000	GW-P07-100	Ground Y DROP HIP PANTS ヨウジヤマモト　グラウンドワイ - メルカリ
35200	BU1176	【新品電池 希少廃盤】 バーバリー エングレーブド ブレスウォッチ 幾何学模様 - メルカリ
12000	X000007746	ARC'TERYX ARC'Multi Bird Logo LS 白 L ロンT - メルカリ
40100	Q03-01006	オ*ス様 comoli 1st Gジャン デニムジャケット インディゴ - メルカリ
8500	V338-6020	【極美】 SEIKO ALBA V338-6020 1988年 ムーンフェイズ - メルカリ
198000	AR4.810	アルソー GM HERMES エルメス 腕時計 レザーベルト 時計 ブラック - メルカリ
12800	500249_4522552244573	MERRELL MOAB 3 SYNTHETIC MID GTX® - メルカリ
13800	NN-F4454	rig リグ サンダル BAWAKA nonnative ノンネイティブ 9 - メルカリ
13500	L47270100	SALOMON XA PRO 3D V9 GORE-TEX 27cm - メルカリ
10000	AMGS259508	の*り様 【美品】DEVICE レザースニーカー グレー 26.5cm - メルカリ
56666	11/12	GUCCI チェンジベゼルウォッチ ベゼル6個付 - メルカリ
13700	ST.499	stein DOUBLE WIDE TROUSERS - メルカリ
13000	524039 W2FA5 6900	【美品】BALENCIAGA　バレンシアガ　TripleS スニーカー　22.5 - メルカリ
8000	DP-B034	コムデギャルソン HOMME DEUX 無地 長袖シャツ L ピンク - メルカリ
10500	S79GC0026	DSQUARED2 ICON イブラヒモビッチ ロゴプリント半袖Tシャツ - メルカリ
11000	AD1996	コムデギャルソン ウール100% ニット セーター 黒 AD1996 厚手 - メルカリ
11100	1071720010 / MADE IN JAPAN	極美品✨️junhashimoto 16CM BIAS PANT スラックス 黒 - メルカリ
22000	5606-7010	【稼働/新品ベルト】セイコー　ロードマチック　25石　腕時計　ヴィンテージ - メルカリ
15000	m4878	Tricker'sサイドゴアブーツ 7.5 山田蓮　東洋エンタープライズgold - メルカリ
13000	DZ-4459	《超美品 稼働品》 ディーゼル メガチーフ メンズ腕時計 クロノグラフ クオーツ - メルカリ
8000	STY57021	【希少カラー】パタゴニア バギーズショーツ Sサイズ イエロー 2020年製 - メルカリ
30000	PM 0706	グッチ GG アンカーチェーン ブレスレット シルバー トム・フォード期 - メルカリ
35000	7915102WN	STONE ISLAND ストーンアイランド ガーメントダイ 後染め ジャケット - メルカリ
10900	C34798 / 34798	【美品】 コールハーン グランドプロ トップスピン ホワイト 26.5cm - メルカリ
8000	9FIFTY	ダウンタウンコラボNew Era ベースボールキャップ レア　ニューエラ - メルカリ
8900	VW-7043N	ヴィヴィアンウエストウッド 腕時計 VW-7043N オーブ シルバー 稼動品 - メルカリ
158000	2351-304-0010-9100	インボイス付★クロムハーツCROSS SML Wボロチップ - メルカリ
8500	S71LA0507	美品　DSQUARED　ディースクエアード　イタリア製ダメージデニムパンツ - メルカリ
19999	GST-W110D-1A9JF	G-SHOCK GST-W110D タフソーラー ブラック ゴールド - メルカリ
14800	6145 40	ヴィンテージ ダンヒル サングラス 6145 Dunhill 極美品 彫金 - メルカリ
8000	GL28063	GOLD ストライプシャツ ボーダー ペイント 東洋エンタープライズ アナーキー - メルカリ
35000	H242112 / 242112	【美品/稼働品】ハミルトン ベンチュラ H242112 クォーツ 腕時計 - メルカリ
9500	RB3565 001/86	美品 Ray-Ban jack RB3565 サングラス ゴールド ブルー ① - メルカリ
90000	M68272	ルイヴィトン LOUIS VUITTON コリエ LVチェーンリンクス アブロー - メルカリ
16800	D0441FJM001	パパス 裏地アロハ リネン混　ブラックデニム カバーオール L相当 ロゴ刺繍 - メルカリ
8500	BL0151	STILL BY HAND ネイビー ジャケット 48 - メルカリ
10000	23AWCS04	【最終価格】定価39,600円　SUGARHILL AGED HOODIE - メルカリ
43500	99411	美品　パラブーツ　Paraboot REIMS ランス　ローファー　8 - メルカリ
9400	GD2273 / 7-340-3240620044-05-07	アディダスオリジナルス　リラックス　ワイドパンツ　バギーパンツ　GD2273 - メルカリ
20000	315	⭐️美品⭐️JOHNLOBB LEVAH　ジョンロブ　スニーカー　レヴァー - メルカリ
13700	BT4-010-70 / 37400	【未使用品】Paul Smith Dial Mini 腕時計 - メルカリ
11000	245-402	【希少/当時物】　LIZ LISA 薔薇総レース ジャンパースカートワンピース - メルカリ
17000	22-02NC	NEAT Chino Gray 22AW - メルカリ
23800	DC02AX686 CTDR2	[美品レア]ConversexDRKSHDWChuck70 DRKSTAR9.5 - メルカリ
12900	7T92-0MF0	【新品電池】 セイコー クロノ デイト スモセコ イエロー針 イエローステッチ - メルカリ
16900	1SMT23F	TAGLIATORE タリアトーレ エルボーパッチ 胡桃ボタン Lサイズ - メルカリ
8900	5E31-6A10	【希少/電池交換済】SEIKO　SPIRIT　HIGH STANDARD 腕時計 - メルカリ
50000	BB23SS	ブルガリ(BVLGARI) ブルガリブルガリ レディース 電池式 本体のみ - メルカリ
23080	9000L	極美品✨稼働 グッチ 9000L ブレスウォッチ ゴールド文字盤 デイト コンビ - メルカリ
11500	OO9206-06	希少 OAKLEY sunglasses 長渕剛 RADARLOCK BLACK - メルカリ
11200	GG1622/S	GUCCI グッチ サングラス GG1622/S シェリーライン べっ甲柄 - メルカリ
12000	VW-7043N	【稼働品】Vivienne Westwood レディース 腕時計 オーブ ピンク - メルカリ
9000	L2823	Ray Ban サングラスB&L ボシュロム L2823 ヴィンテージ62 - メルカリ
28100	112	【希少/稼働品】GUCCI トワール 112 GG柄 シェル バングルウォッチ - メルカリ
23800	AT8040-57A	◆CITIZEN アテッサ AT8040-57A ソーラー電波・チタン - メルカリ
56666	11/12	GUCCI チェンジベゼルウォッチ ベゼル6個付 - メルカリ
13700	ST.499	stein DOUBLE WIDE TROUSERS - メルカリ
13000	524039 W2FA5 6900	【美品】BALENCIAGA　バレンシアガ　TripleS スニーカー　22.5 - メルカリ
8000	DP-B034	コムデギャルソン HOMME DEUX 無地 長袖シャツ L ピンク - メルカリ
10500	S79GC0026	DSQUARED2 ICON イブラヒモビッチ ロゴプリント半袖Tシャツ - メルカリ
11000	AD1996	コムデギャルソン ウール100% ニット セーター 黒 AD1996 厚手 - メルカリ
11100	1071720010 / MADE IN JAPAN	極美品✨️junhashimoto 16CM BIAS PANT スラックス 黒 - メルカリ
22000	5606-7010	【稼働/新品ベルト】セイコー　ロードマチック　25石　腕時計　ヴィンテージ - メルカリ
15000	m4878	Tricker'sサイドゴアブーツ 7.5 山田蓮　東洋エンタープライズgold - メルカリ
13000	DZ-4459	《超美品 稼働品》 ディーゼル メガチーフ メンズ腕時計 クロノグラフ クオーツ - メルカリ
8000	STY57021	【希少カラー】パタゴニア バギーズショーツ Sサイズ イエロー 2020年製 - メルカリ
30000	PM 0706	グッチ GG アンカーチェーン ブレスレット シルバー トム・フォード期 - メルカリ
35000	7915102WN	STONE ISLAND ストーンアイランド ガーメントダイ 後染め ジャケット - メルカリ
10900	C34798 / 34798	【美品】 コールハーン グランドプロ トップスピン ホワイト 26.5cm - メルカリ
8000	9FIFTY	ダウンタウンコラボNew Era ベースボールキャップ レア　ニューエラ - メルカリ
8900	VW-7043N	ヴィヴィアンウエストウッド 腕時計 VW-7043N オーブ シルバー 稼動品 - メルカリ
158000	2351-304-0010-9100	インボイス付★クロムハーツCROSS SML Wボロチップ - メルカリ
8500	S71LA0507	美品　DSQUARED　ディースクエアード　イタリア製ダメージデニムパンツ - メルカリ
19999	GST-W110D-1A9JF	G-SHOCK GST-W110D タフソーラー ブラック ゴールド - メルカリ
14800	6145 40	ヴィンテージ ダンヒル サングラス 6145 Dunhill 極美品 彫金 - メルカリ
8000	GL28063	GOLD ストライプシャツ ボーダー ペイント 東洋エンタープライズ アナーキー - メルカリ
35000	H242112 / 242112	【美品/稼働品】ハミルトン ベンチュラ H242112 クォーツ 腕時計 - メルカリ
9500	RB3565 001/86	美品 Ray-Ban jack RB3565 サングラス ゴールド ブルー ① - メルカリ
90000	M68272	ルイヴィトン LOUIS VUITTON コリエ LVチェーンリンクス アブロー - メルカリ
16800	D0441FJM001	パパス 裏地アロハ リネン混　ブラックデニム カバーオール L相当 ロゴ刺繍 - メルカリ
8500	BL0151	STILL BY HAND ネイビー ジャケット 48 - メルカリ
10000	23AWCS04	【最終価格】定価39,600円　SUGARHILL AGED HOODIE - メルカリ
43500	99411	美品　パラブーツ　Paraboot REIMS ランス　ローファー　8 - メルカリ
9400	GD2273 / 7-340-3240620044-05-07	アディダスオリジナルス　リラックス　ワイドパンツ　バギーパンツ　GD2273 - メルカリ
20000	315	⭐️美品⭐️JOHNLOBB LEVAH　ジョンロブ　スニーカー　レヴァー - メルカリ
13700	BT4-010-70 / 37400	【未使用品】Paul Smith Dial Mini 腕時計 - メルカリ
11000	245-402	【希少/当時物】　LIZ LISA 薔薇総レース ジャンパースカートワンピース - メルカリ
17000	22-02NC	NEAT Chino Gray 22AW - メルカリ
23800	DC02AX686 CTDR2	[美品レア]ConversexDRKSHDWChuck70 DRKSTAR9.5 - メルカリ
12900	7T92-0MF0	【新品電池】 セイコー クロノ デイト スモセコ イエロー針 イエローステッチ - メルカリ
16900	1SMT23F	TAGLIATORE タリアトーレ エルボーパッチ 胡桃ボタン Lサイズ - メルカリ
8900	5E31-6A10	【希少/電池交換済】SEIKO　SPIRIT　HIGH STANDARD 腕時計 - メルカリ
50000	BB23SS	ブルガリ(BVLGARI) ブルガリブルガリ レディース 電池式 本体のみ - メルカリ
23080	9000L	極美品✨稼働 グッチ 9000L ブレスウォッチ ゴールド文字盤 デイト コンビ - メルカリ
11500	OO9206-06	希少 OAKLEY sunglasses 長渕剛 RADARLOCK BLACK - メルカリ
11200	GG1622/S	GUCCI グッチ サングラス GG1622/S シェリーライン べっ甲柄 - メルカリ
12000	VW-7043N	【稼働品】Vivienne Westwood レディース 腕時計 オーブ ピンク - メルカリ
9000	L2823	Ray Ban サングラスB&L ボシュロム L2823 ヴィンテージ62 - メルカリ
28100	112	【希少/稼働品】GUCCI トワール 112 GG柄 シェル バングルウォッチ - メルカリ
23800	AT8040-57A	◆CITIZEN アテッサ AT8040-57A ソーラー電波・チタン - メルカリ
10000	AR7719-100	ナイキ AF1 Utility 白 26cm JUST DO IT - メルカリ
51700	42309079	極美品 シャネル CHANEL サングラス 5517-A ココマーク ハート 黒 - メルカリ
57900	SBDC061	SEIKO プロスペックス SBDC061 ダイバー200m 自動巻 フルセット - メルカリ
31000	CTK-SLC	DEVOA 2019SS シルクリネン キャンバスコート ブラック サイズ2 - メルカリ
9000	414962-002	かん様専用！　　　　　　　【ナイキ】エアモア アップテンポ#624 - メルカリ
36800	TT11042	【美品・激レア】テーラー東洋 スーベニアジャケット／ベトジャン／Mサイズ - メルカリ
9000	2976MONO	ドクターマーチン　サイドゴア　チェルシーブーツ　2976MONO　UK6 - メルカリ
9500	F4238	フレッドペリー ストレッチ スキニー チノパン M ボルドー ロゴ刻印 - メルカリ
10000	3B51-0AE0	SEIKO セイコー 腕時計 ルキア 電波ソーラー ピンク文字盤　ゴールド - メルカリ
8000	343942	【美品/稼働】RADO ラドー DIASTAR ダイヤスター デイト 腕時計 - メルカリ
11000	FX0908	Y-3 スエード ハイカット スニーカー - メルカリ
19777	BURWOOD MET	★GW割引★美品★ Church’s 革靴　バーウッド　スタッズ　黒 - メルカリ
15100	1203A019-000	か*9様 ASICS GEL-LYTE III OG×atmos×Sean 28 - メルカリ
23000	472822 Y869L	サンローランパリ D02 M/SK-LW スキニーデニム 29 黒 2018 - メルカリ
18600	BA11775	極美品✨ ジーエイチバス リンカーン ビットローファー BA11775 26.5 - メルカリ
13000	X4C243	美品希少　エンポリオアルマーニ　EMPORIO ARMANI ドレスシューズ - メルカリ
45000	SBDY087	SEIKO セイコー プロスペックス ダイバースキューバ SBDY087 - メルカリ
8800	HF018J	BEAMS×LACOSTE　Wide Pants Slacks - メルカリ
8100	RB4165F	美品✨Ray-Ban レイバン RB4165F Justin 865/8S　偏光 - メルカリ
16000	PRW-6000	【稼働 美品】カシオ G-SHOCK プロトレック ソーラー 腕時計 ブラック - メルカリ
9000	A03261 400	NIKE ファントムビジョン　エリート　AG-PRO phantom - メルカリ
13000	421570	サンローラン コートクラシック スニーカー 421570 SL/06 ローカット - メルカリ
12000	10061	【希少】Timberlamd 6インチプレミアムブーツ　30cm　10061 - メルカリ
33000	604223 / 12426142	ALEXANDER McQUEEN クリスタル オーバーサイズ　シルバー　42 - メルカリ
14800	S72LB0436 S30685	DSQUARED2 Jennifer Jean S72LB0436 S30685 - メルカリ
22400	HW-B13-008	ヨウジヤマモトプールオム 重ね襟 レイヤード 長袖シャツ 黒 3 - メルカリ
9000	CTE-25S505	COOTIE T/C 5 Panel Cap パネル　キャップ　ブラック - メルカリ
12800	7N01-5020	『高級』『美品』セイコー ドルチェ 7N01-5020 ゴールド小石目文字盤 - メルカリ
12000	S-043W	Seacret Remedy/シークレットレメディ S-043W - メルカリ
20000	MMMK-443135	MUTA MARINE ムータマリン　ゴルフウェア　着用回数10回未満 - メルカリ
11200	TF641-K	美品！TOMFORD トムフォード　サングラス - メルカリ
8500	8T63-00D0	稼働　新品電池　SEIKO　CHRONOGRAPH　８T63　デイト　メンズ - メルカリ
42000	G29688	【正規品】美品 シャネル CHANEL ココマーク レザー スニーカー 35 黒 - メルカリ
10200	84030	24時間限定！！(破格) 00s パタゴニア パフボール　メンズ着用可 - メルカリ
24000	8J81-5020	新品ベルト✨SEIKO CREDOR クレドール 腕時計 8J81-5020 - メルカリ
31300	H10918G00051 809KR	【極美品】22SS モンクレール クルーネック・ スウェット ターコイズブルー - メルカリ
9800	7435729	TRAMAROSSA デニムジャケット - メルカリ
92000	44-9990	KSキングセイコー　44-9990 セカンド　OH済　傷なし！　超美品！ - メルカリ
20000	SWR049	Seiko Essentials SWR049　セイコー　腕時計 - メルカリ
30500	2700.2L	GUCCI グッチ 2700.2L 腕時計 ゴールド クォーツ - メルカリ
31111	CH2186	CHANEL チェーン付 ラウンド型メガネフレームCH2186 - メルカリ
21000	U1906LNT	New Balance 1906L “Black Suede” 28.0cm - メルカリ
9100	7T32-9000	稼働　セイコー　SEIKO SUS 7T32-9000 クロノグラフ - メルカリ
13000	A17C-14PT02C	MARKAWARE マーカウェア 1タック ワイドデニム バギー 2 - メルカリ
11000	SMU08U	miu miu サングラス SMU08U 付属品付 - メルカリ
11800	55027	希少 10年製 パタゴニア Gi III Pants ギパンツ L ベージュ - メルカリ
17750	V02 CHT	【激レア・USA製】2003年製 カーハート ダックベスト CHT XXLサイズ - メルカリ
109000	WAP2010	タグホイヤー　アクアレーサー　TAG Heuer　WAP2010 - メルカリ
16000	BU1101	稼働/新品電池 バーバリー メンズ腕時計 レクタンギュラー スモセコ 純正ベルト - メルカリ
37000	H647150	HAMILTON ハミルトン カーキ フィールド H647150 - メルカリ
12900	1221-5700	美品 セイコー レディース腕時計 レクタンレギュラー ゴールド 動作良好 - メルカリ
11500	EQW-T660	カシオ エディフィス EQW-T660 ソーラー電波 メンズ腕時計 動作良好 - メルカリ
9280	GG2419/N/S	GUCCI グッチ GG2419/N/S サングラス サイドロゴ ブラック - メルカリ
8999	7321-5410	【美品 新品電池交換済み】SEIKO ゴールド　オクタゴン　レディース　腕時計 - メルカリ
24000	C650-Q02144TA	【稼働】シチズン　プロマスター　ナビホーク　チタン　クロノグラフ　腕時計 - メルカリ
13000	4N20-1060	【稼働品】SEIKO EXCELINE セイコー エクセリーヌ クオーツ 腕時計 - メルカリ
24000	U1906LBN	New Balance ローファー U1906LBN ブラック 27.0cm - メルカリ
70000	T137.407.11.351.00	Tissot PRX Powermatic 80 アイスブルー 自動巻き - メルカリ
24000	KC0317	25AW 定価36,300円 ソングフォーザミュート　アディダス　トラックトップ - メルカリ
